0,-7.001139323,-6.901041667,-6.800130208,-6.700032552,-6.599934896,-6.49983724,-6.399739583,-6.299641927,-6.201171875,-6.101074219,-6.000976562,-5.900065104,-5.799967448,-5.699869792,-5.599772135,-5.499674479,-5.401204427,-5.301106771,-5.201009115,-5.100911458,-5,-4.899902344,-4.799804687,-4.699707031,-4.599609375,-4.501139323,-4.401041667,-4.300130208,-4.200032552,-4.099934896,-3.99983724,-3.901367187,-3.799641927,-3.702799479,-3.601074219,-3.500976562,-3.400065104,-3.299967448,-3.199869792,-3.099772135,-2.999674479,-2.901204427,-2.801106771,-2.701009115,-2.600911458,-2.498372396,-2.399902344,-2.299804687,-2.199707031,-2.099609375,-1.999511719,-1.901041667,-1.800130208,-1.700032552,-1.600748698,-1.49983724,-1.399739583,-1.299641927,-1.201171875,-1.101074219,-1.000976562,-0.900065104,-0.799967448,-0.699869792,-0.599772135,-0.499674479,-0.401204427,-0.299479167,-0.201009115,-0.100097656,0,0.100097656,0.200195312,0.300292969,0.400390625,0.498860677,0.598958333,0.699869792,0.799967448,0.900065104,1.00016276,1.100260417,1.200358073,1.298828125,1.398925781,1.499023437,1.599934896,1.700032552,1.800130208,1.89860026,2.000325521,2.098795573,2.198893229,2.298990885,2.399902344,2.5,2.600097656,2.700195312,2.800292969,2.900390625,2.998860677
449.7644653,-0.000016038,0.000197546,0.000049011,-0.000304355,-0.000173816,0.000554628,0.000021362,0.000375389,0.000149028,-0.000160176,0.000688772,-0.000133891,0.000095532,0.000042566,0.00016561,-0.000062163,-0.0000132,0.000506527,-0.000498878,0.00025844,0.000224545,0.000514098,0.00051403,0.000551556,-0.000198025,-0.000394556,-0.000034605,0.000179187,0.000303658,0.000394595,0.000398618,0.000792487,-0.000508106,0.000225535,-0.000386869,0.000201564,-0.000423292,0.000455274,0.000010299,0.000080079,0.000252459,-0.00033949,0.000066061,-0.000173626,0.000167304,0.000250621,0.00018518,-0.000037198,-0.000378417,0.0001304,0.000069651,0.000200503,-0.000081813,-0.000327085,0.000022889,0.000098714,-0.000512282,-0.000055949,-0.000377935,-0.000583318,0.000211673,-0.000124808,-0.000048553,-0.000748435,0.000648838,0.003884748,-0.001436998,0.000046753,-0.000267887,0.000425535,-0.000275296,0.000380038,-0.000091771,0.000432149,0.000121861,0.000200544,-0.000159493,-0.000154491,-0.000269306,0.000186747,0.00033663,0.000035275,-0.00009656,0.000458778,-0.000089515,-0.000011913,0.000452235,0.000202197,0.000286825,0.00028759,0.000429543,0.000038011,-0.000267328,0.000228842,0.000027455,-0.000026939,0.000072866,-0.000122833,-0.000095733,0.000376372,-0.000174401
450.3443909,0.000468183,-0.000030431,0.000072325,-0.000213928,-0.000288983,0.000585704,0.000216671,0.000189475,0.00017831,0.000171775,-0.000056247,0.000110203,-0.000221554,0.000157855,-0.000411325,0.000038497,-0.000341073,-0.000215775,-0.000118504,-0.000111741,0.000440077,-0.000082224,0.000660244,0.000405084,-0.000166988,0.000085926,0.000104327,0.000002135,0.000216276,0.00000713,0.000499605,0.000777654,0.000189781,0.000329697,0.000139416,0.000063609,-0.000274792,0.000097786,0.000607636,0.000082649,0.000578356,0.000163866,-0.000059701,-0.000012785,0.000062854,-0.000292726,0.000056904,0.000470692,0.000168686,-0.000171453,0.00045276,-0.000608937,0.000544498,-0.000274786,-0.000337813,-0.000333613,-0.000662798,0.000133718,0.0000222,-0.000080566,0.000393712,-0.000212937,-0.000209012,-0.00045834,-0.000182106,0.004457439,-0.001307449,-0.000262137,0.000069407,-0.000238676,-0.000592643,0.000072267,-0.000356399,0.000396494,-0.000381662,0.00035794,-0.000147107,0.000023602,0.000155919,0.000313724,0.000509333,0.000063866,0.000230668,0.000120833,-0.000029047,-0.000088354,0.000015061,0.000027214,-0.000325109,0.000031655,0.00010659,-0.000219266,-0.000112568,-0.000139668,0.00010025,-0.00004789,0.000216211,0.000429805,-0.000203924,0.000242803,0.000214816
450.9243469,0.000202897,0.000168484,0.000314542,-0.000066303,-0.000547044,-0.000115511,0.000153358,-0.000081326,0.000019305,0.000184891,0.000314002,-0.000057659,-0.000142114,-0.000118143,-0.000042698,-0.000012474,-0.000069737,-0.00043551,-0.000136514,-0.000129776,0.000148038,-0.00024811,-0.000034879,-0.000413077,-0.000470286,0.000011692,0.000389396,0.000424752,0.00006244,0.000308028,-0.000120448,0.000216235,0.000193102,0.000549985,-0.000200394,0.000657739,0.000230668,0.00039525,0.000118272,0.000046868,0.000223127,-0.000265166,-0.000108903,0.000558555,0.000582927,-0.000311883,0.000529922,0.000309091,0.000004052,-0.000116139,-0.000074884,0.000070603,-0.000023143,-0.000009772,0.000056525,-0.00024286,0.000224959,0.000258335,0.000150586,0.000181963,-0.000064546,0.000611649,-0.000339884,-0.00098756,0.000030361,0.004067287,-0.00098114,-0.000809807,0.00040886,-0.000378294,-0.000068062,0.000016791,-0.000214078,0.00015305,0.000234214,-0.000239301,0.000294964,-0.000301848,0.000455429,0.000527915,0.00025712,0.000125861,0.000353471,-0.000068137,-0.000099936,0.000102775,0.000285617,0.00004162,-0.000228383,0.000257607,0.000054325,-0.000138421,-0.000067937,-0.000012745,-0.000009686,-0.000132707,0.000399044,-0.00002751,-0.000062288,0.00019288,0.000378659
451.504364,0.000045996,0.000090308,-0.000086725,-0.000164085,-0.000563479,0.000103664,0.000261284,-0.000270992,0.000009527,0.000152502,0.000046552,0.000273471,0.000222792,-0.000035808,0.000353254,0.000242713,0.000137844,0.000060538,-0.00046151,-0.000025125,0.00017392,-0.000261624,0.000128745,-0.000330839,-0.000586568,-0.000256694,0.000152552,0.000185531,0.000143377,0.00022123,-0.000202577,-0.000089513,0.000055186,0.000562046,-0.0004576,-0.00001469,-0.000015341,0.000181085,0.000090435,-0.000063087,0.00005558,-0.000292118,0.000294181,0.000021161,0.000321572,-0.000282347,0.000026275,0.000192415,0.000425067,-0.000021507,0.00003654,0.000387435,-0.000143719,-0.000123855,0.000376038,0.000053384,0.000275389,0.000136493,-0.000024476,0.000365904,0.000209743,-0.000285013,-0.000181417,-0.000363392,0.000054995,0.004580127,-0.001228178,-0.000897067,0.0002195,-0.000155594,0.000010586,0.000150286,-0.000364611,0.000185727,0.000376698,0.000000557,0.000102563,-0.000159348,0.00046572,0.000301513,0.000198797,0.000089857,0.000152193,-0.00025015,-0.000228122,0.000600919,-0.000156473,-0.000039615,0.000321493,0.000467373,0.000438581,-0.000176319,-0.000002556,0.00018844,0.00023432,0.000246072,0.000165633,-0.000324859,0.000042698,0.000041163,0.000075951
452.0844421,0.000096125,0.000102568,0.000278003,-0.000177784,-0.000279196,0.000552532,-0.000359652,0.000152619,-0.000122936,0.000439752,0.000761375,0.000194477,0.000279501,-0.000350582,0.000054085,0.000540091,-0.000404199,0.000203345,-0.000146424,-0.000038674,-0.000092216,0.000164945,0.000425285,0.000010426,-0.00011817,0.000156845,0.000149018,-0.000156873,-0.000120926,0.000270007,-0.000104277,0.000102114,-0.00003107,0.000206434,-0.000297022,0.000057848,-0.000275331,0.000172393,0.000332999,0.000087239,0.000123405,0.000196309,0.000166419,0.000083432,0.000492936,0.000214981,0.00021562,-0.00003302,0.000288554,0.000483213,-0.000071651,0.000048122,0.000073844,-0.000514132,0.000242789,0.000032873,0.00020722,-0.000104376,-0.000117924,0.000121362,0.000013525,-0.000302822,0.000327116,-0.000352913,-0.000579567,0.004875018,-0.001023777,-0.000638593,-0.000233889,-0.000012493,0.000134729,0.000047239,-0.000803566,0.000122439,0.000129311,0.000194965,0.000149027,0.000232146,-0.000047102,0.000078295,0.000043814,-0.000167717,0.000399193,0.000325173,0.000121693,0.000085889,0.000389849,-0.000353823,0.000459069,0.000243881,0.000334587,0.000599827,-0.000008342,0.000165176,0.000300241,0.000017723,0.000192665,-0.00015335,0.00040408,0.000144911,-0.000195264
452.6645203,0.000389912,0.000255695,0.000178626,-0.00006586,-0.00047529,0.000556985,0.000186774,0.000798302,0.000154911,-0.000053806,0.000658697,-0.00014175,-0.000326131,0.000168772,-0.000277211,0.000225074,-0.000100048,0.000391398,0.000273476,-0.000091058,0.00048145,0.000107766,0.000190885,0.000150175,-0.000209156,-0.000044557,-0.000095519,0.000197272,0.000151467,0.000470907,0.000087535,0.000462952,0.000221309,0.000189702,-0.000050076,0.000141227,-0.000015806,0.000051763,-0.000096172,-0.000003101,0.000206051,-0.000096648,-0.000277309,0.000183163,0.00035446,-0.00023277,-0.000201223,0.00015554,-0.000169754,-0.000050959,-0.000205271,0.000281158,-0.000008275,-0.00029685,0.000128465,-0.000009107,-0.000137273,0.000019868,0.000192024,-0.00015374,0.000156215,-0.000337245,0.000379997,-0.000522938,-0.000792575,0.004662749,-0.000760063,-0.000388499,-0.00030846,-0.000186696,0.000166923,0.000230566,-0.000373353,0.000377447,0.000175667,0.000176214,0.000138202,0.000130432,-0.000221769,0.000044771,0.000164989,-0.000139095,-0.000011511,0.000395368,0.000089232,-0.000327762,0.000391111,-0.000278192,0.000028801,0.000347998,-0.000015374,0.000235075,-0.00012817,-0.000014717,0.000131041,0.000563684,-0.000039649,-0.000136532,0.000148515,0.000242848,-0.000342956
453.2446594,0.000202524,0.000364125,0.000041575,-0.000180604,-0.000418913,0.000261896,0.000231551,0.000173097,0.000134712,-0.000072962,0.000456287,-0.00014057,0.000156441,0.000212816,-0.000198039,0.000154164,0.000001259,-0.000091553,0.000114356,-0.000156671,0.000300002,0.000069059,0.000096173,0.000185156,-0.000270396,0.000042966,-0.000087456,0.000051751,0.000115048,0.00030083,-0.000087217,-0.000070158,0.000434708,0.00011455,0.000541084,-0.000010397,0.000058624,0.000070245,0.000021322,-0.000426569,-0.000039353,-0.000240564,-0.00017762,-0.000276576,-0.000360314,-0.000010623,-0.000177673,0.000214977,-0.000394992,-0.000383067,0.000028179,-0.000099271,0.000008436,-0.000060471,0.000054764,0.000246171,0.00000682,-0.000221855,-0.000150499,-0.000392301,0.000363732,-0.000245405,0.000171045,-0.000456897,-0.00085987,0.00491774,-0.000641525,-0.000533118,0.000032486,-0.000152788,-0.00000428,-0.000066865,-0.000206283,-0.00014104,0.000446521,0.000114307,0.000244939,-0.000074129,-0.00005008,0.000272864,0.000188914,-0.000149933,0.000220627,0.000105591,-0.000176048,0.000164513,-0.000126544,0.000105606,-0.000040917,-0.000000469,-0.000054759,0.000131679,0.000073359,0.000116586,-0.0000325,0.000260066,0.00023351,0.000254268,0.000012683,-0.000213501,0.000033351
453.8248596,0.000143419,-0.000033026,-0.000055061,0.000039931,-0.000389835,0.00018212,0.000208667,-0.00007895,-0.000087308,0.000286498,0.000327053,-0.000195751,-0.000107384,0.00005167,0.000445166,0.000003133,0.000091801,-0.000283937,0.000322735,0.000258656,0.000044441,-0.0001987,0.000001712,0.000141473,-0.000033063,0.000206527,-0.000136276,-0.000126529,0.000075716,-0.000135328,-0.000324534,0.000081481,0.000218012,0.000355396,0.000246764,-0.000171665,0.000064898,-0.000100669,0.000137592,0.000122092,-0.000027707,-0.000036469,-0.000157705,-0.000395335,0.000075252,0.000144279,-0.000183474,0.00014414,-0.000215356,0.000139817,-0.000164255,-0.000106287,0.000191616,0.000066749,0.000143271,0.000151348,-0.00009645,0.000049517,0.000030695,-0.000131465,0.000272098,0.000000771,0.000202681,-0.000448573,-0.000870341,0.004499106,-0.00034727,-0.000907304,0.000313417,0.00014269,-0.000009677,-0.000177816,-0.000152571,-0.000079064,-0.000110556,0.00012156,0.000054621,0.000033979,0.000257807,0.000057978,0.000155392,-0.000138615,0.000539026,-0.000166346,0.00005314,0.000652625,-0.000274357,0.000286796,0.000199815,0.000113334,-0.000301101,0.000057196,-0.00013408,-0.000029475,0.000193766,-0.000118963,0.000302469,0.000378336,-0.000295772,-0.000087477,0.000141672
454.4050598,-0.000072464,0.000010355,-0.000004825,-0.000155756,-0.000176783,0.000101119,0.000185823,-0.000104809,-0.000061461,0.000311173,-0.000163305,0.000051339,-0.000143419,0.000255732,0.000193255,-0.000135849,0.000224218,0.000114697,-0.000004941,0.000207017,0.000154732,-0.0001337,-0.000080524,-0.000133956,-0.000091215,-0.000248718,-0.000308414,-0.00016481,0.000279114,0.000146589,-0.000121868,0.000181014,0.00004306,0.000362312,-0.000190644,-0.000076181,0.000201393,0.000072387,0.000139336,0.000077743,0.00001726,-0.000387917,0.000178666,-0.000070502,0.000246368,0.000311522,-0.00016041,0.000152856,0.000199821,0.000238939,0.000086016,-0.000017607,0.000328704,0.000098162,0.000277062,0.000132042,0.000032788,0.00004575,-0.000145923,-0.000140236,0.000023656,0.000113401,0.000131669,-0.000542172,-0.000645061,0.004599194,-0.000054292,-0.000542808,0.000214631,0.000053011,0.000011262,-0.000162871,-0.000017295,0.000096298,-0.000062696,0.000118853,0.000028569,-0.000025808,0.000412564,0.000000588,-0.000061885,0.000088652,0.000211505,0.000007675,0.000247903,0.000310768,-0.000153964,0.000182136,0.000025283,0.000463721,0.000315052,0.000040721,-0.000290205,0.00007037,0.000286559,-0.000055367,0.000028973,0.000044043,-0.000088135,-0.000174835,0.00003056
454.9853516,-0.00011284,0.000009342,-0.000083681,-0.000107871,0.000056213,0.000388086,-0.000139752,0.000056705,0.000248349,0.000091325,0.000199356,0.000274658,0.000128211,0.000066166,0.000051794,0.000061897,-0.000151226,0.000204432,0.000043911,-0.00022359,0.000035254,-0.000053219,0.000302704,0.000114164,0.000249628,0.000085975,0.000153287,0.000138137,-0.000196581,0.000295814,-0.000073339,0.000121534,-0.000161993,-0.000188607,-0.000219673,-0.000083645,-0.000380379,-0.000117334,0.000149123,0.000087328,-0.000034685,-0.000180365,0.000318228,-0.000008769,0.000123733,0.000453216,-0.000005824,0.000189804,0.000057815,-0.000025485,-0.00003612,0.000094378,0.000126027,-0.000362739,0.000025351,0.000123367,-0.000139922,0.000348007,-0.000089784,-0.000148905,0.000033472,-0.000124808,0.000263474,-0.0002914,-0.000782847,0.004573529,-0.000030079,-0.000740238,0.000084973,0.000076813,0.000037596,0.000035182,-0.000139344,0.000270618,0.00019082,0.000240516,-0.000068344,0.000289671,0.000178509,0.00014302,-0.000190063,-0.000035944,-0.000180907,0.000197885,0.000313862,0.000074526,0.000082934,-0.000052182,0.000141859,0.000413442,0.000313151,0.000268525,-0.000188281,0.000219507,0.000100148,0.000094912,0.000282268,-0.000383996,0.000110869,-0.000060733,0.000071301
455.5656433,-0.000062106,0.000119558,0.000085105,0.000053722,-0.000014364,0.00001976,-0.000096948,0.000159913,0.00005699,-0.000076534,0.000175766,-0.000116069,-0.000046199,0.000244699,0.0000248,0.000016263,0.000037464,0.00023912,-0.000002591,-0.000261787,-0.000055769,-0.000091326,0.000057615,0.000010237,-0.000008828,0.000200716,0.000099168,-0.000042972,0.000024165,0.000052931,0.0000387,0.000230702,-0.000319918,0.000014432,0.000275972,-0.00034776,-0.000062915,0.000037413,-0.000065326,-0.00014426,-0.000152517,-0.000226449,-0.000086544,-0.000167136,0.000063795,-0.000072296,-0.000076935,0.000290557,-0.000446279,0.000225097,-0.000050545,0.000189655,0.000147246,-0.000501304,0.000157445,0.000110608,-0.00022305,0.000073981,0.000278163,-0.000323457,-0.000087163,-0.000297302,0.000046108,0.000052421,-0.001348184,0.004479246,0.000235655,-0.000752914,-0.000131723,0.000032888,0.000217848,0.000194698,-0.000319353,0.00024139,0.000108482,0.000205935,0.000375556,0.000122835,0.000004649,0.000142447,0.000042102,0.000185405,-0.000127138,0.000038999,0.000132556,-0.000324928,0.000311827,-0.000150088,0.000094057,0.000241333,0.000091945,0.000099851,0.000048493,0.000045796,0.000142534,0.000045883,0.000120096,-0.000171482,0.000062752,0.000078608,-0.000007593
456.1459961,0.000256434,0.000146758,-0.000058443,0.000106484,-0.000442941,-0.000086753,0.000187619,0.000135313,-0.000198161,0.000271617,0.000080239,-0.000175725,-0.000085808,0.00008032,-0.00009436,-0.000250054,0.000220156,0.000121741,-0.000059342,-0.00019824,0.000256115,-0.000059114,-0.000191879,0.000158297,-0.000400767,-0.000183018,-0.00004122,0.000092319,-0.000300414,-0.000041749,0.000160317,0.000068754,-0.000144972,0.000472412,-0.000045504,-0.000151702,-0.000028997,0.000387829,0.000068636,-0.000210921,-0.000063468,0.000125778,-0.000254728,-0.000293596,-0.000170546,0.000143114,-0.000236763,0.000088794,-0.000012181,0.000175578,-0.000018597,-0.000006866,0.00001901,0.000032689,-0.000027266,-0.00001265,-0.00018648,-0.000048935,0.000232552,-0.000081918,0.000269882,0.000242296,0.000046698,0.000194972,-0.001381104,0.004412153,0.000555764,-0.000825226,0.000269504,0.000147896,-0.000252314,0.000268745,-0.000157218,0.000257679,-0.000043553,0.000107648,-0.000022043,0.000351292,0.000015628,0.000269608,0.000008349,0.000138072,0.0000244,0.000009238,0.000288168,-0.000019773,0.00015906,0.000217277,0.000079968,0.00005126,0.000304471,0.000217678,-0.000085688,0.000249644,0.000206772,0.000335754,0.00014335,0.000250762,-0.000087526,0.000017984,0.000097224
456.7263794,-0.000002809,-0.000084507,-0.000057373,0.000231717,-0.000449054,0.000045778,0.000101972,-0.000038626,-0.000121876,0.000332187,0.000112809,-0.000053078,-0.000081021,0.000240618,0.000082171,-0.000060711,0.000015376,0.000031768,0.000117698,-0.000237285,0.000194744,-0.00014455,-0.000079536,0.000136449,-0.000004218,0.000272283,0.000034467,0.00008998,-0.000048784,0.000079733,-0.000154207,-0.000104868,0.000256121,0.000290318,-0.000149886,0.000410595,0.000248787,0.000134261,-0.000118256,0.000003805,0.000022345,-0.000135159,-0.00013674,0.000145479,0.000014286,-0.000106875,-0.000275794,-0.000130374,0.000420131,0.000134574,-0.000259974,-0.000092725,-0.000295471,0.000157727,-0.000033654,0.000081363,0.000094886,0.00012422,0.000160512,-0.000134593,0.000482703,0.000194193,-0.000006126,-0.000178713,-0.001042948,0.004059654,0.000788406,-0.001351794,0.000142725,-0.000087681,0.000141996,-0.00002732,0.000034795,0.00007804,0.000056365,-0.000155166,-0.000077576,0.000131638,0.000405508,0.000420707,-0.000125339,0.000045603,0.000399937,-0.000022782,0.000082025,0.000156453,-0.000067388,0.000180276,0.00007159,0.000114877,0.000106833,-0.000155133,-0.000234086,0.00002846,0.000075054,0.000026322,0.000289649,-0.000065726,0.000012243,0.000168999,0.000133854
457.3068237,0.000127189,0.000014833,0.000015967,0.00018971,-0.000310044,0.000314279,0.000042731,-0.000169056,0.000001972,0.00016366,-0.000028083,0.000075599,-0.000224774,0.000037206,0.000131282,-0.000154929,0.000136644,0.000252127,0.000071482,-0.00012339,0.000281039,-0.00030554,0.000164497,0.00005475,-0.000121937,0.000067015,-0.000111312,0.000097251,0.000109349,0.00015501,-0.000149286,0.000066588,-0.000010643,0.000237099,-0.000192946,-0.000158308,0.000226294,-0.000126194,-0.000100219,0.000110763,-0.000041352,-0.000123922,0.000155969,0.000056255,0.000106518,0.000197198,-0.000085935,-0.000097065,0.000247012,-0.000228557,0.000015362,-0.000136759,-0.000243137,-0.000075434,0.000373007,0.000191833,-0.000170213,-0.000009403,0.000314247,-0.000127631,0.000175887,-0.000053157,0.000160866,-0.000240346,-0.001032799,0.00349992,0.001018595,-0.001204857,0.000099723,0.000116255,0.000107669,0.00017105,0.000023943,-0.000085293,0.000097363,-0.000101439,0.000189237,0.000044859,0.000525969,0.000013014,-0.000205682,-0.000080289,0.000015389,-0.00025403,0.000005925,0.000003531,-0.000119315,0.000057928,0.000137476,0.000168793,0.000393358,-0.000087482,0.000056546,0.00014955,0.00024387,-0.000106452,0.000194576,-0.00022246,-0.000090211,0.000184871,0.000116574
457.8872986,0.000258912,0.000134969,-0.000183213,-0.000221459,-0.000214024,0.000213599,0.000287421,0.000318084,-0.000078974,-0.000044883,0.000081,-0.000196918,0.000114863,0.00030491,0.000092513,0.000115205,-0.000046011,0.000140918,0.000061599,-0.000024027,0.000064677,0.000163413,0.000019613,0.000220191,-0.000172668,-0.000152774,-0.000002922,0.000002555,0.000302059,0.000212332,-0.00013073,-0.000016387,-0.000314505,-0.000034796,-0.00012321,-0.000024263,-0.000121439,0.000031643,-0.000194115,0.000333914,-0.000005948,0.000114177,0.000344199,0.000095857,0.000024509,0.000142107,-0.000110764,-0.000041623,0.000017049,-0.000115402,0.000072983,-0.000034723,-0.000372503,-0.00024582,0.000138375,0.000095074,0.000037007,-0.000226987,-0.000028768,-0.000348532,0.0001279,-0.000297917,0.000109455,-0.000218403,-0.000954686,0.003337815,0.001304757,-0.001396645,0.000403959,-0.000028388,-0.000194018,0.00012925,0.000245432,-0.000094249,0.000237615,0.000128018,0.000181499,0.000250053,0.000039447,-0.000052484,-0.000173425,0.000171356,-0.000074476,0.000080196,0.000409805,-0.000135118,0.00015041,-0.000036492,0.000062726,0.000055276,0.000194026,0.000019425,0.000077909,0.000258079,0.000130307,0.00009223,0.000301104,-0.000136213,0.000095827,0.000024925,0.000276521
458.467804,0.000085169,0.000379855,-0.000051946,-0.000094879,-0.000214137,0.000133468,0.000132456,0.000111387,0.000200056,-0.00007212,0.000226395,-0.000076237,-0.000026213,0.000321246,0.000072072,0.000059176,-0.000116651,0.000169511,0.000195576,-0.000023293,0.000007554,0.000109364,-0.000156358,0.000250488,-0.000279909,0.0001025,-0.000060247,0.000280294,-0.000049578,0.000194908,0.000125661,0.000189149,-0.000046294,0.000181814,0.000143647,-0.000100766,-0.000115075,0.000018551,-0.000063217,0.000083328,-0.000073081,-0.000124162,-0.000024814,0.000037657,0.000106456,-0.000040047,-0.00012614,0.000091039,-0.000237625,-0.000086969,0.000076047,0.000206278,-0.000094126,-0.000224455,0.000039334,-0.000205855,-0.00018909,-0.000159067,-0.000013406,-0.000203544,-0.000019106,-0.000130372,-0.000008105,-0.000208443,-0.001265946,0.002880698,0.001667647,-0.00134279,0.000222437,-0.000016622,0.000127844,0.000240462,-0.000014849,-0.000012461,0.000091811,0.0000359,-0.000038325,0.000269836,-0.00024901,0.000366899,0.000120835,0.000105688,0.000008537,0.000111546,0.000389056,-0.000083415,0.000149572,-0.000173009,-0.000177023,0.000031843,0.000002117,0.000008994,-0.000131117,0.000010663,0.000288887,0.00031273,0.000063429,-0.000061245,-0.000128819,0.000090191,0.000311335
459.0483704,0.000157286,0.000038133,-0.000015383,0.000006402,-0.000408872,0.000219565,0.000197449,0.000215346,0.000352874,0.000085111,0.000105976,-0.00022475,0.000267352,0.000110942,-0.000069731,-0.000019538,-0.00002402,0.000226051,-0.000145211,-0.00004407,0.000183617,0.000097003,0.000090528,0.000291259,-0.000271073,-0.00011744,-0.000048495,0.000172799,0.000087744,-0.000003118,0.000107548,-0.000025993,0.000107643,0.000450479,0.000060612,0.000011234,-0.000005577,-0.000172789,-0.000169216,-0.000013304,0.000052381,0.000026749,-0.000195477,0.000314973,-0.00001714,-0.000068944,-0.000040833,0.000187516,-0.000048464,-0.00002727,-0.000054445,-0.000017734,0.000000371,0.000055045,0.000038072,0.00014027,-0.00014283,0.000190525,0.000044888,0.000133613,0.00010539,0.000040531,-0.000135783,-0.000125733,-0.001107899,0.002807577,0.001780538,-0.001355394,0.000038295,0.000125845,0.000007384,0.000228232,0.000069824,-0.000014825,-0.000359567,-0.000116286,0.000240441,-0.000021394,-0.000258347,0.000059961,0.000205492,0.000184613,-0.000185766,-0.000015067,0.000238779,-0.000008499,-0.000018748,0.000244381,-0.000088596,0.00015486,0.000047466,0.00017528,0.000000275,0.000166184,0.000313304,0.00004068,0.000012381,-0.000009157,-0.000103475,0.00010334,0.00032453
459.6289673,0.000158001,-0.00014748,0.0000998,0.000050799,-0.000166152,0.000168247,0.00000341,0.000082537,0.00002881,0.000048518,0.000161582,-0.000088326,0.000015583,0.000208456,0.000121727,-0.000096591,-0.000141001,0.000084094,0.000081078,0.000042763,0.000041459,0.000046117,0.000061944,0.00016081,-0.000060142,0.000090925,0.000044055,-0.000006843,0.000052827,-0.000007275,-0.000150026,-0.000134636,0.000079621,0.000523539,0.000090956,-0.000080126,0.000210522,-0.000124777,-0.000165887,-0.000187715,0.000179849,-0.000029991,-0.000095755,0.000061038,0.00004248,0.000106067,0.000004673,0.000094967,0.000102764,0.000076041,0.000147036,-0.000105106,0.000001584,0.000093141,0.000102197,0.000001369,-0.00007329,0.000001559,0.000076271,0.000076553,0.000068869,0.000148447,0.000088628,-0.00015569,-0.00080732,0.002220599,0.001872907,-0.001474717,0.000006626,0.000113076,-0.000024538,0.00021275,0.000069364,0.000047985,-0.000192109,-0.000094911,0.000195286,0.000058047,0.000234113,0.000132388,-0.000186961,0.000101757,0.000321392,-0.000153146,-0.000044768,0.000128,-0.000006495,0.000019768,-0.000137127,0.000155743,0.000294843,0.000299244,-0.000043204,0.000186518,0.000174648,-0.000124773,0.000256919,0.000001634,0.000019039,-0.000056943,0.000201861
460.2095947,0.000024704,-0.000018586,-0.000053711,0.000050183,-0.00007071,0.00022142,-0.000123727,-0.000053017,-0.000349795,0.000094444,0.000131328,-0.000105403,-0.000291149,0.00015884,0.000172645,-0.000091558,0.000004908,0.00018978,0.000015692,0.000049893,0.000074798,0.000013528,0.000011507,-0.000083008,-0.000013384,-0.000123355,-0.000057046,-0.000013642,-0.000063327,0.000116338,-0.00003666,0.000043192,0.000053468,0.00040586,0.000135442,-0.000015327,0.000258066,0.000031795,-0.000146603,0.000077007,0.000059342,-0.000015158,-0.000002354,0.000090294,0.000241756,0.000080706,0.000011748,-0.000041467,0.000030421,-0.000057581,0.000175317,-0.000235881,0.000198507,-0.000282884,0.000115886,-0.000045363,0.000018328,0.000113594,-0.00010522,-0.000186448,0.000068538,-0.000159896,0.000233482,-0.000139479,-0.000726189,0.001932437,0.001972217,-0.001721224,-0.000027929,-0.000087781,0.000082974,0.000354079,0.000108807,0.000183334,0.000004684,-0.000038354,0.000149637,-0.000042342,-0.000057247,0.000016558,-0.000138464,-0.000012182,0.000205919,-0.000181438,0.000084085,0.000218972,-0.000123164,-0.000065787,0.000092167,0.000156962,0.000280075,-0.000012785,-0.000019815,-0.000025522,0.000218333,-0.000065303,0.000240337,-0.000031174,0.000112461,0.000111119,-0.000058328
460.7902832,0.000055799,0.000069271,-0.000128521,-0.000031049,-0.000052497,0.00018126,0.000038151,0.000048834,-0.000068629,-0.000123473,0.00009301,0.000023266,-0.000047442,-0.000009759,0.000123032,-0.0000678,0.000015847,0.00032069,-0.000159163,0.000001704,0.000097496,0.000089021,-0.000016061,0.000239471,-0.000114382,0.000086105,0.000068114,0.00005785,0.000049739,0.000190411,0.000012542,0.000034001,0.000052173,0.000081465,-0.000026712,0.00010784,-0.000013316,0.000212371,0.000103793,0.000212292,0.000029128,-0.000091422,-0.000101077,-0.000119279,0.000214962,0.000008037,0.00004355,0.00003765,-0.000009618,-0.000025463,-0.000154092,0.000019585,0.000063739,-0.000334916,0.000011669,-0.000048373,0.000087804,0.000044243,0.000094587,0.000032074,0.000085385,-0.000222332,0.000048397,-0.000161523,-0.000850069,0.001565823,0.002056924,-0.001411207,-0.000175416,-0.00015227,0.000058088,0.000197474,0.000112515,0.000247007,-0.000060811,0.000264961,-0.000081563,-0.000001655,0.00008109,0.000012193,0.000125116,-0.00001598,0.000178966,0.0001441,-0.000059725,0.000015645,0.000011324,-0.000130157,0.000133765,-0.000017965,0.000158513,0.000074658,0.000241816,0.000111551,0.000157115,0.000203714,0.000216499,-0.000196817,-0.000019154,-0.000069486,0.000081972
461.3710022,0.000230636,0.000052478,-0.000054413,-0.000140684,-0.000060866,0.000131881,0.000078893,0.000232337,-0.000021024,-0.000246567,0.000231499,-0.000041744,-0.000065675,-0.000008367,0.000051179,0.000087251,0.000078848,0.000004213,-0.000010122,-0.000162651,0.000162282,-0.000014099,0.000104834,0.000276375,-0.000257277,0.000078698,-0.000130285,-0.000005551,0.00013738,0.000095424,0.000065571,0.000324441,0.000045663,0.000160741,0.00017838,-0.000111084,-0.000033494,-0.000016134,0.000118785,0.000091332,-0.000057723,-0.000172745,-0.00009847,-0.000133741,-0.000054331,0.000017394,-0.000115504,0.000059621,0.000034995,-0.000041026,0.00007511,0.000063685,0.000037256,-0.000052777,0.00010501,-0.000079003,-0.000019388,-0.00000639,0.000045619,-0.000012429,0.000260333,-0.000079643,-0.000016189,-0.000225534,-0.000829551,0.001213956,0.002290015,-0.001318575,-0.000045932,-0.000002911,-0.00012215,0.000273388,0.000058568,0.000176772,0.000044157,0.000153494,0.000045483,0.000023544,-0.000296041,-0.000041152,-0.000009118,0.000120698,0.000015036,0.000130345,-0.000026325,0.000057891,0.000043416,0.000062834,0.000009141,0.000079307,-0.000039407,-0.000008026,-0.000022086,0.000160935,0.000174288,0.000114814,0.000210044,-0.000017165,-0.000047019,-0.00012841,0.000088833
461.9517517,-0.000066135,-0.00010206,-0.000113544,0.00001317,-0.00026382,0.000152242,0.000178627,0.000088512,-0.000140353,-0.000054383,0.000130068,-0.000023719,-0.000140079,0.000098808,-0.000051779,0.000241534,0.000039719,0.000016332,-0.000054251,-0.000033116,0.000150042,-0.000081071,0.000135497,0.000133649,0.000051774,0.000037434,0.00002952,0.00003558,0.000143578,-0.000014732,0.000066428,-0.000105848,0.000189803,0.000233397,0.00015721,-0.000126393,-0.000077516,-0.000106202,0.000110661,0.000030584,-0.000114406,0.000022634,-0.000018528,0.000006379,-0.000069743,-0.000037897,-0.000038109,0.000019782,0.000040389,-0.00006182,0.000004786,-0.000042019,0.000028956,-0.000072707,-0.000068453,-0.000055594,-0.000025968,-0.000081717,-0.000019029,-0.000097145,0.000014275,-0.000013027,0.000157521,-0.000012222,-0.000725067,0.000974838,0.002685156,-0.001492182,-0.000104092,-0.000345251,0.000046587,0.000084967,0.000067904,0.000177758,-0.000054297,0.000176084,0.000136847,0.000005718,-0.000196124,0.000074639,0.000033655,0.000200705,0.00010022,-0.000014438,0.000041022,0.000185828,0.00009396,0.000077957,-0.000025844,-0.000064232,0.000150956,0.000110751,-0.000079343,0.000146449,0.000036629,0.000059783,0.000059949,0.000078588,-0.000086724,0.000055018,0.000039882
462.5325623,-0.000097989,-0.000056217,0.000005322,-0.000001808,-0.000115981,0.000016649,0.000015631,-0.000081431,-0.000129187,0.000165574,0.000141291,-0.00006033,0.000000918,0.000029879,-0.000026598,-0.000168449,0.0001068,0.000013046,0.000044962,-0.000067549,0.000097945,-0.000113907,-0.000085181,0.000101558,-0.000083764,0.000046699,-0.000004131,0.000003759,0.000087246,0.000017697,-0.000010731,-0.000037312,0.000059205,0.000340713,-0.000011042,0.000168638,0.000079838,-0.000025494,-0.00005302,-0.000062323,-0.000031139,-0.000069928,0.000029064,-0.000047842,-0.000041903,0.000097957,-0.000127909,0.000084179,-0.00002554,-0.000133749,-0.000037182,-0.000036135,0.000074518,-0.000225835,0.000061291,0.00001386,0.000051493,0.000018381,0.000218769,-0.00002894,0.000017331,0.000013584,0.000192043,-0.000298278,-0.000542613,0.000657503,0.002839578,-0.001512908,-0.000186918,-0.000078807,0.000087023,0.0002753,0.000119507,-0.000069977,0.000140217,0.000110005,0.000140186,-0.000009868,-0.000022712,0.000042996,0.000075341,0.000200314,0.000123281,0.000006967,0.000138196,0.000152375,-0.000037253,-0.000068814,-0.000161876,0.000185452,0.000155998,0.00002269,-0.000022859,0.000049395,0.000003723,0.00004076,0.000160882,-0.000083671,-0.000059885,0.000252502,-0.000005855
463.1134338,0.000071205,-0.00013461,0.000077587,-0.00001313,-0.000073586,0.000056076,0.000081087,-0.00018351,-0.000177152,0.000119158,-0.000088396,-0.000013372,0.000007826,0.000123908,-0.00016723,-0.000034461,0.000077541,0.000165928,0.000087221,-0.000149606,0.000043531,0.000017019,-0.000045073,0.000145511,-0.000052327,-0.000031555,-0.000088932,-0.000188942,0.000058355,0.000167791,-0.000061601,0.000054879,0.000076737,0.000330089,0.000028062,0.000053912,-0.0000205,0.000055958,-0.000147011,0.000094566,-0.00000959,-0.000003282,0.000153266,-0.000007399,-0.000149769,0.000078958,-0.000007272,-0.00002022,-0.000047257,0.0001219,0.000038248,-0.000009896,0.000147517,-0.000151805,0.000213287,0.000006146,0.000001782,0.000020595,0.000131025,0.00002297,0.000062101,-0.000047325,0.00005029,-0.000259611,-0.000509747,0.000281115,0.002929377,-0.001353346,-0.000266727,-0.000100715,0.000088838,0.000261147,0.000061949,0.000134436,0.000289226,0.000090161,0.000135992,-0.000062896,-0.00009201,-0.000138964,0.000111278,0.000063369,0.000081114,0.000074399,0.000163878,0.000193919,0.000067022,-0.000204204,-0.000071823,0.000141831,0.000121687,-0.000095292,-0.000117871,0.000174983,0.000128704,0.000074575,0.000079514,-0.000016918,-0.000010755,0.000158483,-0.000059372
463.6943054,0.000104136,-0.000027994,0.000147459,0.000037946,-0.000018981,0.000075429,0.000069491,0.000016304,0.000013241,0.000031198,-0.00002741,0.000077212,-0.000097347,-0.000041234,-0.000055533,0.000049291,-0.000046121,0.000144772,0.000053648,-0.000042957,-0.000118995,-0.000017616,-0.000145309,0.000167158,0.000082751,0.000013149,-0.000088699,0.000000762,0.000133552,0.000018047,-0.000028204,0.000069823,-0.000053381,0.000052223,0.000020776,0.000221246,0.000076534,0.00009287,-0.000128404,-0.000016346,0.000059305,-0.000066868,0.000089678,-0.000015481,0.000095766,0.000248273,-0.000063458,0.000004585,-0.000088599,0.000121486,0.000013819,0.000002103,0.000147965,-0.000246396,-0.000019598,-0.000103046,0.000037679,0.000043087,0.000200466,-0.000038624,0.000035103,-0.000097386,0.00007228,-0.000114585,-0.000508423,-0.000144925,0.003204286,-0.001039647,-0.000448495,-0.00009928,0.000024902,0.000110414,-0.00002067,0.000144572,0.000206489,0.000224408,0.000163404,0.000070989,-0.00012903,0.000005853,0.000028417,-0.000045435,-0.000164315,0.00019896,0.000050379,0.000110834,0.000149463,-0.000200805,-0.000027979,0.000028061,0.000109506,0.000081121,0.000042942,0.0001914,0.000193683,0.000133709,0.000055817,-0.000109498,0.000055827,-0.000081948,0.00007434
464.275238,-0.000042062,0.000202861,0.00005153,-0.000069724,-0.000085992,0.000173623,0.000070713,0.000108689,-0.000083951,0.000077557,0.000141981,0.000170929,-0.000089457,0.000033324,-0.000089226,-0.000098877,-0.000047148,-0.000007748,0.000207157,0.000151641,0.000039271,0.000072455,-0.000117174,0.000211375,0.000073854,0.000045818,-0.000074017,0.000051411,0.000005431,0.000046937,0.00010071,0.00008879,-0.000075988,0.000129965,0.000039411,-0.000106798,-0.000087633,0.000145354,-0.000062262,-0.000045406,-0.000059937,-0.0000677,-0.000070727,-0.00006542,0.000026047,0.000086985,-0.000097141,0.000073737,-0.000066119,-0.000079618,-0.00004317,0.000168672,-0.000045054,-0.000195545,-0.000062775,-0.000166542,-0.000053764,0.000096057,0.000114507,-0.000002047,0.00012271,-0.000178901,0.000140128,-0.000003706,-0.000491963,-0.000293483,0.003497042,-0.000892277,-0.000352884,0.000021024,-0.000003397,0.000244894,0.000038618,0.000187646,0.000245927,0.000298066,0.000147968,0.00006932,-0.000119434,0.000029571,0.000093225,0.000076591,-0.000039747,0.000069559,0.000180146,-0.000016995,0.000215678,0.000053224,-0.000098561,0.000073855,-0.000067089,-0.000012259,0.000133559,0.000138254,0.000251279,0.000168488,0.00000857,-0.000066423,0.000078306,-0.000025139,-0.00006657
464.8562317,0.000044123,0.000016311,0.000102005,0.000082418,-0.000241387,0.000087883,0.000048548,0.000041709,0.000026794,0.000040072,0.000030298,0.000054119,-0.00000441,0.000011896,0.000070987,0.000030647,-0.000041019,0.000053509,-0.000027151,0.000049344,0.000097003,-0.000011963,-0.000098977,0.000211462,-0.000069436,-0.000023342,-0.000077853,0.000226576,0.000029505,0.000208875,0.000060338,0.000035967,0.000174554,0.000357173,0.000060558,-0.000051539,-0.000045717,0.000119069,-0.000032324,0.000019174,-0.000056247,-0.000020957,0.000035049,-0.000027462,-0.000131461,0.000030751,-0.000231974,0.000108253,0.000112523,0.000075554,-0.000015645,-0.000040921,0.000038135,-0.000096803,-0.00005502,0.000030512,-0.000053118,0.000121074,-0.000009943,-0.000015859,0.000023128,-0.000101115,0.000161429,-0.000027312,-0.00057172,-0.000500715,0.003702414,-0.000826579,-0.000254755,-0.0001255,-0.000051343,-0.000037156,-0.000142472,0.000079179,0.000140887,-0.00000282,0.000097391,-0.000097767,-0.000149026,0.000036806,0.000162856,-0.000071946,-0.000031376,0.000149258,0.000179733,0.000045735,0.000112944,0.000094585,-0.000088923,0.000107121,0.0000119,0.000144677,0.000023059,0.000066798,0.000151778,0.000274271,0.000027334,0.00008625,-0.000033555,0.000127351,0.000137877
465.4372253,0.000026712,-0.00005446,-0.000003842,0.000020186,-0.000178868,-0.000004113,-0.000081498,0.000071072,0.000070044,0.000071977,-0.000008519,-0.000010671,0.000066655,0.000088657,0.000034885,0.000143307,0.000040335,0.000078415,0.000098817,-0.00000196,0.000107796,-0.000021601,-0.000094716,0.000154444,0.000024619,0.000068809,-0.000052304,-0.000026188,0.000007876,-0.000025901,-0.000085061,-0.000137696,0.000127737,0.000369678,0.000029693,0.000034066,0.000141644,0.000005113,0.000024423,0.00002855,-0.000028163,0.00001826,-0.000224494,-0.000038886,-0.000086497,-0.000124072,-0.000127157,0.000194292,0.000087239,-0.000043999,-0.000074947,-0.000046071,-0.000142298,0.000048552,-0.000031075,0.000206667,-0.000018118,-0.000092798,0.00015722,-0.000013373,-0.000035033,-0.000135987,0.000044095,-0.000047892,-0.000358077,-0.000829224,0.003797599,-0.000632493,-0.000274291,-0.000127909,0.000046908,0.00000805,-0.000181848,0.000048974,0.000133878,0.000049462,0.000037593,-0.000071624,-0.000115377,0.000074105,0.00009004,-0.000026079,0.000148342,0.000107119,0.000177849,0.000238968,-0.000057357,0.000061129,-0.000062119,-0.000119713,0.000098831,-0.000104025,-0.000061919,0.000141654,0.000004434,0.000064374,0.000085912,-0.000034574,-0.000002673,-0.000006297,0.000138335
466.01828,0.000045458,-0.00002293,-0.000178724,-0.00006537,-0.000101817,0.000049466,-0.000153113,-0.000028654,0.000018444,0.000119896,-0.000133531,0.000006012,-0.000080307,0.000115477,0.000023205,-0.000019446,0.000080571,0.000168083,0.000034521,-0.000006174,0.000095164,-0.000059456,-0.000132488,-0.000028335,0.000038846,-0.000032293,-0.000046771,0.00004151,-0.000072579,0.000018641,-0.000021705,-0.000080736,-0.000001073,0.00015933,0.000054063,-0.000075606,0.00014995,-0.000103836,0.000037956,0.000047677,0.000052461,0.000084179,-0.000111896,0.000053336,0.000001851,0.000035391,-0.000059221,0.000001965,-0.000092681,-0.000005326,-0.00014382,0.000021431,0.000026357,-0.000069049,0.000118091,0.000072342,0.000030638,0.000049564,-0.000011148,-0.000029849,-0.000031286,-0.000149174,0.000143417,-0.00016926,-0.000416768,-0.000879271,0.003925305,-0.000504624,-0.000292836,-0.000141456,-0.000074798,-0.000018583,-0.000135674,0.000066332,-0.000005116,0.000242796,0.000009537,0.000137225,-0.000078349,-0.000105007,0.000079655,-0.000108444,0.000059358,-0.000030559,0.000083584,0.000079054,-0.000065742,0.000113705,-0.000001478,-0.000060561,0.000147188,-0.000000704,-0.000095052,0.000023545,0.000197416,0.00006085,-0.000033692,-0.000153167,0.000037596,-0.000153283,-0.000107635
466.5993958,-0.000040901,0.00010832,-0.000076541,-0.000111579,-0.000173501,0.000137438,-0.000057188,0.000001236,-0.000015457,-0.00002685,0.000015803,-0.000018194,-0.000241412,-0.000035915,0.000026033,-0.000059933,-0.000087399,0.000120406,-0.000136474,0.000025745,0.000106316,0.00005442,0.000079805,0.000103962,-0.000034969,0.000034596,0.000015002,0.000086581,-0.000140643,-0.000056131,-0.00000975,-0.00001899,-0.000133744,0.000038563,-0.0000317,-0.000006847,-0.000013525,-0.000001894,-0.000070125,-0.000003025,-0.000027496,0.000026809,-0.000023506,0.000017162,0.000117498,0.000056171,-0.000173913,-0.00001209,-0.000049381,-0.000057385,-0.00020365,0.000001979,0.000001971,-0.000072634,0.000005065,-0.000141161,0.000012208,-0.00007458,-0.000042876,-0.000062614,0.000010418,0.000027709,0.000121216,-0.000157742,-0.000439524,-0.001082653,0.004043463,-0.0003772,-0.000470862,-0.000071527,0.000166306,-0.00005129,-0.000076851,-0.000155551,0.000052889,0.000138214,0.000069441,-0.000026947,-0.000048934,-0.000092866,0.000017062,-0.000162322,-0.000097748,0.000075517,0.000031056,-0.000094032,0.000098646,0.000060739,0.000017949,0.00005221,0.000078138,-0.000032819,-0.000077992,-0.00004306,0.000083431,0.000007621,-0.000046644,-0.000048343,-0.000059112,-0.000090162,0.000000499
467.180542,0.000110859,0.000061519,0.000038911,-0.00002668,-0.000090552,0.000035892,0.000076251,0.000051964,0.00002225,0.00004861,0.000103904,0.000036555,-0.000265335,-0.000040047,0.000085451,-0.000099827,0.000056842,0.000011861,0.000034957,-0.000017508,0.000072419,-0.000066692,0.000035006,0.000041092,0.000052125,0.000072032,-0.000120679,0.000110379,-0.000012285,-0.000054297,0.000113723,0.000029519,-0.000057249,0.000020091,0.000003214,0.000044306,-0.000097321,0.000006327,-0.000019916,0.000070135,-0.00011364,0.000027823,-0.000017693,-0.000100922,0.000047978,-0.000029733,-0.000026487,0.000033244,-0.000113045,-0.00008648,-0.00006552,-0.000026405,0.000098906,-0.000111014,-0.000058167,-0.000028277,-0.000026416,0.000003029,-0.00004207,-0.000082084,0.000063373,0.000059982,0.00010941,-0.00018237,-0.00021649,-0.001128851,0.004109414,-0.000184867,-0.000660803,0.00008996,0.000057011,0.000114477,-0.000100719,-0.000016141,0.000087947,0.000189194,0.000185704,-0.000000489,0.000021794,0.000089549,0.000003332,-0.000011881,0.000064893,0.000131164,0.000099519,-0.000028339,0.000035124,0.000020347,0.000011087,0.000186656,0.000072415,-0.000138702,-0.000057761,0.000061173,0.000028469,0.000032335,-0.000038066,-0.000025766,-0.000048943,0.000044463,-0.000060928
467.7617188,-0.000040467,-0.000079316,-0.000056515,-0.000038891,-0.000135699,0.000024834,0.000086187,-0.000054631,-0.000031676,0.00004963,0.000137183,0.000093606,-0.000006712,0.000037097,-0.000010583,0.000015204,0.000068784,-0.000141575,0.000055339,-0.000072545,0.000110254,0.000013701,0.000079563,0.000118373,-0.000062804,0.00011355,-0.000095836,0.000169264,0.000031577,-0.000004347,-0.000061426,0.000050942,0.000135428,0.000134901,-0.000127094,0.000049124,-0.000037074,0.000105596,-0.00003623,-0.000001055,-0.000027052,0.000133509,-0.000010852,0.000058713,-0.000105855,0.000019053,0.000046415,0.000027316,-0.000035805,-0.000029246,-0.000132683,-0.000156507,0.000055538,-0.000121932,-0.000086933,0.000076749,-0.000119976,0.000076462,0.000048651,-0.000097083,-0.00003935,-0.000003119,0.00018618,-0.000033555,-0.000158186,-0.001002628,0.00430371,-0.000069302,-0.000646069,0.000008226,0.000094142,0.00004792,-0.000173325,-0.000009028,-0.00003545,0.00009477,0.000168397,-0.000003232,0.000069816,0.000048208,0.000072428,0.000068979,0.000038073,0.000034784,0.000145879,0.000123349,0.000086445,0.000168479,-0.000123876,0.000101406,0.000068183,-0.000037575,-0.000087244,0.000050122,0.000116695,0.000193222,0.000151055,-0.000095154,0.00002407,0.000096271,-0.000015537
468.3429565,0.000084155,0.00005996,-0.000085897,0.00001687,-0.000183856,0.000067437,-0.000057542,-0.000045177,0.000016329,0.000084069,-0.000025976,0.000003832,-0.000130589,-0.000023359,-0.000004253,-0.00009343,0.000059794,-0.000157634,0.000134563,0.000058912,0.00001627,-0.000127024,-0.000005708,0.000178746,-0.000116813,0.000051846,0.000022824,0.000020379,0.000070828,-0.000019029,-0.000132553,-0.000061909,0.000022845,0.000117186,-0.000113569,0.000011868,-0.000032455,0.000020284,-0.000051955,-0.000001491,-0.000082583,0.000075824,-0.000022041,0.000037101,0.000052622,-0.000032711,-0.00000993,0.000110204,-0.000066279,0.000045883,-0.000203399,-0.000154935,-0.000015245,-0.000059933,-0.000012515,0.000082845,-0.00003297,0.000099671,0.000061592,-0.000063138,-0.000038883,-0.000069536,0.000027702,-0.000007071,-0.000157035,-0.001072088,0.0044031,0.000176292,-0.000663744,0.000008179,0.00013186,-0.000052529,-0.000202836,-0.000053943,0.000024762,0.000030889,0.00012369,-0.000077926,0.000098309,0.00003085,0.000093575,0.000035435,0.000192535,-0.000061363,0.000104529,0.000052463,-0.00001794,-0.000066082,0.000014016,0.000079185,-0.000004146,-0.000146403,-0.000086817,0.000086932,0.000045728,-0.000053866,0.000100516,0.00006404,0.000079064,-0.00004274,0.000048633
468.9241943,0.000021678,-0.000040744,0.00010313,-0.000022905,-0.000181087,-0.000061296,-0.000095625,-0.000018695,0.000054113,-0.000018164,-0.000136285,-0.000014073,-0.000107851,0.000050471,-0.000033026,-0.00008825,0.000221023,-0.000077619,0.000149987,-0.000009519,0.000027107,-0.000077675,-0.000016119,0.000090584,0.000066969,0.000022202,-0.000055522,-0.000017161,0.000034909,0.00006078,-0.000053848,0.000049067,-0.000091514,0.000170465,-0.0001118,-0.000069248,0.000018357,0.000048867,-0.000094783,0.000020914,0.000053131,0.000004756,0.000007165,0.000031245,0.00003769,0.000013802,-0.000044246,0.000018202,0.000012098,0.000067236,-0.000057678,-0.000166356,-0.000030016,-0.000016426,0.000045451,-0.000004631,-0.000079705,0.000014108,0.000015549,-0.000079166,-0.000000124,-0.00016118,0.000095661,0.000025708,-0.000106722,-0.001225626,0.00423782,0.00042344,-0.000783611,0.00002621,0.000156443,-0.000168915,-0.000275555,0.000012739,-0.000000081,0.000015843,0.000106981,-0.000060219,-0.000018556,0.000113736,-0.000057777,-0.000010234,0.000002032,-0.000012196,0.000031362,-0.000001459,0.000025326,0.000044998,0.000105392,0.000006465,0.00013318,-0.000132923,0.000021314,0.000048234,0.000035471,-0.000095323,0.000032565,0.000025136,0.000187944,0.000120257,0.000051329
469.5055237,0.000050227,0.000045734,0.000120803,-0.000013757,-0.000045781,-0.000016107,-0.000137264,0.000150435,-0.000035588,0.000029314,0.000000608,0.000095571,-0.000083403,0.000101443,-0.00008349,0.000007311,-0.000028458,0.000035689,-0.000008672,0.000047573,0.000048096,0.000074186,-0.000084448,0.000123557,-0.000043118,-0.000022724,-0.000057965,0.000015422,-0.000036732,-0.000027637,-0.000037781,0.000107842,-0.000066325,0.000094335,0.000000498,-0.000042308,0.000040867,0.000130732,0.000018707,-0.000003968,0.000025179,-0.000092667,0.000051765,0.000016797,0.000110785,0.000126426,0.000028427,0.000074925,-0.00003442,0.000086162,-0.000103089,-0.000038422,-0.000092056,-0.000067367,-0.00000618,-0.000042743,-0.000050057,0.000029111,0.000056994,0.000013879,0.000046338,-0.00013749,-0.000013801,0.000028806,-0.000056983,-0.001221159,0.004271965,0.000585954,-0.000670851,0.000094335,0.000067858,0.000008167,-0.000158224,-0.000065001,0.000106228,0.000033122,0.000026554,0.000184945,0.000062137,0.000110917,0.000029149,-0.00013309,-0.0000466,0.000004363,0.00014643,0.000056042,0.000191039,0.000120776,0.000063129,-0.000003404,0.000179864,0.000045512,0.0000197,0.000050448,0.000075507,-0.000019222,-0.000010564,0.000000658,0.000031255,0.00001172,0.000097949
470.086853,-0.000036444,0.000107295,-0.000099371,-0.000076072,0.000124586,0.00008952,0.000062079,0.000118011,-0.000040577,-0.000004872,0.000155141,0.000041122,-0.00000745,0.000098431,-0.000105691,0.000011066,0.000016421,-0.000034846,0.000052143,-0.000064135,0.000120364,-0.00003606,-0.000030174,0.000086871,0.000054516,0.000049977,-0.000104991,0.000078175,-0.000079055,-0.00008093,0.000034179,-0.000040685,0.000025744,0.000033631,0.000025614,0.000032465,-0.000047256,0.00000087,0.000010738,0.000061508,0.000015849,0.000083771,-0.000001581,-0.000011801,0.000035385,0.000134872,0.000035091,-0.000032489,0.000060376,-0.000081765,-0.000024631,0.000101598,-0.000046326,-0.000133604,-0.00003571,-0.000029929,-0.000096724,0.000046676,0.000042395,-0.000005551,0.000011788,0.000055434,0.000109568,-0.000026626,-0.000218902,-0.001276755,0.004277206,0.000696956,-0.000793808,0.000188663,0.000014882,-0.000006823,-0.000100305,-0.000001232,0.000167189,0.00004574,-0.000074151,0.000091895,0.000049863,0.0000926,0.000155487,-0.00005329,0.000052033,0.000024928,0.00010935,-0.000080957,0.000032779,0.000028235,0.00019083,0.000010494,0.000000035,0.000100731,0.000027285,0.000009623,0.000062693,0.000048461,0.000104441,-0.000068147,-0.000034563,0.000098015,-0.000020906
470.6682434,-0.000037392,0.000125679,-0.000129881,-0.000036974,-0.000098546,-0.000123858,0.000023899,0.000125115,-0.000118034,-0.000015207,0.000000769,0.000012731,-0.000073048,-0.000076728,-0.000057161,0.000024952,-0.000044278,0.000030918,0.000093949,-0.000101899,0.000171977,-0.00016202,-0.000025908,0.0001352,-0.000072784,0.000076615,-0.000197888,0.00008751,0.000033818,-0.000109439,-0.000039086,0.000020978,0.000031163,0.000092297,-0.000000357,0.000004662,0.000026738,0.000035106,-0.000035465,-0.000053376,-0.000073211,0.000115281,-0.00013927,-0.000036774,0.000041069,-0.000067473,-0.000127952,-0.000071964,0.000103515,-0.000054048,-0.000035609,0.000000864,-0.000074937,-0.000060885,-0.000120363,-0.000017605,-0.000129992,0.000022868,0.000031072,-0.000013533,0.000018996,-0.000012565,0.000087342,-0.000127733,-0.000048323,-0.001363287,0.004118925,0.000769457,-0.000897827,0.000024957,0.000112661,0.000079761,-0.000106034,-0.000029601,0.000109758,-0.000017379,-0.000018716,0.000061806,-0.000116481,0.000130828,0.000108009,0.000004474,-0.000012131,0.000128953,0.000081669,-0.000135228,-0.000047504,-0.000063192,0.000228789,0.000061451,0.000034485,0.000053204,0.000012341,0.000080429,0.000032933,0.000068419,0.000054227,0.000015763,0.000018179,0.000065759,0.000073891
471.2496948,0.000084635,0.00003458,-0.000066846,-0.000077892,-0.000117503,-0.000043777,-0.000065182,0.000064208,-0.000022865,-0.000031437,-0.000076771,-0.000016435,0.000032581,-0.000010184,0.000044969,-0.000103691,0.000073146,-0.000035905,-0.000039248,-0.000104536,0.000154031,-0.000016938,0.000021683,0.000169691,0.000007986,0.000030738,0.000040607,0.000080253,0.00006432,-0.000024951,-0.000055853,-0.000018748,-0.000009913,0.000139146,-0.000105053,0.000020251,0.000002889,0.000067198,-0.000063309,0.000006999,-0.000007636,-0.000022171,-0.000059852,-0.000029649,-0.000009317,-0.000001564,0.000053753,0.000024983,0.000199105,-0.000135284,-0.00007759,-0.000012051,0.000021212,-0.000026558,0.000004198,0.000012784,0.00000713,0.000028885,0.000145352,-0.000001766,0.000148124,-0.000090577,0.000038077,0.000031819,-0.000001926,-0.001281216,0.004077966,0.000897138,-0.000950082,0.000037808,0.000210907,-0.000034921,-0.000123047,-0.000013073,0.000110767,-0.000017405,-0.000116744,0.000127678,0.000089015,0.000147253,-0.000017589,-0.00008305,-0.000003104,0.00009458,0.000006805,0.000004208,0.000026206,-0.000044765,0.000115402,0.000107289,0.000058117,0.000019939,-0.00001407,0.000126498,-0.0000102,0.000062405,0.000186101,0.000119646,0.000038258,-0.000028159,0.000121565
471.8311768,-0.00008714,0.000036621,0.000047572,-0.000066164,-0.00004369,0.000022396,-0.000086672,-0.000084669,-0.000039218,0.00016724,-0.000183054,-0.000023671,-0.000106624,0.000026435,0.000003911,-0.00012449,0.000137889,-0.000075956,0.000079022,-0.000105631,0.000125193,0.000088866,0.000033707,0.000049122,0.000031154,0.000094496,0.000004661,0.000036657,0.000044233,-0.000052684,-0.000041492,-0.000054551,-0.000101685,0.00009914,-0.000039959,0.000048276,0.000052842,-0.000124869,-0.000030015,0.000135074,0.000064855,0.000057122,0.000046004,-0.000017487,-0.000048397,0.000069823,-0.000030763,-0.000003188,0.000051136,-0.000111323,-0.000038359,0.00004589,-0.000058593,-0.000041368,-0.000004116,0.000031002,-0.000067274,0.000076713,0.000017186,0.000044855,0.000177915,-0.000112491,0.00005983,-0.000161963,-0.000054745,-0.00131919,0.00391402,0.001070194,-0.001030066,0.000090003,0.000115037,-0.000020344,-0.000159227,0.000093302,0.000079428,0.000002355,-0.000055307,-0.000049941,0.000109193,0.000145026,0.000035389,0.000014078,-0.000007272,0.000165288,-0.000031811,-0.000113089,0.00011612,0.000025283,0.000087881,0.000135432,0.000072362,0.000020147,-0.000018826,0.000024131,0.000063588,0.0000953,-0.000077398,-0.000060938,-0.00008354,-0.000027883,0.000121528
472.4126892,-0.000048843,0.000119154,0.000054717,-0.000002378,-0.000002912,0.000052448,-0.000034943,0.00001215,-0.000114089,0.000114852,0.000050962,0.000095202,-0.000168197,0.000139439,-0.000027299,0.000034756,0.000018228,0.000050748,0.000122993,-0.000020732,0.000156604,0.000000648,0.000049851,0.00017016,-0.000058987,0.000040512,-0.000035462,0.000041716,-0.000037174,0.000030348,0.000056346,-0.000076404,-0.00006654,0.000118741,0.000065033,-0.000014657,0.000053461,-0.000091349,0.000057063,-0.00002811,0.000022427,0.000075505,0.000011579,-0.000013577,-0.000014209,0.000085185,-0.000104423,-0.00000103,-0.000030303,0.000006858,-0.00004591,0.000001621,-0.000125501,-0.000185822,-0.00001492,-0.000044529,-0.000033719,0.000092947,-0.000018678,-0.000012205,-0.000000247,-0.00013783,0.000043649,-0.000158935,-0.000070235,-0.001212451,0.003666109,0.001312731,-0.001098899,0.0001791,0.000100228,0.000021622,-0.000087249,0.000084895,0.000049501,-0.000104188,-0.000131238,-0.000098868,0.000020433,0.0000105,0.000066436,-0.000057817,0.000000056,0.000088093,-0.000041428,-0.000181482,-0.000079137,0.000031065,0.000004901,0.000030378,0.000052298,-0.000007918,-0.000007935,-0.00000568,0.000049648,0.000061517,-0.000047933,-0.000060906,-0.0000736,-0.000106777,0.000077344
472.9942322,0.000027555,0.000160433,-0.000008229,0.000016689,-0.000110852,0.000000371,-0.000001191,0.000040761,-0.000081616,0.000106761,0.000027378,-0.000058806,-0.000049038,0.000062018,-0.000133848,-0.000025599,-0.000015651,-0.000020392,0.000136987,-0.000078875,0.000027583,-0.000003075,-0.00010608,0.000131656,0.000014663,0.000072417,-0.000091825,-0.000020202,0.000001163,-0.000032913,0.000091396,-0.000034038,-0.000073463,0.000137253,0.000009602,-0.000080573,-0.000003428,-0.000011621,0.000046358,0.000067818,-0.000068748,-0.000033578,0.000030824,0.000021583,0.000008601,0.000043666,-0.000105831,0.00003297,0.00016562,-0.000069813,0.000043404,0.000030352,-0.000102011,-0.00017552,0.000001746,-0.000011925,-0.000010685,-0.000006725,0.000064967,0.000010711,-0.000043509,0.000014679,0.000114119,-0.000037639,0.000046293,-0.001160101,0.003413965,0.001372514,-0.001045638,0.000049527,0.000102034,0.000022748,-0.000091255,0.000117036,-0.000032866,-0.000044149,-0.000225781,-0.000011679,-0.000075733,0.000100793,0.000064391,0.000067587,0.000030137,0.000123534,0.000058212,-0.000061142,-0.000009738,0.000035175,0.000066471,0.000033563,0.000049911,0.000047503,-0.00001595,0.000071699,0.000047148,0.000014079,-0.000003169,-0.000025485,-0.00000263,0.000009729,0.000062997
473.5758362,-0.000000203,-0.000024881,0.000026167,0.000019992,-0.000132492,0.000040179,-0.000017336,0.000004708,-0.000116297,0.000001924,0.000054728,0.000001014,0.000016814,0.000002313,-0.000091664,-0.000043988,0.000004704,-0.000028651,0.000051558,-0.00007702,0.000125329,0.000112278,-0.000124506,0.000154248,0.000060859,0.000119628,-0.000135249,0.000027505,0.00002722,-0.000116144,-0.000022246,-0.000082525,0.000009713,0.000173077,0.000001611,0.000002204,0.00000528,-0.000057039,-0.000011018,0.000100389,-0.000074139,0.000013299,-0.000049632,-0.00003458,-0.000042456,-0.00002016,-0.000071552,-0.000011763,0.000135006,0.000012815,-0.000034019,-0.000083786,-0.000055569,-0.000054906,-0.000080573,0.000124305,0.000017866,0.000042733,0.000103018,-0.000014571,0.000081065,-0.000031763,0.000086009,-0.000003066,-0.000027295,-0.001066311,0.003162962,0.00144014,-0.001069943,0.000058627,0.000055262,0.000023307,0.000032071,0.000079851,0.000035434,0.000002859,-0.000173477,-0.00004041,0.000007357,0.000115134,0.000081186,-0.000076047,0.000001272,0.000102814,0.000141035,0.000018893,-0.000001762,-0.000025421,0.000001081,0.000095405,0.000020346,-0.000071236,0.000052447,0.000082315,-0.000055964,0.000022822,-0.000082414,0.000071886,-0.000094974,0.000083044,0.000039711
474.1574707,-0.000060767,0.000051741,0.000032866,0.000000908,-0.000107559,0.000029327,-0.000018228,-0.000102849,-0.000130617,0.000038336,-0.000035478,-0.000041625,-0.000117913,-0.00001118,-0.000072491,-0.000083789,0.000028049,-0.000004552,0.0000842,0.0000559,0.000044171,-0.000016557,-0.000066366,0.000185465,0.000035952,0.000050796,-0.000043753,0.00000174,-0.000011384,-0.000047454,-0.000046477,-0.000025513,-0.000017795,0.000068987,-0.000012151,0.000099475,0.000064245,-0.000052902,-0.0000469,0.000089695,0.000031521,0.00000322,-0.000024153,-0.000005035,-0.000034312,-0.000022529,-0.000110842,0.000005439,0.000003384,-0.000051639,0.000001845,-0.000073086,-0.000070141,-0.000143035,-0.000079264,0.000058195,-0.000011604,-0.000038852,0.00005114,-0.00010791,0.000087197,-0.000015336,0.000017728,-0.000026594,0.000067561,-0.0010457,0.002785065,0.001617714,-0.001157717,0.000049698,0.000103931,0.000046846,0.000029313,0.000096922,0.000099704,-0.000159181,-0.000141163,0.000022665,0.000071109,0.000207258,-0.000045023,0.000018731,0.000056483,0.000046938,-0.000068208,0.000000424,0.00005498,0.000050953,-0.000007399,0.000058641,0.000038811,-0.00006951,0.000092964,0.000190011,-0.000001336,-0.000031633,-0.00001468,-0.000002606,-0.00000109,-0.000032465,-0.000034913
474.7391663,-0.000072691,0.000036595,-0.000045661,-0.000069069,-0.000118242,0.000057648,0.00000221,-0.000020726,-0.00010026,0.000118543,-0.00014879,-0.000094093,-0.000152894,0.000111942,-0.000069078,-0.000133454,0.000066891,0.000055869,0.000032555,-0.000013987,0.000069742,-0.000088404,0.00002009,0.000138631,-0.000032717,0.000066534,0.000022508,-0.00002185,0.000001526,-0.000064468,-0.000006263,0.000009463,-0.000086259,0.000000106,0.000010901,0.000061432,0.000010756,-0.000015924,-0.000083725,0.000047892,0.000058152,0.000012915,0.000015825,-0.000062565,0.000029054,-0.000065688,-0.000078818,-0.000038068,-0.000046085,0.0000499,-0.000052366,0.000043637,-0.000098121,-0.000191479,0.000002149,0.00001664,0.000044206,-0.000067614,-0.00001468,-0.00006629,0.000067646,-0.000060516,0.000110849,-0.000001211,0.000161308,-0.001048347,0.002343636,0.001850888,-0.001140663,-0.000020803,0.000083685,0.000097973,0.00006227,0.000097484,0.000084427,0.000005872,-0.000102319,-0.000024239,-0.000074024,0.000006857,0.0000193,0.000055635,0.00020993,0.000065476,0.000009189,-0.000103811,0.000083721,-0.000036989,0.000026702,-0.000066797,-0.000008711,0.000057392,0.000078899,0.000169819,0.000087448,0.000093284,0.000022127,-0.000123972,0.000097369,-0.000092071,-0.000040652
475.3208923,-0.000074873,0.000134142,-0.000010818,-0.000108001,-0.000082511,0.000041858,0.000036436,0.000016512,-0.000111721,0.000018865,-0.000068295,0.000036806,-0.000142713,0.000111085,-0.000042193,0.000090072,0.000094637,0.000090691,0.000065839,-0.00010733,0.000116653,0.000103447,-0.000011978,0.00019712,0.00010974,0.00002985,-0.000079761,0.000118367,0.000011558,-0.00005626,0.000011278,0.000041577,-0.000214215,0.000065061,-0.000060785,0.00006981,0.000018487,0.000029371,0.000041337,0.000034369,0.000059956,0.000069547,-0.000017662,-0.000045922,-0.000031478,0.000012573,-0.000079267,0.000033053,-0.000024203,0.000056137,0.000005603,-0.00001086,-0.000054018,-0.000138932,0.000025881,-0.000036633,0.000103081,0.000045797,0.000002731,0.000011241,0.00011549,-0.000027151,0.000173043,-0.000098076,0.000060426,-0.001007,0.002054977,0.001778903,-0.00121211,-0.000047343,-0.000037841,0.000013781,0.000071792,0.000259841,0.000086069,0.000008574,-0.000158161,0.000072041,-0.000068431,-0.000048396,0.000055234,0.000062068,0.000133523,0.000145548,0.000110109,-0.000132046,0.000000375,-0.000068255,0.000060657,-0.000116928,0.000034379,0.000029723,0.000001379,0.000107833,-0.000005232,-0.000031964,-0.00001377,-0.000062724,0.00000564,-0.000004564,0.000056173
475.9026489,-0.0000692,0.000013577,0.000069193,-0.000139492,-0.000173042,0.00001437,0.000078418,-0.000024639,0.000020241,0.000063782,-0.000009517,-0.000005738,-0.000033999,0.000102554,-0.000007037,0.000051978,0.000032669,-0.000027832,0.000060716,-0.000047778,0.000151174,0.000030833,0.000055325,0.000191117,0.000113753,0.00006576,-0.000057147,0.000099438,-0.000062236,-0.000029965,0.000032892,0.000045478,-0.000069179,0.000147118,-0.000002264,0.000058336,0.000036968,0.000102199,0.000002733,0.000089652,0.000124029,0.000058373,0.000077366,-0.00002434,-0.000056226,0.000042183,0.000024059,0.00000166,0.000078686,0.000001272,-0.000051649,0.000032207,-0.000079502,-0.000147594,0.000053981,-0.000055012,0.000044799,0.000037032,0.000031307,-0.000064608,0.000097352,0.00002739,0.000060734,-0.000025167,0.000065097,-0.000919138,0.001755302,0.001947418,-0.001233807,-0.00003618,-0.000028311,0.000008945,-0.000049238,0.000211083,0.00001118,0.000021025,-0.000048713,0.000021021,0.000034036,0.000036837,-0.00004153,0.000071718,0.0001305,0.000131719,0.000093908,-0.000013259,-0.000029655,0.000038279,0.000071924,-0.000019449,0.000043989,0.000050403,0.000077972,0.000140909,0.000091952,-0.000021769,0.000018579,-0.00003388,0.000016632,0.000068114,-0.00002585
476.4844666,-0.000061411,-0.000124024,0.000026586,-0.000067609,-0.000181409,0.000016651,0.000061919,0.000047707,-0.000037051,0.000058912,0.000027293,-0.000101302,-0.000103543,-0.000034794,-0.000009049,-0.000062882,0.00005362,0.00001041,0.000091744,-0.000011799,0.000173802,-0.000111373,0.000013654,0.000055176,0.000106123,0.000083053,-0.00007313,0.000090171,0.000000898,-0.000095556,-0.000009051,0.00001309,0.00005412,0.000150379,-0.000055802,0.000004147,0.000038484,0.000057846,-0.000058094,0.000063714,0.000044119,0.00010025,-0.000096665,-0.000053006,0.000009773,-0.000036057,-0.000039611,-0.000056602,0.000090164,-0.000119853,-0.000018644,-0.000109798,-0.000062124,-0.000212158,0.000002995,0.000050718,-0.000034279,0.00001238,-0.000041628,-0.000099459,0.00002148,0.000031623,0.000032549,-0.000022235,0.000101647,-0.000965455,0.001365455,0.002159015,-0.001094927,-0.000134626,-0.000033875,-0.00001418,0.000015025,0.000126999,-0.000054313,-0.000068768,-0.000089668,-0.000024332,0.000031914,-0.000062587,0.000012911,0.000055704,0.000111825,0.000143279,0.000081197,0.000039109,0.000015227,0.000019053,-0.00000974,0.000007433,-0.000024851,-0.000013193,0.000025244,0.000116561,0.000093708,0.000033825,-0.000008177,0.000073559,0.000052651,0.000010212,0.000089032
477.0663147,-0.000004554,-0.000062911,0.000027002,-0.000061633,-0.000164646,0.000000084,-0.000049293,0.000019801,-0.000027081,0.00000117,-0.000128892,-0.000016247,-0.000152812,0.000050712,0.000050617,-0.000097716,0.000076789,-0.000067002,0.000097881,-0.000005576,0.000110025,-0.000025539,0.000026277,0.000076963,0.000057147,0.000164309,-0.000134974,0.000029592,0.000047621,-0.000070143,-0.000138869,-0.000039457,-0.000040161,0.000110002,-0.00006903,0.000023316,0.000050741,-0.000014728,-0.000014488,0.00001409,-0.000029995,-0.000002523,-0.000083,0.000050932,-0.000021978,-0.000137633,-0.00001843,-0.00000514,0.00014117,-0.000142984,-0.00005512,-0.000091823,-0.0000717,-0.000096019,-0.000006856,0.000029019,-0.000036333,0.000008838,-0.000056723,-0.00003164,0.000011369,-0.000064719,-0.000039306,0.000015027,0.00005203,-0.000941082,0.001064467,0.002108508,-0.001145956,-0.000178019,-0.000020549,0.000032451,0.000077757,0.000084214,-0.00000466,-0.000075352,-0.000057458,0.000015152,-0.000078984,-0.000090361,-0.000062111,0.000028236,0.00015565,0.00013141,0.000037577,0.000044086,0.000148259,-0.000042236,-0.000034526,-0.000066302,0.00004285,-0.000103172,-0.000048335,0.000096333,0.000061912,0.000093832,-0.000006783,0.000014725,-0.000014365,-0.000038821,0.000079845
477.6482239,0.000013834,0.000009555,0.000010173,-0.00010545,-0.000033943,0.000055871,-0.0001149,0.000072389,-0.000106935,0.000004935,-0.000075832,-0.000018856,-0.000182759,0.000057097,-0.000015087,-0.000080432,0.000027436,0.000054513,0.00003853,0.000001733,0.000181371,-0.00001032,-0.000129984,0.000056607,0.00004746,0.000142454,-0.000044482,0.000047169,0.000024966,-0.000064127,-0.000084727,0.000009985,-0.000121395,-0.000023133,-0.000001163,0.000007748,0.000059724,0.000021064,0.00000216,0.000054682,-0.000024223,0.000008006,0.000008382,0.00001967,-0.000011956,0.000033666,-0.000050517,-0.000037277,0.000058199,0.000058977,-0.000023956,-0.000001875,-0.000057887,-0.000076407,0.000012245,-0.000023831,-0.000047678,-0.000044947,-0.000068853,-0.000078431,-0.000015188,-0.000027781,0.00006463,0.000058124,0.00010105,-0.00084931,0.000729446,0.00223687,-0.001075795,-0.000196993,0.000000045,-0.000060434,0.000023006,0.000142162,0.000069222,0.000050877,-0.000023505,0.000102248,-0.000105657,-0.000097217,0.000000913,0.000003987,0.000043932,0.000055845,0.000117301,-0.000042944,0.000093598,-0.000003218,0.000018286,-0.000060912,-0.000006924,0.000100539,0.000037942,-0.000003088,0.00003358,0.000010472,0.000072999,-0.000007147,0.00000974,-0.000122541,0.000102783
478.2301331,-0.000057463,0.000042639,0.000011932,-0.000092494,-0.000108861,0.000016229,-0.000008818,0.000054835,-0.000082494,0.000028144,0.000034312,0.000038904,-0.000065993,0.000068109,-0.000039321,-0.00000076,-0.000022922,0.000122444,0.000037733,0.000012368,0.000096459,0.000119756,-0.000055367,0.000029336,0.000056517,0.000123682,-0.000129914,0.000021798,0.000039146,-0.000066107,-0.000077163,-0.000030721,-0.000115031,-0.000001892,-0.000004544,0.000007172,0.000010813,-0.00001718,-0.000023064,0.00007527,0.000006418,0.000057417,-0.000001832,0.000000304,-0.000033197,0.000032304,-0.000015778,-0.000037926,0.000113468,-0.000031319,-0.000046216,-0.00001323,-0.000058467,-0.000142596,-0.000037059,-0.000043,-0.000088488,-0.000009273,-0.000102647,-0.000030915,0.000005586,-0.000035056,0.000124932,-0.000081619,0.000035501,-0.000689126,0.000410585,0.002323598,-0.001040012,-0.000174364,-0.000059755,-0.000063591,0.000070927,0.00022939,0.00008938,0.000036351,0.000001606,0.000037408,0.000008368,-0.000073469,0.000000389,0.000006549,0.000059078,-0.000009281,0.000108505,-0.000046378,0.000112164,-0.000094287,-0.000010089,-0.000048942,-0.000017858,0.000131485,0.000059341,0.000034148,0.000104874,0.00004415,0.000060394,-0.000040074,-0.000023051,-0.000118446,0.000110145
478.8121338,-0.000070889,-0.000015554,-0.000026964,-0.000100339,-0.000124857,0.000032685,-0.000004673,-0.000027569,0.0000532,0.000023619,0.000005323,0.000083708,-0.000105112,-0.000045007,-0.000086189,0.000027814,0.000024318,0.000000359,0.000065969,-0.000032473,0.000147124,-0.000008568,-0.000010349,0.000051041,0.000045641,0.000136486,-0.000174912,0.000091232,-0.000044065,-0.000005648,0.000022335,0.000009297,-0.000186035,0.00006331,0.000066679,0.000031479,-0.00006856,0.000025344,0.000034717,0.000011929,0.000003361,0.000083127,-0.000017148,-0.000054692,-0.000067543,-0.000044356,-0.000085884,0.000052139,0.000130918,-0.00005873,-0.000064185,-0.000062853,-0.000138089,-0.000104567,-0.000102678,-0.000039162,-0.000044225,0.000032893,0.000001949,-0.000036941,0.000032619,0.000041806,0.000053248,-0.000094599,-0.000011794,-0.000721121,0.000076503,0.002445961,-0.001072634,-0.000363756,-0.000133471,-0.000044089,0.000004212,0.000113727,-0.000005554,0.000017987,0.000069722,-0.000003718,-0.000023895,-0.000096844,-0.000039417,0.000033168,0.000082553,-0.000022597,0.000052997,-0.000014355,0.000158416,0.000017909,-0.000072055,-0.000011246,-0.000058435,-0.000067984,0.000012638,-0.000025309,0.000079847,0.000107637,0.000036308,-0.000004944,-0.00003733,-0.000032659,0.000003157
479.3941345,-0.00018346,-0.000136348,-0.000030822,0.000009154,-0.000096006,0.000036202,-0.000062643,-0.000129308,-0.000132445,0.000026216,-0.00002145,0.000003476,-0.000085819,0.000043178,-0.000102585,-0.000055966,0.000018289,-0.000008506,0.000037916,0.00000813,0.000185394,-0.00006051,-0.000121363,0.000083839,0.000055205,0.000097093,-0.000142093,0.000042696,-0.000078631,-0.000006973,-0.000074641,-0.000114691,-0.00014471,0.000062574,-0.000046473,-0.000029908,-0.000002953,-0.000025973,-0.000068926,-0.000082993,-0.000040786,0.000096252,-0.000043126,-0.000021173,-0.00006839,-0.000009603,-0.0000851,0.000023721,0.000092689,-0.000071706,-0.000030864,-0.000073391,-0.000093444,-0.000139515,-0.000131666,-0.000049777,-0.000045088,-0.000025223,-0.000028186,-0.000051747,0.000055034,-0.000028735,0.00002493,-0.000102664,0.000091294,-0.000675232,-0.000021643,0.00255963,-0.00101713,-0.000473802,-0.000174284,0.00000374,-0.000055763,0.000123827,-0.000037407,-0.000027747,0.000118956,-0.000068316,-0.000161555,-0.000114801,-0.000077708,-0.000021285,-0.000032469,0.000014941,0.000099179,0.000086583,0.000053167,0.000103207,-0.000046573,-0.000098414,-0.000042854,-0.000113149,-0.000114036,-0.000064778,0.000018427,0.000050772,0.000062356,0.000053977,0.000002393,-0.000033583,0.000014848
479.9761963,-0.000109382,-0.000004752,0.000024215,-0.000124262,-0.000026821,-0.000031854,-0.000085988,-0.000060016,-0.00010628,0.00011538,0.000015344,0.000050505,-0.000072611,0.000032057,-0.000025303,-0.00009102,0.000043549,-0.000067958,0.00006342,0.000040062,0.000066668,0.000021436,-0.000086322,-0.000010731,-0.000009172,0.000069315,0.00002614,0.00001204,-0.000045929,-0.000120871,-0.000130004,-0.000153366,-0.000107573,0.000114216,-0.000097562,0.000036719,-0.000004054,0.000028444,0.000008039,-0.000005097,-0.000038487,0.000033892,0.000004747,-0.000026504,-0.000076836,-0.000050471,-0.000021647,-0.000011185,0.000179403,-0.000024999,-0.000026823,-0.000096478,-0.000093689,-0.000041656,0.000053243,-0.000023066,-0.000016097,0.000069939,-0.000089468,-0.000000703,-0.000043357,-0.000065303,0.000033772,-0.000030369,0.000053323,-0.000567339,-0.000213226,0.002677716,-0.000957913,-0.000471219,-0.000123261,-0.00007395,0.000034423,0.000135484,0.000055875,-0.000023704,0.000059408,0.000039444,-0.000133877,-0.000008586,-0.000064421,0.000015882,0.000042801,-0.000005622,0.000135563,0.000113658,0.000083156,-0.000002373,-0.000062903,-0.000180091,0.000023034,-0.00015686,-0.000136758,0.000045154,0.000156048,0.000011576,0.000069873,-0.000016765,0.000019062,-0.000029971,0.000159978
480.5582886,-0.000018112,0.000023107,-0.000012151,-0.000122415,-0.00005842,0.000021163,-0.000014796,-0.000010047,-0.000040246,0.000084265,0.000055565,-0.000002251,-0.000091343,0.000051535,0.000061031,-0.00001108,-0.000014988,-0.00003509,0.000057364,0.000023098,0.000122726,-0.00005377,-0.000009862,0.00005374,0.000013361,0.000125866,-0.000008401,0.000024871,-0.000037311,0.000037753,-0.000109857,-0.000039322,-0.000016083,0.00009808,-0.000096706,0.000008717,0.000056255,-0.000001971,-0.000009474,0.000063607,-0.000039135,0.000010561,0.000014571,-0.000086391,-0.000015195,-0.000042613,-0.000139275,0.000011362,0.000070113,0.000036442,-0.000056253,-0.000116828,-0.000023528,-0.000062909,-0.000008868,-0.000050716,0.00006136,-0.000029033,0.000028769,0.000025859,-0.000016155,-0.000064718,0.000070272,-0.000004708,0.00007407,-0.000441349,-0.000533727,0.002876132,-0.000788422,-0.000507006,-0.000120365,-0.000081992,0.000014372,0.000053165,0.000013957,0.000123343,0.000099846,0.000065207,-0.00009928,0.000037056,-0.000065175,-0.000018835,0.000098528,-0.000004582,0.000130858,0.000163423,0.00011069,0.000049131,-0.00006471,-0.000071396,-0.000014531,-0.000105696,-0.000034796,0.000007055,0.000106282,0.000096737,0.000033049,-0.000025775,0.000041621,0.000035948,0.000012377
481.1404419,-0.000122047,0.000030134,-0.000007833,-0.000143293,-0.000107963,-0.000034945,-0.000062587,0.000044545,-0.000037774,0.000059006,0.000012571,0.000002492,-0.000131436,0.000092787,-0.000093314,-0.00004063,-0.000102486,-0.000024561,0.00004622,0.000074378,0.000040351,-0.000048343,-0.000057784,0.000019377,0.000021379,0.000049508,-0.000140287,0.000073399,0.000047064,-0.000074006,-0.000017456,-0.000101668,-0.000106256,0.000015855,-0.000098874,0.000010391,-0.000042882,0.000025959,-0.000008167,-0.000030367,-0.000029898,0.000031624,0.000027624,0.000028576,-0.00007794,0.000014007,-0.000164596,-0.000008091,0.0000628,-0.000053689,-0.000052615,0.000002173,-0.000077261,-0.000145295,-0.00005049,-0.000162589,-0.000071994,-0.000046793,-0.00006118,-0.000133935,-0.000101693,-0.000055666,0.000097179,-0.000024671,0.000012578,-0.000365775,-0.000663387,0.00298855,-0.000610001,-0.000459274,-0.000067272,-0.000035922,0.000004038,0.000058659,0.000002289,0.000092744,0.000044375,0.0000944,-0.000086101,0.000000876,-0.000065694,-0.000053637,0.000036494,-0.000071022,0.000019049,-0.000006983,0.00010735,-0.000070725,-0.000039369,-0.000004847,-0.000040207,-0.000116992,-0.000081846,-0.000011647,0.000032313,0.000054823,-0.00005955,0.000024057,0.000014651,0.000000037,-0.00006368
481.7226257,-0.00018599,-0.000028941,-0.000020642,-0.000086596,-0.000097484,0.000040423,-0.000018804,0.000047107,-0.000060944,0.00002087,0.00005125,-0.00000665,-0.000183127,0.000073807,-0.00014403,-0.000047335,-0.000067618,-0.0000337,-0.000061402,-0.000102017,0.000123282,-0.000064855,-0.000090245,0.000091146,0.00000791,0.000107676,-0.000161907,0.000110427,0.000086485,-0.000093693,0.000132513,-0.000014252,-0.000141213,0.000040227,-0.000030383,0.000006142,0.000024206,0.000050018,0.000052169,0.000055769,-0.000005275,0.000080607,0.000044825,0.00004464,-0.00001539,-0.000051262,-0.000012074,0.000089075,0.000099448,-0.000025792,-0.000052769,0.000042956,-0.000072409,-0.000164139,0.00004097,-0.000105311,-0.000046406,-0.000018819,-0.000022805,-0.000090787,-0.000001337,-0.000038405,-0.000063013,-0.00006335,0.00003856,-0.00032558,-0.00079511,0.003203659,-0.000584367,-0.000463809,-0.000123885,0.000020466,-0.000086904,0.000010284,-0.000037003,-0.000005658,0.000073438,0.000115424,-0.00011416,0.000015079,0.000035273,-0.000014184,0.000035761,0.000009583,0.000003804,-0.000031819,0.000045122,-0.00003925,-0.000073274,0.000003751,-0.000028538,-0.000161523,-0.000106947,0.000000133,-0.000054037,0.000065018,0.000013911,0.000001128,0.000029734,-0.000002281,-0.000001924
482.3048401,-0.000097257,-0.000007877,0.000003355,-0.000067815,-0.000139324,0.000037919,-0.000011554,0.000117018,0.000009237,0.000024985,0.00011715,-0.000038004,-0.000172079,0.00008663,-0.000118364,-0.000029381,0.000064515,0.000008654,0.000037557,-0.000003265,0.000187967,-0.000118516,-0.000040392,0.000119805,0.000014945,0.000120996,-0.000079108,0.000111967,-0.000030549,-0.000160896,0.000016529,0.00000332,-0.00006057,0.000033651,-0.000000338,-0.000005037,-0.000015915,-0.000018506,0.000019126,0.00001368,0.000000872,0.000002952,0.000045562,-0.000054122,-0.000120283,0.000000587,-0.000089918,0.000024096,0.000087674,0.000002317,-0.000061614,-0.000003794,-0.000063552,-0.000154283,-0.000049858,-0.000006606,-0.000006639,-0.000005648,-0.000009635,0.000080132,0.000030546,0.000052689,0.000032236,0.000003398,0.00002446,-0.000249238,-0.000865461,0.003277387,-0.000498467,-0.00060084,-0.000063964,0.000074958,-0.000047281,0.000039683,-0.000094663,0.000031311,0.000124378,0.000140452,-0.000010523,0.000014173,0.000035044,-0.000060082,0.000001061,-0.000010114,0.000105151,-0.000026523,0.000091968,0.00007128,-0.000018057,0.000021527,0.000009065,0.000008307,-0.000082624,0.000017098,0.000022149,0.000106265,0.000165204,0.000049882,0.000079678,0.000089769,0.000048214
482.8871155,0.000000616,0.000092311,0.000073684,-0.000114992,-0.000112521,-0.000009508,-0.000070761,-0.000062036,-0.000099713,0.000093938,-0.000007766,0.00000325,-0.000081558,0.000142144,-0.000026233,-0.000112059,0.000065201,0.000023809,0.000137941,0.000044652,0.000067615,-0.000079594,-0.000018887,0.000071258,0.000054345,-0.000053562,-0.000080945,0.000002531,-0.000043827,-0.000080641,-0.000047925,-0.000047347,-0.000068284,0.000080941,-0.000003544,0.000020462,-0.000010853,0.000022337,-0.000032216,-0.000051891,-0.000028352,0.000027331,0.000080703,0.000010075,-0.000053587,0.000031727,-0.000028717,0.000059577,0.00008328,-0.000019778,-0.000001908,-0.000014865,-0.000073558,-0.000149511,-0.000055612,0.000004694,-0.000029216,0.00005378,0.00007427,0.000028245,0.000043135,0.000066047,0.000087594,-0.000044277,0.000046287,-0.00030032,-0.001105317,0.003371485,-0.000337427,-0.000570697,0.000016783,0.000072586,-0.000076994,0.000010359,-0.000118437,0.000078037,0.000174992,0.000087514,-0.000010457,0.000006748,-0.000019833,-0.000010808,-0.000035069,-0.000069333,0.000121378,0.000063497,0.000114086,0.000033505,0.00010446,0.000019635,0.000103534,-0.000035146,-0.000079392,-0.000015,0.000041776,0.000058001,0.000069049,0.000031909,0.000058419,0.000004022,0.000069138
483.4694214,-0.000103092,0.000090838,-0.000029154,-0.00016843,-0.000011158,-0.000016592,-0.000008783,-0.000050278,-0.000072107,0.000069677,-0.000056726,0.00000341,-0.000056704,0.000053759,0.000038169,-0.000077672,0.000020369,0.00005145,0.000083225,-0.000002443,0.000053759,-0.00009581,-0.000047511,0.000057229,0.000084626,0.000060647,-0.000005557,0.000056206,-0.000014057,-0.000063298,-0.000044022,-0.000043189,-0.000020615,-0.000021408,-0.000012868,0.000023021,0.000010511,0.000045488,-0.000007072,0.000044198,-0.000031133,0.000037236,0.000069846,-0.000081704,-0.000064341,-0.000049649,-0.000025072,0.000078857,0.000038254,0.000009894,-0.000086207,-0.000063416,-0.000083409,-0.000158751,-0.000054576,-0.000076156,-0.000030561,0.000016755,0.000014752,-0.000068314,-0.000092193,-0.000078497,0.000030169,0.000044781,-0.000024006,-0.000267674,-0.001204352,0.003622865,-0.000242897,-0.000620714,0.000093413,0.000009984,-0.000044074,-0.000083963,-0.000052764,0.000083362,0.000147779,0.000061923,-0.00002559,0.000055572,0.000119447,-0.000075335,-0.000143207,-0.000091948,-0.000024771,-0.000029142,0.000119383,-0.000054183,0.000101824,0.000016964,0.000089715,-0.000047613,-0.000056717,-0.000056518,0.000004156,0.00006674,0.000058154,0.000039149,0.000087388,0.000039989,0.000036823
484.0517883,-0.000132747,0.000022147,-0.000043613,-0.000081205,-0.000040145,-0.000017298,-0.000063309,0.000017987,-0.000131548,-0.000017449,0.000049658,-0.00001211,-0.000073937,0.000023731,-0.000121787,-0.000024513,-0.000102576,-0.000017524,0.000010838,-0.000053096,0.000097982,-0.000055611,-0.000049861,-0.000011176,-0.000006488,0.000119174,-0.000127964,0.000017516,0.000014795,-0.000139263,-0.000054166,-0.000051561,-0.000112986,-0.000077933,-0.000007935,0.000030928,-0.000014853,0.000006817,0.000012039,-0.000003508,-0.000064509,0.000063251,0.000093078,-0.0000277,-0.000087913,0.000001182,0.000002057,0.00004797,0.000031622,0.000043262,-0.000042211,-0.000129742,-0.00003769,-0.000156283,-0.000066461,-0.000082102,-0.000007624,-0.000030565,-0.00007878,-0.000126244,-0.000102871,-0.000068192,0.000002993,-0.000051729,-0.000020825,-0.000222446,-0.001297332,0.003514439,-0.00007592,-0.00072827,0.000013349,-0.000005667,-0.00007663,-0.000053453,-0.0001083,0.000024278,0.000002988,0.00017109,-0.000001066,0.000057116,0.000066995,-0.000071123,-0.000132619,-0.000060694,0.000012278,0.000008622,0.000044649,0.000037503,0.000042441,0.000004821,0.000082717,-0.000039403,-0.00010292,-0.000053595,0.000011684,-0.000013088,-0.000008801,-0.000002935,0.000013314,0.000003439,0.000019117
484.6341858,-0.000086189,-0.000026111,0.000041678,-0.000074633,-0.00006018,-0.00001547,-0.000062962,0.000077642,-0.000041785,-0.000006262,0.000042435,0.000092036,-0.000111236,0.000056375,-0.000136916,-0.000062435,-0.000039453,-0.000021081,-0.000017136,0.000021793,0.000120115,0.00002245,-0.000023774,0.000044123,-0.000007155,-0.000003795,-0.000184452,0.000099338,-0.000000482,-0.000021507,0.000024501,-0.000078157,-0.000111134,-0.000017529,0.00001861,0.000024531,0.000024526,0.000004743,-0.000005697,0.000042712,-0.000055374,0.000037542,0.000044062,-0.000012339,-0.000091712,0.000043517,0.000028407,-0.000022236,0.000078843,0.000094963,-0.000047364,0.00001536,-0.000067015,-0.000154982,-0.000009372,-0.000059415,-0.000088737,0.000072259,0.000048851,-0.000104905,0.000040729,-0.000031577,-0.000003297,-0.000038654,0.00000863,-0.000239002,-0.001332342,0.00369359,0.000119611,-0.000745456,-0.000002722,0.000078429,-0.000084023,-0.000061866,-0.000138114,0.000070127,0.000087384,0.000026285,-0.000127233,0.00009266,0.000013476,0.000017217,0.000005559,-0.000023489,0.000170279,-0.000028028,0.000069831,0.000052212,0.000065175,0.000154545,0.000020136,-0.00005269,-0.000067231,-0.000036423,0.000098218,0.000006714,0.000046145,0.000047528,0.000019829,-0.000004149,0.000013558
485.2166138,-0.000112085,0.000014999,-0.000000245,-0.000129322,-0.000170385,-0.000019007,-0.000099416,0.00005876,-0.000057371,0.000077539,-0.000063433,-0.000013986,-0.00011751,0.00000703,-0.000093325,-0.000069415,0.000018282,0.000023302,0.000173847,0.000041536,0.000109433,-0.000078938,-0.000073327,0.000044687,0.00003939,0.000030825,-0.000142428,0.000048961,0.000060354,0.000017099,-0.000053891,-0.000092901,-0.000043571,0.000176155,-0.000005653,0.000030937,0.000031156,-0.000037111,0.000026511,-0.000010945,-0.000040206,0.00005602,0.000020997,0.000035715,-0.000148334,-0.000026518,-0.000117342,-0.00000487,0.000052814,0.000096399,-0.000104471,-0.000022955,-0.000069763,-0.000170575,0.000075458,-0.000032385,0.000003054,0.000057377,-0.00004546,-0.000044309,0.000083451,-0.000058058,0.000009587,-0.000051142,0.000019988,-0.000227499,-0.001449775,0.003848171,0.000325175,-0.000757707,0.000025812,0.000064097,-0.000035194,-0.000063253,-0.000170606,-0.000006702,0.000124788,-0.000012946,0.000024232,0.000074771,-0.000018329,0.000031047,-0.000055682,-0.000023399,0.000150917,-0.000048857,0.000044274,0.000015305,0.000065272,-0.000007278,0.000043042,-0.000053459,0.000067965,-0.000036238,0.000027827,-0.000037365,0.000055544,0.000122985,-0.000037409,0.000050872,0.000012839
485.7991028,-0.000046367,0.000057893,-0.000026292,-0.000161644,-0.000186003,-0.000019518,-0.000139563,-0.000018458,-0.000095682,0.000110142,-0.000119155,-0.000051873,-0.000103634,0.000011599,-0.00005016,-0.000081998,-0.000032477,-0.000016101,0.000052567,-0.000044845,0.000018039,-0.000073312,-0.000066106,0.000019411,0.000027436,0.000080026,-0.000129441,0.000048771,0.000004699,-0.000089282,-0.000114929,-0.000108595,-0.000019603,0.000091174,0.000005258,0.000046295,0.000052001,-0.000104438,-0.000003405,0.000065262,-0.000061049,0.000063492,0.000014365,-0.000030699,-0.000172767,-0.000077952,-0.000114416,-0.000033882,0.000068639,0.000061567,-0.000059363,-0.000019771,-0.000101913,-0.000177657,0.000046104,0.00000007,0.00000762,-0.000102302,-0.000014377,-0.000024592,-0.000025437,0.000013445,-0.000004334,0.000017217,0.000048195,-0.000148593,-0.001390526,0.003843653,0.000400555,-0.000792816,0.000073428,0.000101677,-0.000118174,-0.000153032,-0.000140881,-0.000044998,0.000091949,-0.000020963,-0.000074633,0.000083161,0.000031029,0.00004515,-0.000136454,-0.000041668,0.000012141,0.000000196,-0.000033996,0.000034143,0.000037076,-0.000017136,0.000073734,-0.000061936,0.000022985,0.000001225,0.000023118,-0.000035878,-0.000014753,0.000017734,0.000097504,0.000015005,-0.00000586
486.3815918,-0.000093589,0.000026495,-0.00000166,-0.000100104,-0.000088996,-0.000021908,-0.000122445,0.000028292,-0.000071169,0.00007096,-0.000099478,-0.000014424,-0.000139923,-0.000023666,-0.000037869,-0.000018175,-0.000110871,0.000011126,-0.000041414,-0.000086373,0.000009893,-0.000043395,-0.000003487,0.000099925,0.000076632,0.000022787,-0.000117591,0.000016311,0.00003064,-0.000101013,-0.000080464,-0.000056252,-0.000134717,-0.000027951,-0.000001256,-0.000036031,0.000011527,-0.000109206,0.000020371,0.000006831,-0.000056295,0.000023098,-0.00001284,-0.000039375,-0.000088776,0.000046441,-0.000088418,-0.00000972,0.000024283,-0.000003523,-0.000038871,-0.000088045,-0.000105384,-0.00014148,-0.000017798,-0.000052709,0.000053007,-0.000012003,-0.000005654,-0.000101144,0.000030179,-0.000052492,0.000054983,0.00004417,0.000049835,-0.000166789,-0.001418558,0.003798774,0.000397012,-0.000793893,0.000180869,0.000105157,-0.000094011,-0.00005817,-0.00003699,0.00004453,0.000049876,-0.000009145,-0.000037769,0.000009317,0.000087335,-0.000024146,-0.000102593,-0.000009662,0.000012851,-0.000035266,0.00001095,-0.00003799,0.00009181,0.000033095,0.000091629,-0.000044946,-0.000084515,-0.000055379,0.000011027,-0.000055769,-0.000026285,0.000005832,0.000107288,0.000011747,0.000017172
486.9641724,-0.000141321,0.000086305,-0.000029179,-0.000079001,-0.000074296,-0.000015031,-0.000056133,0.000023676,-0.000005909,0.000007921,0.000005383,0.000017095,-0.000059529,0.000016355,-0.000067254,-0.000051324,-0.000129329,0.000003287,0.000018815,-0.000036491,0.000121519,-0.000072321,0.000000989,0.000047314,0.000066045,-0.000001587,-0.000158732,0.000040239,0.000066764,-0.000098808,-0.000059677,-0.000031643,-0.000094039,0.000025048,0.000001145,0.000001305,-0.000005422,-0.000002459,0.000020872,-0.000040808,-0.00001908,0.000008116,0.000035897,-0.000027062,-0.000042391,0.000024194,-0.000039094,-0.000043558,0.000000792,0.00003068,-0.000048205,-0.000033571,-0.000007991,-0.000081767,-0.000020447,-0.000117084,-0.000040759,0.000071584,-0.000091777,-0.000050842,-0.000023161,-0.000060506,-0.000000894,-0.000012886,-0.000024267,-0.000185175,-0.001351815,0.003725771,0.000538042,-0.000908767,0.000169173,0.000135377,-0.000053585,-0.000116607,-0.00009484,-0.000002168,-0.00005422,-0.000053891,-0.000083564,0.000121104,0.000107457,0.000024521,0.00000865,-0.000012361,0.000046709,-0.000099154,0.000029688,-0.000074392,-0.00000318,0.00004395,0.000011018,-0.000041969,0.000071579,0.000006959,-0.000051761,-0.000066031,-0.000044871,0.000024069,0.00009564,0.000044969,0.000039451
487.5467834,-0.000096085,0.000092314,0.000030169,-0.000045029,-0.000192749,-0.000017716,0.000013076,-0.000000199,0.000023351,0.00012686,0.000059823,0.000015886,-0.000045008,0.000053721,-0.00004695,-0.000065168,0.000049525,-0.000040915,0.000101668,0.000024753,0.000110934,0.000002414,0.000008916,0.00010103,0.000030278,0.000085024,-0.000116929,0.000153707,-0.000011882,-0.000028916,0.000043255,0.000002912,-0.00011136,-0.000025886,0.000023828,0.000058719,0.000012873,-0.000010106,0.000053602,0.00001022,-0.000016183,0.00000582,-0.000015862,0.0000292,-0.000108028,0.000042878,-0.000050438,-0.000017552,0.000117525,0.000030149,-0.000109113,-0.000051673,0.000051428,-0.000027032,-0.000030188,-0.000111383,-0.000009957,0.000053631,-0.000018561,0.00005139,-0.000049126,0.000011454,0.000037343,-0.000038182,0.000033617,-0.000010677,-0.001301043,0.003632977,0.000615609,-0.000954861,0.000167657,0.00006404,-0.000039958,-0.000094109,-0.000033754,0.000016667,-0.00001344,-0.000096373,-0.000029282,0.000172857,0.000181862,0.00012951,0.00004348,-0.000006073,0.000047416,-0.000091562,0.000115639,0.000001031,0.000012616,0.000032232,0.000055594,0.000034797,0.000009985,0.000126306,0.000028412,-0.000042332,-0.000082222,-0.000015147,0.00013749,0.000121225,0.000041519
488.129425,-0.000084427,0.000069097,-0.000022269,-0.000065624,-0.000182947,-0.00002449,0.000015442,-0.000011727,-0.000019662,0.000069132,-0.000051123,-0.000017434,-0.000152835,-0.000006619,-0.000012528,-0.000099934,0.000064946,-0.000027979,0.000110384,-0.000007522,0.000056684,-0.000031612,-0.000031455,0.000051045,0.000080212,0.000146069,-0.000154871,0.000045523,-0.000086584,-0.000072619,-0.000055908,-0.000063288,-0.00011416,0.000049659,0.000037262,0.000071269,-0.000021108,-0.000033968,0.000032001,-0.000040137,0.000002375,0.000051631,-0.00010263,-0.000013759,-0.00009934,-0.000006418,-0.000082863,-0.000022573,0.000068689,-0.000044467,-0.000155823,-0.00007912,-0.000068026,-0.000088984,-0.000030952,-0.000086208,0.000032457,0.000044202,0.000012781,-0.000011349,-0.000001619,-0.000068689,-0.000051394,0.00001753,-0.000034469,-0.000096146,-0.001219748,0.003382133,0.00067881,-0.000995361,0.000144221,0.000020188,-0.000101514,-0.000090576,-0.000086006,-0.000011868,0.000000931,-0.000170139,-0.000133128,0.000103752,0.00015843,0.000048263,0.000018276,-0.000004592,0.000056826,-0.000046005,-0.000040725,-0.000050789,0.000086479,0.000068933,0.000060359,-0.000061054,0.000001396,0.00011398,0.000031657,0.000002754,-0.000014069,0.000045158,-0.000016402,0.000025341,0.000066069
488.7120972,-0.000058382,0.000025155,-0.00000208,-0.000108554,-0.00011309,-0.000056887,-0.000060849,-0.000009244,0.000018858,0.000046457,-0.000002605,-0.00004309,-0.000132145,0.000029095,-0.000050497,-0.000084318,-0.000010036,0.000000207,0.000018582,-0.000062115,0.00009986,0.000018364,0.000000292,0.000006854,0.000193397,0.000033463,-0.000138024,-0.000027462,-0.000047899,-0.000058418,-0.000103364,-0.000154861,-0.000046996,0.000079047,-0.000017207,0.000012194,-0.000007347,0.000014003,0.000013574,0.000044562,0.00007934,0.000081678,0.000013092,-0.000038519,-0.000108011,-0.000055762,-0.000070362,-0.000073413,0.000102112,-0.000008034,-0.000065082,-0.000064566,-0.000071071,-0.000122757,0.000006118,-0.000053964,-0.0000356,0.000032923,0.000006272,0.000029231,-0.000058661,-0.000050239,-0.000066909,-0.000049229,0.000058861,-0.000160407,-0.001167892,0.00336021,0.000678125,-0.001035323,0.000243651,-0.000026512,-0.000143442,-0.000013778,-0.000048374,0.000017518,-0.000059144,-0.000127271,-0.000128542,0.000122514,0.00002424,0.000055701,0.000069683,0.000024246,0.000080155,-0.000079099,-0.000062395,-0.000087734,0.000027193,0.000044417,0.000017338,-0.000115045,0.000071787,0.000071864,0.000043168,0.00000088,-0.000026523,0.000065784,0.000000012,-0.00000331,0.000012747
489.2948303,-0.000126604,0.000045335,-0.000072101,-0.000108447,-0.000036226,-0.00005839,-0.000064326,-0.000021432,-0.000012594,0.000088546,0.000034398,-0.00002503,-0.000156976,0.000108441,-0.0000688,-0.000063809,0.000025936,-0.000015072,-0.000096346,-0.000032414,0.000137403,0.000046882,-0.000086137,0.000030355,0.000100476,0.000055604,-0.000077029,-0.000007049,-0.000028567,-0.000075511,-0.000111709,-0.00006582,-0.000101845,0.000024924,-0.000012376,0.000003927,-0.000006845,-0.00000133,-0.000073363,0.000085303,-0.00002242,0.000018003,0.000072146,-0.000012177,-0.000166266,-0.000006846,-0.000065746,-0.000092055,0.000060271,-0.000025106,-0.000090163,-0.000047277,-0.000021555,-0.000108155,-0.000004489,-0.000069844,-0.000090816,0.000055081,-0.000035126,-0.000095618,-0.000024728,-0.000048634,0.000025733,-0.000045779,0.000032571,-0.000083031,-0.00105333,0.003157037,0.000822002,-0.001002245,0.000305363,0.000098566,-0.00012868,0.000029565,0.000041259,0.000001953,-0.000037637,-0.000119587,-0.000124988,0.000144802,0.000041236,0.000095155,0.000067364,0.000116306,0.000047035,-0.000143658,0.000066625,-0.000036796,0.000015397,-0.000060845,0.000044475,-0.000092457,0.000003437,0.000015184,0.000004595,-0.000052633,-0.00009048,-0.00006354,-0.000036401,0.000005528,0.000018733
489.877594,-0.000167039,0.000141855,-0.000007582,-0.000176855,-0.000044618,-0.000064598,-0.000103986,0.000002448,-0.000011632,0.000116361,0.000042386,0.000000028,-0.000031882,0.000137794,-0.000092426,-0.000107123,0.000047593,0.000001132,0.000023573,0.000034061,0.0000941,0.000078072,-0.000073023,0.000156691,0.000103982,0.000109604,-0.000141669,0.000072831,0.000067149,-0.000059794,0.000030813,-0.000017194,-0.000236406,-0.000002232,-0.000040465,0.000041065,-0.000041958,-0.000044459,0.000004095,0.000024036,-0.000068592,0.00000712,-0.000014005,-0.000025714,-0.000133984,0.000038279,-0.000030772,0.000015149,0.000011113,0.000071733,-0.000106443,0.000007178,-0.000024991,-0.000109405,-0.000022549,-0.000070685,-0.000060723,0.000077717,-0.00010208,-0.000120189,-0.000012466,-0.00004097,0.000034518,-0.000022021,0.000020552,-0.000048867,-0.001000562,0.003120409,0.0010432,-0.001056336,0.000291466,0.00015412,-0.000018119,0.000035407,0.000044478,0.000011494,-0.000072077,-0.000118327,-0.00015162,0.000096666,0.000088687,0.000073201,-0.00001525,0.000153863,0.00011707,-0.000128322,0.000001834,-0.00004914,0.000059018,-0.000026829,0.00002375,-0.000010814,-0.00001209,-0.00005857,0.000108483,0.000008451,-0.000129544,-0.000017052,-0.000074002,0.000020508,0.000064418
490.4604187,-0.000114496,0.000005318,0.00001155,-0.000117674,-0.000110395,-0.00007794,-0.000068387,0.000092037,-0.000035172,0.000099059,-0.000006121,0.000004599,-0.000082261,0.000100796,-0.000154549,-0.000045911,-0.00001106,-0.000051365,-0.000013623,0.000005279,0.000068297,-0.000015197,-0.000052808,0.000129605,0.000038502,0.000080461,-0.000178369,-0.000053582,0.000003386,-0.000099573,0.000051018,-0.000046539,-0.000190224,0.000053551,0.0000015,0.000019388,-0.000049876,-0.000062095,0.000040713,-0.000061713,-0.000051262,0.000064046,-0.000044246,-0.000057609,-0.000107453,-0.000053916,-0.000096963,-0.000074534,0.000052422,0.000052317,-0.000173124,-0.00007098,-0.000061424,-0.000204177,-0.000038748,-0.000059294,-0.000034555,0.000018437,-0.000062989,-0.000067772,0.000008352,-0.000075605,-0.000067604,-0.000070434,0.000037129,-0.000038453,-0.000950319,0.002874293,0.001022172,-0.001109931,0.000088513,0.000139454,-0.00005051,0.000064501,0.00002738,-0.000041707,-0.000130965,-0.000158294,-0.000186958,0.000057066,0.000016769,0.000014246,0.000016235,0.000136625,0.000099572,-0.000014353,-0.000020972,-0.000059841,-0.000012776,-0.00004663,-0.000033169,-0.000024798,0.000084631,0.000018592,0.000022173,0.000024592,-0.00011658,0.000001455,-0.000044578,-0.000016615,0.000012268
491.0432434,-0.000209174,0.000002171,0.000021381,-0.000106551,-0.000108399,-0.000062547,-0.000056786,0.00007176,-0.000056884,0.000109614,-0.000070555,-0.000075262,-0.000162423,0.000089793,-0.000147848,-0.000196136,0.000021081,-0.00011586,-0.000036268,-0.000041316,0.000168093,-0.000071645,-0.000038363,0.000060778,0.000065666,0.000117139,-0.000186212,0.000068672,0.000010897,-0.00010248,-0.00009843,-0.000100894,-0.000161059,0.000036568,0.000012226,0.000012592,-0.000008254,-0.000117703,0.000040622,0.000003959,-0.000073499,0.000097802,-0.000063228,-0.00005866,-0.000223388,-0.000045381,-0.000079337,-0.00006839,0.000107116,0.00004456,-0.000183399,-0.000205142,-0.000062985,-0.000186139,0.000008148,-0.000076962,-0.000033406,0.000048487,-0.000069365,-0.000049879,-0.000064778,0.000016524,-0.00001991,-0.000008086,-0.000006063,-0.000043418,-0.000921559,0.002410769,0.001072075,-0.001227138,0.000039397,0.000041203,-0.00008,0.000088304,0.000061343,-0.00010313,-0.000130381,-0.000203905,-0.000224249,0.000035326,0.000018656,0.000054018,-0.000000542,0.000191424,0.00008944,0.000018292,0.000012545,-0.000062074,-0.00003084,-0.000043361,-0.000029427,-0.000029589,-0.000028073,-0.000016345,-0.000069192,-0.000104864,-0.000074807,0.000008791,-0.000013936,0.000033789,-0.000038349
491.6261597,-0.000156673,0.000065433,-0.00002222,-0.000159235,-0.0001153,-0.00009176,-0.000073449,0.000073236,-0.00009187,0.000070464,-0.000120344,-0.000058761,-0.000135985,0.000061583,-0.000035075,-0.000092373,0.000057396,-0.000127409,0.000004559,-0.000012044,0.000180486,-0.000015504,-0.000060109,0.000153584,0.00011266,0.000125648,-0.000178809,0.000085689,0.000080842,0.000009835,-0.000064089,-0.000010478,-0.000095215,0.000040718,0.000021884,0.000018513,0.000011876,-0.000035955,0.000040187,0.000123249,-0.000034198,0.000072028,-0.000039048,-0.000026169,-0.000149342,-0.000014094,-0.000008803,-0.000036514,0.00009772,0.000051791,-0.000153072,-0.000085463,-0.000065478,-0.000150559,-0.000081777,-0.000104394,0.000031504,0.0000591,-0.000078933,-0.000063796,-0.000050908,-0.000049203,-0.000045557,0.000018452,0.000106136,-0.000019142,-0.0008509,0.002186416,0.001154944,-0.001212748,0.000096197,-0.00010544,-0.000059471,0.000044823,0.00007577,0.000022749,-0.000096085,-0.00011671,-0.000103289,0.00000326,-0.00001279,-0.000041122,0.000139496,0.000066232,0.000142065,-0.000050132,-0.000035203,-0.000037203,-0.000032936,0.000011686,0.000014414,-0.000091545,0.000013458,0.000114873,-0.000014346,-0.000003786,-0.000124665,0.000020764,-0.000055164,-0.000026589,0.000012135
492.2090759,-0.000190034,0.000049928,-0.000074469,-0.000207869,-0.000046997,-0.000053045,-0.000117698,0.000031716,-0.000150122,-0.000022932,-0.000020263,-0.000095816,-0.000120887,0.000053831,-0.00005896,-0.000080406,-0.000020581,-0.000032737,-0.000079786,-0.000042014,0.00014324,-0.000088795,-0.000055095,0.000115189,0.000050516,0.000110061,-0.000177025,0.000014521,0.000038031,-0.000041299,-0.000060157,0.000076387,-0.000141851,0.000022342,-0.000004232,-0.000003103,-0.000031376,-0.000058874,0.000052215,0.000049561,-0.00011043,0.000062567,0.000036239,0.000020794,-0.000201714,0.000035004,-0.000118787,-0.000081691,0.000117404,0.000109439,-0.000076318,-0.000078875,-0.000094415,-0.000146355,-0.000033037,-0.000104935,-0.000118874,0.000052123,-0.000028016,-0.000158355,-0.00005638,-0.000014327,-0.000045698,0.000010189,0.000051235,-0.00004372,-0.000897994,0.002007378,0.001329988,-0.001128506,0.000051637,-0.000091645,-0.000104048,0.000110139,0.000159594,0.000051144,-0.000064414,-0.00018168,-0.000084302,-0.000048048,-0.000038645,-0.000084875,0.00005789,0.000046262,0.000028155,-0.000106441,-0.000079505,0.000031051,-0.000015991,-0.000108005,-0.000000113,-0.000127265,-0.000010439,-0.000004908,0.000004719,0.000056288,-0.000131398,-0.00006928,-0.000013348,-0.000078718,-0.00004958
492.7920532,-0.000107927,0.000091806,0.000002784,-0.000199553,-0.000135742,-0.000058769,-0.000197927,0.000097546,-0.000091221,-0.00004477,-0.000025289,-0.000077669,-0.000151195,0.000091899,-0.000149524,0.000031262,-0.000057698,-0.000025008,0.000029329,-0.00003066,0.000060218,-0.000047355,-0.000016641,0.000121639,0.000068008,0.000081198,-0.000267181,0.000034747,0.000055313,-0.000083642,-0.000078402,-0.000046282,-0.000189325,-0.000100054,-0.000004605,-0.000004218,0.000047824,-0.000083807,-0.000004875,-0.000075316,-0.00000954,0.000027006,0.000047325,-0.00008525,-0.000208908,0.000057791,-0.000085311,-0.000026946,0.000097831,0.000007832,-0.000128289,0.000011234,-0.000133703,-0.000175279,0.000035432,-0.00009978,-0.000139393,0.00004604,-0.000069258,-0.000105337,-0.000040031,0.000039184,-0.00006546,-0.000158496,0.000044156,-0.000048113,-0.000865632,0.001714412,0.001363897,-0.001183168,-0.000046845,-0.000035969,0.000017442,0.000086148,0.000178809,-0.000045376,-0.000094289,-0.000190279,-0.000197346,-0.000012672,-0.000045076,-0.000096519,0.000037442,0.000188554,0.000052554,-0.000012284,-0.000061659,0.000028429,0.000006771,-0.000099476,0.000016276,-0.000111009,-0.000020874,-0.00000479,-0.000014882,-0.000040836,-0.00005673,-0.000096349,-0.00001802,-0.000061021,-0.000107021
493.3750916,-0.000163252,0.000021147,0.000085515,-0.000161762,-0.000121377,-0.00011751,-0.00013916,0.000076826,-0.000015486,-0.000005934,-0.000029115,-0.000050837,-0.000113518,0.000050728,-0.000122688,-0.000009286,-0.000010595,-0.000088815,0.000086222,-0.000018917,0.000113402,-0.000084636,-0.00004004,0.000099235,0.000081976,0.000113865,-0.000259795,0.000118208,-0.000018252,-0.000087781,-0.000032722,-0.00007445,-0.00012734,0.000005579,-0.000036356,-0.000015828,-0.000050324,0.000005295,-0.000008956,-0.000028357,-0.000003336,0.000004718,-0.000044466,-0.00005861,-0.000128735,-0.000005228,-0.000062679,-0.000070541,0.000047469,-0.000040072,-0.000207623,0.000052983,-0.00018778,-0.000172737,-0.000062937,-0.000071646,-0.000057509,0.000111068,-0.000028881,-0.000025388,-0.000018847,-0.000005414,-0.000041519,-0.000100959,0.000041847,-0.000097796,-0.000826512,0.001352617,0.001362887,-0.001204562,-0.000066594,-0.000093355,-0.000080452,0.000121974,0.000086786,-0.000006429,-0.000029893,-0.000124259,-0.000269835,-0.000015923,-0.000030937,-0.000039302,0.000049226,0.00012908,0.000164685,-0.000020576,-0.000047907,-0.000010121,-0.00005554,-0.000030235,-0.000074228,-0.000076132,0.000066875,0.000007801,-0.000062165,-0.000087046,-0.000070107,0.000038596,-0.000146888,-0.000058692,-0.000110184
493.9581604,-0.000186049,-0.000039413,-0.000018269,-0.000064456,-0.000082502,-0.000119302,-0.000095883,0.000034723,-0.000087717,-0.000057926,0.000039882,-0.000035942,-0.00009059,0.000027707,-0.000078056,-0.000124096,0.000024347,-0.000061333,0.000012241,-0.000038729,0.000010669,-0.000079673,-0.000086768,0.000019039,0.000011904,0.000108487,-0.00018068,0.00003143,-0.000024423,-0.00014562,-0.000079647,-0.000120863,-0.00009555,0.000065303,-0.000082257,0.000017168,-0.000008421,0.000007307,-0.000000712,-0.00002338,-0.00006575,0.000042163,-0.000004357,-0.000055012,-0.000108494,0.000006068,-0.000080111,-0.000136374,0.00004661,-0.00009718,-0.000127475,-0.000064829,-0.000128569,-0.000081555,-0.000093061,-0.000064336,-0.000074053,0.000084555,-0.000009482,-0.000060392,-0.000086628,0.000078804,-0.000041554,0.00004471,0.000093252,-0.000041469,-0.000751767,0.00101855,0.001393039,-0.001196841,-0.000097349,-0.000089652,-0.000126162,0.000163631,0.000090963,0.000005026,-0.000083917,-0.000114716,-0.000140267,0.000043391,-0.000054854,-0.000050503,0.000079532,0.000105343,0.000079836,-0.000017424,-0.00001002,0.000007977,-0.000020395,-0.000087232,-0.000084587,-0.000123084,0.000000978,0.000035081,-0.000051959,-0.000042171,-0.000014516,0.000033549,-0.000110419,0.000002381,-0.000007436
494.5412598,-0.000177427,-0.000044946,0.000025317,-0.000165185,-0.000057229,-0.000045454,-0.000077661,0.000015867,-0.000104273,0.000048803,-0.000018952,0.000020312,-0.000107331,-0.000005078,0.000038939,-0.000137519,0.000031751,-0.000053211,0.000033086,0.000000468,0.000061578,-0.000047115,-0.00001007,0.00007745,0.00008692,0.000058881,-0.000077885,0.00002324,0.000025385,-0.000048494,-0.000122259,-0.000032218,-0.000145089,0.000025754,-0.000003293,0.000059754,0.00006298,0.000031367,-0.000029081,0.000054932,0.00000666,0.000009681,0.000052624,0.000031445,-0.000105164,-0.000009421,-0.000059922,-0.00004042,0.000074432,0.000082305,-0.000075999,-0.000001606,-0.000069572,-0.000037694,0.000002049,-0.000081747,-0.000008462,0.000008531,-0.000028035,0.00006147,-0.000046267,0.000055735,0.00001155,-0.000002687,0.000103179,-0.000023081,-0.000767134,0.000826639,0.0013679,-0.001114551,-0.000126041,-0.000119216,-0.000099491,0.000164788,0.000152006,-0.000008877,-0.000016007,-0.000095439,-0.000101876,-0.000001964,-0.000073188,-0.000082171,0.00003007,0.000138093,0.000046636,0.000040317,0.000019958,0.000018168,0.000002888,-0.000077888,-0.000145164,-0.00008158,0.000051462,0.000102194,0.000001961,0.000009871,0.000017131,0.000016973,-0.000013544,0.000007656,-0.000024743
495.1243896,-0.000219164,0.000013255,-0.000028108,-0.000154492,-0.000194994,0.000065695,-0.000062106,0.000068382,-0.000119266,-0.00001651,-0.000044246,0.000028536,-0.000065463,-0.0000113,-0.000077228,-0.000153333,-0.000036747,-0.000000869,0.000034796,0.000000784,0.000054403,0.000011739,-0.000033637,0.000162337,0.000046153,0.000056284,-0.000148917,0.000114495,-0.00006187,-0.000104244,-0.000126384,-0.00004018,-0.000211994,-0.000016978,-0.000000887,0.000006896,0.000088165,-0.000023302,-0.000000273,0.000031922,0.000058217,0.000087681,0.000128845,0.000003962,-0.000189364,-0.000010817,-0.000043116,-0.000011976,0.000035163,0.000149656,-0.000060166,-0.000072398,-0.000093154,-0.000113592,-0.000046214,-0.000069933,-0.000023956,-0.00003352,-0.000080043,-0.000064974,-0.000075801,0.000028373,-0.000000631,0.000009597,0.000094264,-0.000029869,-0.000702974,0.000512745,0.001447676,-0.000977875,-0.000169603,-0.000103426,-0.000105349,0.00011287,0.000191122,0.000090394,0.000028802,-0.000014877,-0.000155365,-0.000036012,-0.000174333,0.000017395,0.000078485,0.000008573,0.000026482,-0.00001763,0.000047751,-0.000004259,-0.000023883,-0.000035606,-0.000036289,-0.000083648,0.000015896,-0.000015549,0.000059706,0.000063369,-0.000046098,-0.000012762,-0.000069117,-0.000058711,-0.000057785
495.7075806,-0.000209592,0.000022626,-0.000016764,-0.000149095,-0.000177147,-0.000043618,-0.0000122,0.000088538,-0.000090192,0.000029049,0.0000074,-0.000044186,-0.000038048,0.000056244,-0.000145818,-0.000062416,-0.000026652,-0.000060626,0.00004067,0.00003153,0.000175605,0.000052599,-0.000105005,0.000193405,0.000062188,0.000083633,-0.000233998,0.000173426,-0.000035702,-0.000075147,-0.000049724,-0.000089039,-0.000135509,-0.000038401,-0.000010397,-0.000087929,-0.000010027,-0.000024692,0.000061743,0.000008521,-0.000031173,-0.000008215,0.000087813,-0.000058132,-0.000148878,0.000010696,-0.000103011,-0.000094008,-0.000006195,0.000119982,-0.000150531,-0.000058419,-0.000055316,-0.000119224,-0.000055741,-0.000126386,-0.000047585,0.000006564,-0.000020378,-0.00009426,-0.000050572,-0.000049417,-0.000041053,0.000026606,0.00004824,0.000024193,-0.000473227,0.000198389,0.001624773,-0.000958142,-0.0002072,-0.000058715,-0.000091614,0.00013399,0.000131379,0.00012906,0.000003779,-0.000043119,-0.000152691,-0.000045733,-0.000034177,0.000019938,0.000123115,0.000134075,0.000156291,-0.000029623,0.000065944,0.000070676,0.000028095,-0.000032513,-0.00010349,-0.000147762,0.000016779,0.000057603,0.000056614,0.000010838,-0.000028349,0.000007326,-0.000090843,-0.000063415,-0.000067125
496.290802,-0.000133529,0.000032448,-0.00006288,-0.000167552,-0.000147156,-0.000059286,-0.00008579,0.000065121,-0.000083329,0.000087964,-0.000008065,0.000019037,-0.000066896,0.000077515,-0.000112346,-0.000011408,-0.000069366,-0.000001134,0.000046578,0.000028539,0.000170612,-0.000029269,-0.000104257,0.000093497,0.000009207,0.000113163,-0.000202311,0.000074293,-0.000046334,-0.00002594,0.000008776,-0.0001277,-0.000188949,-0.000003416,0.000003914,0.000063479,0.000006562,-0.00004193,0.00003753,-0.000021963,-0.000063187,-0.000032076,-0.000042042,-0.000087647,-0.000118724,-0.000014153,-0.000100023,-0.000035111,0.000061169,0.000040954,-0.000091876,-0.000135912,-0.000103353,-0.00011298,-0.000003159,-0.00010206,-0.000094763,0.000041434,-0.000060259,-0.000028911,0.000015394,-0.000000364,-0.000101404,0.000090943,0.000022568,-0.000076889,-0.000492009,0.0000278,0.001789455,-0.000940685,-0.000251627,-0.000148572,-0.000030664,0.000130672,0.000005976,0.000021066,-0.000016922,0.000009315,-0.000102072,-0.00004545,-0.000168809,-0.000066428,0.000081814,0.000114863,0.000189076,0.000030072,0.000045571,0.000012888,0.000119966,-0.00002106,-0.000095779,-0.00006802,-0.000040088,-0.00000192,0.000092672,0.00002544,0.000005409,0.000013174,-0.000052446,-0.000044135,0.000008621
496.8740845,-0.000191224,0.000002636,-0.000035983,-0.00014305,-0.000137676,-0.000079417,-0.000030776,0.000062166,-0.000092169,0.000072907,0.000007609,0.00000746,-0.00004783,0.000030372,-0.000054504,0.0000113,0.000018221,-0.000040975,0.000034358,0.000011314,0.000161147,-0.000023723,-0.000045909,0.000066219,0.000096924,0.000110535,-0.000179295,0.000065518,-0.000035115,-0.000115129,0.0000063,-0.000071857,-0.000162993,0.000031476,-0.000069115,-0.0000095,0.000049369,-0.000121878,0.000021135,-0.000049552,-0.000000905,0.000111738,-0.000048654,-0.000114468,-0.000106894,-0.000008158,-0.000046652,0.000024887,0.000108664,0.000018595,-0.000149184,-0.00013452,-0.000000839,-0.00006222,-0.000028738,0.000015936,-0.000055939,0.000005468,-0.000137995,-0.000040946,0.000006119,-0.000049188,-0.000010842,0.000023383,0.000007504,-0.000087936,-0.00041791,-0.000205291,0.001914702,-0.000899208,-0.000320327,-0.000184537,-0.000044465,0.000161465,0.000015599,-0.000008759,-0.000002689,0.000117493,-0.000124297,-0.000034529,-0.000181754,-0.000077257,0.000058597,0.000074096,0.000042111,0.000093199,0.000089654,-0.000043104,0.000035072,-0.000163027,-0.000080264,-0.0000523,0.000032463,-0.000043959,0.000062248,0.000032983,-0.00006494,0.000110638,-0.000008219,0.000025469,-0.000006953
497.4573975,-0.000154189,0.000043106,-0.000026687,-0.000169844,-0.000116403,-0.000126573,-0.000128848,0.000002914,-0.000102808,0.00005518,-0.000029248,-0.00004822,-0.000113172,-0.00005286,-0.000072321,-0.000056943,0.000028235,-0.000142771,-0.000010336,-0.000061097,0.000156546,-0.000097245,0.000016929,0.000050695,0.000123077,0.000039696,-0.000234497,0.000051741,-0.000060063,-0.000043916,-0.000094125,-0.000097433,-0.000194319,0.000048228,0.000000359,-0.000039366,0.000032614,-0.000063594,0.000011702,0.000037892,-0.000076348,0.000028937,0.000038286,-0.000013192,-0.000134321,0.00001947,-0.000029233,0.000084506,0.00003961,0.000080147,-0.00005831,-0.000074782,-0.000071071,-0.00011006,-0.000023366,-0.00013145,-0.000020951,-0.000057284,-0.000091884,-0.000085446,-0.00001002,-0.00002052,0.000031392,-0.000074102,0.000046845,-0.000084095,-0.000479615,-0.000597624,0.002000524,-0.000838306,-0.000402675,-0.000133128,-0.000078748,0.000136872,-0.000072011,0.000013975,0.000018017,0.000038056,-0.000187158,-0.000025095,-0.000188279,-0.000094364,0.000088535,0.000083716,-0.000002215,-0.000001657,0.00014618,0.000029076,-0.000035106,-0.000137095,-0.000038134,-0.000161444,0.000009894,-0.000052129,0.000002486,0.000097781,-0.000040483,0.000034551,0.000021706,-0.000005862,-0.000058181
498.040741,-0.00022081,0.000047065,-0.000002045,-0.000234309,-0.000150539,-0.0000625,-0.000192969,0.000058631,-0.000046268,0.000031903,0.000035413,-0.00006265,-0.00013555,0.000049246,-0.000062128,-0.000230579,-0.000035171,0.000025431,-0.000085472,-0.00003364,0.000090522,-0.000030583,-0.000006213,0.000094204,0.000123875,0.000031606,-0.000251096,0.000024801,0.000015326,-0.000053434,-0.000146258,-0.000050127,-0.000278627,0.000008654,0.000025635,-0.0000208,0.000011271,0.000047567,0.000098361,0.000023028,0.000022956,0.000011085,0.000068069,-0.000118352,-0.000090752,0.000136808,-0.000063577,0.000012465,0.000035421,0.0001149,-0.000057576,-0.000104427,-0.000099515,-0.000232181,-0.000106939,-0.000097768,-0.000032196,0.000028054,-0.000142326,-0.000150592,-0.000111449,0.000024327,-0.000015791,-0.000098804,0.000019068,-0.000041175,-0.00040962,-0.000720486,0.001991134,-0.000776835,-0.000468688,-0.000211186,-0.000032862,0.000143824,-0.00003952,0.000059124,0.000038625,-0.000035629,-0.000038046,-0.000004354,-0.000141703,-0.000109395,0.000025957,0.000034009,0.000045597,0.000011248,0.00016147,0.00004111,0.000007344,-0.000199705,-0.000011198,-0.000094918,0.000043265,-0.000076008,0.000083436,0.000046544,0.000000225,0.000037266,-0.000012668,0.000021267,-0.000091654
498.6241455,-0.000311307,0.000041199,0.000048566,-0.000182675,-0.000124001,-0.000089691,-0.000173867,0.000096768,-0.000091285,-0.00004357,0.000071308,-0.000009007,-0.000122985,0.000132323,-0.000114102,-0.000029891,-0.000044526,-0.000035216,-0.000063916,-0.000056365,0.00023754,-0.000054349,-0.00009526,0.000045396,0.000099551,0.000043317,-0.000247523,-0.00002024,0.000084074,-0.000100072,-0.00009113,-0.000103076,-0.000262143,-0.000002934,-0.000052645,-0.000034749,-0.000019603,0.000009633,0.000050507,-0.000043442,-0.000047671,0.000066535,-0.000065983,-0.000089742,-0.00011937,0.00012613,-0.000089312,-0.000045706,-0.000035994,0.000118805,-0.000129385,-0.000085654,-0.000109314,-0.00017799,-0.00012284,-0.000129259,0.000001211,0.00000968,-0.000197522,-0.000116596,-0.000041897,-0.000007262,-0.000047209,-0.000044356,-0.00002709,0.000010485,-0.00039818,-0.000807618,0.002132235,-0.000677559,-0.000473612,-0.000194598,0.000047473,0.000083219,0.000004394,-0.00006301,-0.000014435,0.000058274,-0.000068214,-0.000040092,-0.000146213,-0.000026102,-0.000013977,0.000055307,0.000017365,-0.000045914,0.000084409,0.000075194,0.000088079,-0.000154183,0.000001118,-0.000053207,0.00001665,-0.000118179,-0.000015317,0.000003496,-0.000061107,0.00005437,0.00000054,-0.000017528,-0.000182486
499.2075806,-0.000222154,0.000027274,0.000017652,-0.000151115,-0.000141119,-0.000134263,-0.000071375,0.00018066,-0.00011727,-0.00003833,0.000088987,0.000016658,-0.000091498,0.000050054,-0.000152121,-0.000019115,-0.000100689,-0.000150569,0.000056941,-0.000045043,0.00014562,-0.000055814,-0.00003279,0.000094815,0.000075075,0.000100108,-0.000162856,0.000042063,0.000008326,-0.000106307,-0.000049558,-0.000043929,-0.000166318,0.000019038,0.000014775,-0.000019746,-0.000092544,-0.000114432,0.000109917,-0.00004106,-0.000052866,-0.000074862,-0.000024497,-0.00001907,-0.000134651,0.000010546,-0.000052557,-0.000058419,-0.000024011,-0.000031587,-0.000165194,-0.000067454,-0.000109517,-0.000228423,-0.000057945,-0.000105282,-0.000074204,0.000140454,-0.000059447,-0.000123943,-0.00004848,0.00003954,-0.000011772,-0.000042362,0.000005444,0.000011988,-0.000293788,-0.000982491,0.002363192,-0.000568325,-0.000517204,-0.000207594,-0.000016255,0.000029383,-0.000033398,-0.00005032,0.000006642,0.000015664,-0.000096435,0.000002042,-0.000056175,0.000006231,0.00000426,-0.000030316,0.000029245,-0.000012282,0.000140697,0.000109016,-0.000022387,-0.000050157,-0.000042066,0.000047578,-0.000061347,-0.000117973,0.000007522,0.000136512,-0.000070238,0.000042125,-0.000007779,0.000000518,-0.000096666
499.7910461,-0.000241501,-0.000011821,0.000021391,-0.000189106,-0.000208885,-0.000095336,-0.000078788,0.000063729,-0.000195038,0.000098938,0.000024073,-0.000060771,-0.000104293,0.000107392,-0.000078769,-0.000082394,-0.000079568,-0.00004851,0.000074051,0.000026156,0.000135992,-0.000058324,-0.000068071,0.000045084,0.000118985,0.000037758,-0.000191549,0.000067757,-0.000022756,-0.000066807,-0.00012198,-0.000124687,-0.000145416,0.00009701,-0.000030731,0.000046545,-0.000028512,-0.000096326,0.000022494,0.000008217,-0.000030361,-0.000069102,-0.000059029,-0.000025566,-0.000174161,0.000008587,-0.000016271,0.000073801,0.000015641,0.000011004,-0.000137019,-0.000141616,-0.000071373,-0.000166402,0.000012254,-0.000059545,-0.000074665,0.000073197,-0.00002183,-0.000154408,-0.000077024,0.000079457,-0.000026289,-0.000035903,0.000073714,0.000016183,-0.000307479,-0.001236536,0.002401013,-0.00038176,-0.000512328,-0.000161399,-0.000002083,0.000066708,-0.000066728,-0.000109676,0.000103549,0.000072751,-0.000135167,0.000019962,-0.000017346,-0.000009293,0.000014618,-0.00004394,0.000100834,-0.00002468,0.000109476,0.0000668,-0.000006365,-0.00005734,-0.000017692,-0.000010774,0.000032444,-0.000087601,0.000024415,0.000120158,-0.000063456,0.000026958,0.00001041,0.000064339,-0.000012902
500.3745728,-0.000187836,0.000004918,0.000016315,-0.000200878,-0.000172306,-0.000067645,-0.000099239,-0.000006285,-0.000084651,0.000068498,-0.000002842,-0.000038371,-0.000169398,0.00010992,-0.00010147,-0.00014016,-0.000099839,-0.000014595,-0.000015229,0.000046392,0.00023375,0.000037854,-0.000137037,-0.00004365,0.00011579,0.000132192,-0.000076151,-0.000010852,0.00002679,-0.000023523,-0.000095427,-0.000149545,-0.000097098,0.000083488,0.000038014,0.000026013,-0.000028601,-0.000066099,-0.00001628,0.0000021,-0.000077825,0.00001668,-0.000032473,-0.000065017,-0.000160243,0.000004178,-0.000016367,0.000035291,0.000005056,0.000041189,-0.000091227,-0.000130628,-0.000080096,-0.000160613,-0.000016453,-0.000042094,-0.000049133,0.000002729,-0.00003597,-0.000099372,-0.000067087,-0.000032867,-0.000069085,-0.000002977,0.000082044,0.000029491,-0.000281381,-0.001337907,0.002621924,-0.000235161,-0.000508792,-0.000079743,0.000004091,0.000039216,0.000001209,-0.000121245,0.000120747,0.000073386,0.000004973,0.00004289,-0.000078349,0.000019953,-0.000002769,-0.000035467,-0.000066748,0.000000681,0.000039033,0.000020343,0.00001436,-0.00001261,-0.000014278,-0.000033462,-0.000042893,-0.000091217,0.000033702,0.000075502,0.000039285,-0.000005846,-0.000047475,0.000016168,0.00000777
500.9581299,-0.000225145,0.000010173,-0.000016549,-0.00016005,-0.000121274,-0.000049348,-0.000047582,0.000037614,-0.000015231,0.000038979,0.000010986,-0.00005054,-0.000075383,0.000141421,-0.000076671,-0.000087894,-0.000087055,-0.000002107,-0.000061687,0.000004251,0.000234865,0.000001782,-0.000100609,0.000131855,0.000110855,0.000089388,-0.000191026,0.000035306,-0.000008382,0.000008179,-0.000053581,-0.000122541,-0.000086755,0.000039588,-0.000056606,-0.000006125,0.000026651,-0.000042107,0.000035575,0.000029621,-0.000082252,0.000105746,0.000044867,0.000000438,-0.000074918,0.000071223,-0.000014723,-0.000114194,0.000056841,0.000087244,-0.000185094,-0.000021449,-0.000029603,-0.000203092,0.000032978,0.000011427,-0.000034685,0.000089287,-0.000033583,-0.000030682,-0.000085399,-0.000090723,-0.000007726,-0.000061369,0.000085149,-0.000028528,-0.000202239,-0.001388224,0.002866682,-0.000070053,-0.000483101,0.00000665,0.000023582,-0.000012177,-0.000086552,-0.000022182,0.000111226,0.000053612,-0.000080397,0.000117984,-0.000059382,-0.000011039,-0.000000655,0.000023624,-0.000069125,-0.000009563,0.000171308,0.000071849,0.000046284,0.00004247,0.000099074,0.000021931,0.000008286,-0.000113102,-0.000069165,0.000033361,-0.000061892,-0.000016302,-0.000052312,0.000019588,0.000038675
501.541748,-0.000299219,0.000034963,-0.000032164,-0.000151558,-0.000051494,-0.000015701,-0.000095688,0.000055703,-0.00010077,0.000000532,-0.00001231,-0.000029917,0.000009392,0.000111709,-0.00007368,-0.000123182,-0.000119171,-0.000041388,-0.000062771,0.000045826,0.000150349,0.000019826,-0.000082909,0.00015952,0.000020261,0.000018829,-0.000245574,0.000060622,0.000019678,-0.000126234,-0.000009836,-0.000186333,-0.000146999,-0.000022729,-0.000088048,-0.000075614,-0.00003616,-0.000006885,0.000051491,-0.000056436,-0.000076406,-0.000074551,0.000062395,-0.000034046,-0.000051801,0.000026872,-0.000066417,-0.0000408,0.000069024,0.000002942,-0.000246919,-0.000058427,-0.000066156,-0.000130682,0.000002647,0.000027904,-0.000043878,0.000056741,-0.000092996,-0.000027646,-0.000075447,0.000013739,-0.000075575,-0.000079283,0.000089323,-0.00003276,-0.000224805,-0.001468982,0.002829069,-0.000089416,-0.000563453,-0.000011052,-0.000046307,-0.000016154,-0.000212265,-0.000081253,0.00008926,0.000025694,-0.000170596,0.000017601,-0.000039196,-0.000047867,0.000035021,-0.000005431,-0.000045434,-0.000073314,0.000143748,0.000068766,0.000040533,0.000007213,0.00007381,0.000064854,-0.000015127,-0.000097784,-0.000020314,-0.000020771,-0.000034597,-0.000120384,-0.000133196,0.00000655,-0.000019389
502.1253967,-0.000239711,0.000126385,0.000045104,-0.000069177,-0.000124911,-0.000091056,-0.000039657,0.00001349,-0.000094703,0.000053293,-0.000026375,-0.000011835,-0.000010348,0.00010995,-0.000210057,-0.00013532,-0.000032322,-0.000116644,0.000079379,-0.000014043,0.000163797,-0.000061883,-0.000129212,0.000044778,0.000146955,0.00001588,-0.00022415,0.000033075,-0.000093058,-0.000218417,-0.000017242,-0.000102419,-0.000187774,-0.000134691,-0.000025546,-0.000059962,-0.000051775,-0.000046755,0.000081836,-0.000045172,-0.000043888,-0.000054409,0.000071636,-0.000113767,-0.000176305,0.000003663,-0.00004105,-0.000063682,0.000071628,0.000030079,-0.000198919,-0.000174074,-0.000107915,-0.000105327,-0.000008903,-0.000052844,-0.000071633,0.000082145,-0.000128737,-0.000070064,0.000019068,0.000005085,-0.000118147,-0.000060913,0.000079643,-0.000097926,-0.000108231,-0.001521328,0.002889578,0.000033978,-0.000679171,-0.0000404,0.000031714,-0.000027514,-0.000239111,-0.00012942,0.000072229,0.000092318,-0.000201588,-0.00001452,0.000009694,0.000108303,0.000040023,-0.000048106,-0.000035168,0.000019204,-0.000005692,0.000029579,-0.000011366,-0.000031619,0.000040195,-0.00002827,-0.000050493,-0.000052741,-0.000035473,0.000055317,-0.000048753,-0.000111938,0.00004495,-0.000042494,-0.000038629
502.7090759,-0.000225582,0.000024842,-0.000048486,-0.00009663,-0.000089565,-0.000121404,-0.000092498,-0.000044861,-0.000124449,-0.00002713,-0.000095578,-0.0000146,-0.000146888,0.000001675,-0.00018303,-0.000110898,0.000026389,-0.000150882,0.000025281,-0.000053106,0.000085699,-0.000126364,-0.000122,0.000092867,0.000107908,-0.00000525,-0.000228958,-0.000024824,-0.000052593,-0.000163698,-0.00008906,-0.000163051,-0.000149298,-0.000010179,0.000030787,0.000030353,-0.000069704,-0.000102385,-0.000029972,-0.000099469,-0.000050019,0.00003252,0.000021851,-0.000100738,-0.000161757,-0.000048437,-0.000049328,-0.000052467,0.000092806,-0.000016311,-0.00018099,-0.000306011,-0.000091674,-0.000119662,-0.000038604,-0.00006094,-0.000068711,-0.000003414,-0.000067893,-0.000199977,0.000009401,-0.000024295,0.000032456,0.000018681,0.000044606,-0.000051463,-0.000101872,-0.001503153,0.002936443,-0.000043792,-0.000692038,-0.000122103,-0.000047191,-0.000036525,-0.000224478,-0.00020163,0.00011129,-0.00002545,-0.000119504,0.000000203,0.000010127,0.000017669,-0.000011186,-0.000127711,-0.0000379,-0.000042992,0.000143726,-0.000055273,-0.000009149,-0.000047854,0.000084113,-0.000055009,-0.000069809,-0.000063463,-0.000119872,-0.000031674,-0.000076488,-0.000035857,-0.000021166,-0.000055324,-0.000040807
503.2928162,-0.000212585,-0.00005871,-0.000029548,-0.000194507,-0.000166,-0.000035895,-0.000189042,0.000000613,-0.000070712,0.000003038,-0.00018844,-0.000037806,-0.00018496,0.000120759,-0.000076897,-0.000074187,0.000014154,-0.000050909,-0.000030761,0.000017516,0.000134207,-0.000100181,-0.000158984,0.000108402,0.000099893,0.000086751,-0.000189251,-0.000029183,0.000018227,-0.00008254,-0.000127803,-0.000128941,-0.000194656,0.000030181,0.000013036,-0.000049772,-0.000091199,-0.000092963,-0.000070453,0.000021678,-0.000022623,-0.000040812,-0.000102997,-0.000072856,-0.000175032,-0.000005119,-0.000080164,-0.000009807,-0.000079,0.000054104,-0.000193981,-0.000211938,-0.000162883,-0.000167672,-0.000058587,-0.000119164,-0.000092816,-0.000031654,-0.000049643,-0.000144843,-0.000087524,0.000012712,0.000115891,0.000012284,0.000151492,-0.000034089,-0.000241893,-0.001481752,0.002920809,0.000130912,-0.00065222,-0.00001917,-0.000067123,-0.000085514,-0.000273893,-0.000141744,-0.000022254,-0.000045579,-0.000096198,0.000002829,0.000056584,0.00009188,0.000030313,-0.000066344,-0.000041189,-0.000102228,-0.000001624,-0.000015695,-0.000054503,-0.000006545,0.000098286,-0.000183355,-0.00009349,-0.000115013,-0.000134267,-0.000050077,-0.000144472,-0.000139218,0.000013631,-0.00001387,-0.000039033
503.8765869,-0.000160689,-0.000033463,-0.000026548,-0.000216654,-0.000113464,-0.000150758,-0.000147755,0.000031792,-0.000073482,-0.000005374,-0.000080135,-0.000026297,-0.000116954,0.000089318,-0.000047667,-0.000161199,-0.00005077,-0.000011384,-0.000041962,-0.000025728,0.000166508,-0.000040702,-0.000073499,0.000092319,0.000086129,0.00014116,-0.000187748,-0.000001484,0.000056304,-0.000054275,-0.000081102,-0.000065835,-0.000163172,-0.00007019,-0.000099389,-0.000027422,-0.000026759,-0.000063051,0.000028544,0.000056974,-0.000062524,0.000062605,-0.00005201,-0.000071055,-0.00013926,-0.000003359,-0.000011564,-0.000036082,0.000038127,0.000130519,-0.000150731,-0.000048698,-0.000046302,-0.000263199,0.000021561,-0.000131011,-0.000072461,0.000012361,-0.0000508,-0.000053102,-0.000141845,0.000029979,0.000057199,0.000052161,0.000015635,-0.000073709,-0.000183968,-0.001538548,0.003083285,0.000362874,-0.000666589,-0.000006925,0.000023625,-0.00014821,-0.000294731,-0.000155487,-0.000029312,-0.000004162,-0.000162756,0.000013764,0.000044314,0.000067729,0.000014915,0.00002503,0.000009133,-0.000115849,-0.000003444,0.000024869,-0.000044413,-0.000021895,0.000064631,-0.000119993,0.000004936,-0.000102404,0.000021307,-0.000017722,-0.000132879,-0.000074045,0.000057544,-0.000017856,-0.000032004
504.4603882,-0.000257123,0.000135397,0.000050642,-0.000190383,-0.000120107,-0.000123349,-0.00009024,0.000079564,-0.000056193,0.000005244,-0.000005404,-0.000038799,-0.000164175,0.000124954,-0.000157053,-0.00000429,-0.000018045,-0.000047801,0.000039914,0.000098667,0.00021627,-0.000013971,-0.000023969,0.00017332,0.000124068,0.000028447,-0.000208409,0.000115738,0.000035999,-0.000169517,0.000032963,-0.000072297,-0.000147075,-0.000112192,-0.000047277,-0.000023903,-0.000026037,-0.000009569,-0.000013238,-0.00002485,0.000020475,0.000081695,0.00000306,-0.000001665,-0.000138293,-0.000046259,-0.000026812,0.000030924,0.000003222,0.000053809,-0.000211311,-0.000006247,-0.000102963,-0.000220748,-0.000020079,-0.000043023,-0.000016708,0.000033985,-0.000068579,-0.000057666,-0.000154172,0.000046246,0.000032695,0.000034116,0.000015022,-0.000052662,-0.00009515,-0.001351434,0.003117805,0.000361303,-0.000758439,0.000041348,0.00002986,-0.000012971,-0.000237867,-0.00007451,0.000047937,0.000121373,-0.000174365,0.000014761,0.00007714,0.000116177,0.000068905,0.000023991,0.000055575,-0.000157821,0.000107118,-0.000002379,-0.000044724,0.000047038,0.00009832,-0.000050725,0.000088203,-0.000064115,-0.000096205,-0.000026118,-0.000096832,0.000023043,-0.000015291,0.000010133,-0.000024856
505.0442505,-0.000222442,0.000128891,0.000080674,-0.000205112,-0.000178647,-0.00010225,-0.000094083,0.000139744,0.000002054,0.000001744,-0.000032803,-0.0000987,-0.000090554,0.000071711,-0.000122077,-0.000062572,0.000015952,-0.000020499,-0.000069059,0.00008704,0.000136943,-0.000174058,-0.000053508,0.000111006,0.000123797,0.000113886,-0.000131708,0.000078985,-0.000071635,-0.000137709,0.000054939,-0.000128399,-0.000134273,-0.000050232,0.000056691,0.000046676,-0.000023373,-0.000031479,0.000029378,-0.000054575,0.000038245,-0.000000933,0.000043851,0.000028706,-0.000213607,-0.000131078,-0.000119631,-0.000042878,0.000000927,0.00004386,-0.000151541,-0.000086938,-0.000162013,-0.000169783,0.000067324,-0.000074666,0.000002064,0.000062867,0.000007679,0.000017894,-0.000077779,0.000022577,0.000104845,-0.000033672,0.000099348,-0.000048074,-0.000025995,-0.001298822,0.003089625,0.000371635,-0.000755048,0.000119016,0.000038601,-0.0000075,-0.000227199,-0.000035204,0.000081892,-0.000056622,-0.000150394,0.000111594,0.000156955,0.00018931,0.000095934,-0.000002403,0.000011055,-0.000059683,0.000073162,-0.00001654,-0.000055749,0.000080962,-0.00001067,-0.000060293,0.000035941,-0.000045871,-0.000097143,-0.000004172,-0.000134648,0.000092684,0.000057419,-0.000082753,-0.000000761
505.6281433,-0.00009507,-0.000025777,-0.000030004,-0.000147631,-0.000177486,-0.000190284,-0.000094149,0.00007498,-0.000100085,0.000078872,-0.000056188,-0.000102599,-0.000091336,-0.000028451,-0.000087702,-0.000109571,-0.00002638,-0.000058568,-0.000078132,0.000002868,0.000040977,-0.000075919,-0.000065289,0.000061105,0.000133317,0.00012093,-0.000168467,0.000045844,-0.000087609,-0.000189074,-0.000045562,-0.000189929,-0.000101711,0.000043841,0.000000249,0.000031545,0.000017999,-0.000038986,-0.000018964,-0.000050694,0.000013643,-0.000041262,-0.000035178,-0.000074524,-0.000215397,-0.000199212,-0.000152118,-0.000081874,0.00000182,0.000051482,-0.000107531,-0.000152467,-0.000063072,-0.000232735,-0.000046484,-0.000040374,-0.000024687,0.000107871,-0.000033686,-0.000063867,-0.000127699,0.00006465,-0.00003141,-0.000071597,0.000083136,-0.000094159,-0.000059966,-0.001347622,0.003105563,0.000565212,-0.000834604,0.000084825,0.000129852,-0.000126102,-0.000178922,-0.000102218,0.000085771,-0.000079124,-0.000122086,0.000092422,0.000154226,0.000118072,-0.000006028,-0.000024615,0.000007789,0.000012742,0.000059201,-0.000044188,-0.000064064,0.000028465,0.000024231,0.000067991,-0.000015286,-0.000010909,-0.000064249,0.000028262,-0.000139053,-0.000046005,0.000030803,-0.000010045,-0.000026213
506.2120667,-0.000168332,0.000058832,-0.000001363,-0.000193073,-0.00008144,-0.000139619,-0.000114353,-0.000023353,-0.00012787,0.000041626,-0.000069373,-0.000041907,-0.00008424,0.00005191,-0.000057596,-0.000029804,-0.000011566,0.000038832,-0.000021995,-0.000010152,0.000166195,-0.000011488,-0.000100893,0.000138193,0.000179857,0.000036394,-0.000104439,0.000025141,0.000020274,-0.000164029,-0.000020757,-0.000090532,-0.000040278,0.000014415,-0.000013366,-0.000040969,0.000031301,-0.000064629,-0.000031722,-0.000005229,-0.000024843,-0.00003381,-0.000096827,-0.00003231,-0.000204287,-0.000055832,-0.000044458,-0.000060516,-0.000036852,0.000078531,-0.000143452,-0.000046425,-0.000064792,-0.000183521,-0.000072267,-0.000007051,-0.000007274,-0.000045018,-0.000068242,-0.000115402,-0.000141535,-0.000042018,-0.00005859,-0.000056969,0.000164583,-0.000033195,-0.000031782,-0.001299666,0.003099235,0.000616002,-0.000663374,0.000062574,0.000104231,-0.000153602,-0.00014822,-0.000090397,0.000033179,-0.000113141,-0.000212972,0.000004516,0.000083109,0.000103235,0.000084499,0.000018176,-0.000029607,0.000049089,-0.000045398,-0.000024204,-0.000045223,0.000060021,0.00005939,-0.000058443,-0.000064809,-0.000025748,0.000072736,0.000050327,-0.000131562,-0.000136154,-0.000009176,-0.000027403,-0.000056389
506.796051,-0.000218596,0.000014771,-0.000030824,-0.000210861,-0.000124396,-0.000149091,-0.000094985,-0.000004537,-0.000148201,0.000010267,-0.000043669,-0.000049831,-0.000044602,-0.00002264,-0.000109842,-0.000126126,-0.000067859,-0.000023982,0.000016084,0.0000196,0.000175144,-0.000117534,-0.000174852,0.000234573,0.000031861,-0.00000268,-0.000143853,0.000045477,-0.000043443,-0.00008746,-0.000002575,-0.00007887,-0.000104003,0.000072393,-0.000131721,-0.000022765,0.00001623,-0.000008099,0.000014891,-0.000019344,-0.000039618,0.000056991,-0.00003862,-0.000069944,-0.000157318,0.00004089,0.000009346,-0.000056396,0.000033377,0.000044032,-0.000195438,-0.000054932,-0.000075167,-0.000164583,-0.000063369,-0.00004877,-0.000008903,-0.000051623,-0.000056429,-0.000096791,-0.000031765,-0.000010139,-0.000051442,0.000016427,0.000070172,-0.000001456,-0.000049366,-0.001226665,0.003035107,0.000756687,-0.000653185,0.000177675,-0.000064712,-0.000049239,-0.000075587,-0.000060165,0.000020537,-0.000047776,-0.000277886,-0.00000142,0.000099252,0.000183899,0.000035918,0.000006684,-0.000051505,-0.000039611,-0.000041905,-0.000056984,-0.000012638,-0.000103188,0.000114041,-0.0000624,-0.000099994,-0.000091952,0.000052807,-0.000003246,-0.000032963,-0.000103912,0.000043842,-0.000059069,-0.000009678
507.3800659,-0.000229137,0.00001378,0.000088239,-0.000144343,-0.000171387,-0.000115509,-0.00012088,0.000094483,-0.000089215,0.000033277,-0.000007583,0.000044543,-0.000028341,0.000091009,-0.000105163,-0.000004102,-0.000086793,-0.00006017,0.00004274,0.000044604,0.000173918,-0.000041423,-0.000045903,0.000135123,0.000013126,-0.000039008,-0.000224021,0.000101719,-0.000041531,-0.000097994,-0.000055866,-0.00013699,-0.000153816,-0.000022419,-0.000005769,-0.000097915,-0.000152022,-0.000055548,-0.000017517,-0.000141998,-0.000019183,-0.000067547,-0.000020353,-0.000179573,-0.00013301,0.000051146,-0.00007018,-0.000011531,0.000042771,0.000075687,-0.000152905,-0.000051445,-0.000154478,-0.000142634,-0.000040812,-0.000061007,-0.00012107,0.000067663,-0.00003609,-0.000097315,-0.000072288,-0.000005191,-0.000047692,-0.000000529,0.000048012,0.000048673,-0.000069664,-0.001259054,0.002895228,0.000847738,-0.00077841,0.000151053,0.000015555,-0.000048548,-0.000118096,0.000009908,-0.000007701,-0.000001454,-0.000361439,0.000010964,0.000056675,-0.000021211,0.000102784,0.000048286,0.000040104,-0.000134435,0.000029582,-0.000102306,-0.000042744,-0.000115578,0.000011533,0.000048462,-0.000060414,-0.000005468,-0.00002991,0.000020339,-0.000130299,-0.000134023,0.000000975,-0.000036695,-0.000076719
507.9641418,-0.000124284,-0.000036019,0.000067212,-0.000058065,-0.000197084,-0.000104639,-0.000037848,0.00005342,-0.000052369,0.000048148,-0.000085699,-0.000017254,-0.000001435,0.000031345,-0.000145693,-0.000024524,-0.00002691,-0.000014671,-0.000053213,0.000079315,0.000197868,-0.000040864,-0.000008386,0.000010763,0.0000674,0.00005569,-0.000164202,0.000155623,-0.000020367,-0.000108338,0.000033516,-0.000077743,-0.000123611,-0.000033713,0.000108698,0.000077207,-0.000060383,-0.000035021,-0.000040236,-0.000030189,-0.000023106,-0.000011014,-0.000042869,-0.000012544,-0.000115717,0.000033419,-0.00016004,0.00006075,0.000116113,0.000065086,0.000012712,-0.000084208,-0.000100197,-0.000219926,0.000043358,-0.000062042,-0.000044415,0.000082055,-0.000087519,-0.00006741,-0.000063774,-0.000018047,-0.000119418,-0.000090979,-0.000028265,0.000049136,0.000013969,-0.001117943,0.002821083,0.000898598,-0.000721292,0.000073097,0.00008323,-0.000028837,-0.000129984,-0.000022726,-0.000019963,-0.000075879,-0.000295873,0.000004933,0.000138705,0.000087017,0.000060667,-0.000003012,0.000132046,-0.000010302,0.000077887,0.000008502,0.000027141,-0.000071381,0.00013189,-0.000054123,-0.000015962,-0.000018362,0.00000205,0.000044046,-0.000096514,0.000033399,-0.000129382,0.000061783,-0.000007371
508.5482483,-0.000115445,-0.000010675,-0.000015326,-0.000031435,-0.000264735,-0.000131085,-0.000053983,-0.000062739,-0.000093793,0.000154234,0.000100981,-0.000043466,-0.000057188,-0.000009242,-0.000072343,-0.000106293,0.000036629,-0.000047984,-0.000083135,0.000066128,0.000186059,0.000060825,0.000026159,0.000048606,0.000117514,0.000122108,-0.000211526,0.000067754,-0.000049361,-0.00007391,-0.000153065,-0.000093247,-0.000041026,0.000066871,0.000052511,0.000058336,0.000043038,-0.000020918,0.000004373,-0.000075331,-0.00005404,0.000152278,-0.000042545,-0.000074471,-0.000129135,0.00005893,-0.000080926,-0.00005441,0.000038808,0.000017645,-0.000042875,-0.000105949,-0.000007208,-0.000240019,0.000016727,0.000006659,-0.00002788,-0.000019069,-0.000117532,-0.000085458,0.000024312,0.000001336,-0.000066003,-0.000044171,-0.000002882,0.000007168,0.000007318,-0.001127909,0.002541752,0.000933771,-0.00064248,0.000168709,0.000124998,-0.000046306,-0.000058503,-0.000063782,0.00004591,-0.000085082,-0.00022458,0.000081974,0.000147867,0.000098731,0.000144761,0.000110653,0.000148244,0.00016152,0.000083587,-0.00004835,0.000093366,-0.000018711,0.000141692,-0.000097124,-0.000007728,-0.000001206,-0.000047582,-0.000019445,-0.000028356,-0.000080401,-0.000055598,0.000075335,0.000038525
509.1323853,-0.000151524,-0.000011784,-0.0001341,-0.000145436,-0.000198343,-0.000071897,-0.000149053,-0.000082854,-0.00018705,0.000051864,-0.000002635,-0.000047361,-0.000137779,0.00012281,-0.00003902,-0.00006249,0.0000467,-0.000009433,-0.000041055,-0.000091111,0.000111767,-0.000055993,0.000040934,0.000041195,0.000121968,0.00000988,-0.000164413,-0.000096321,0.000067403,-0.000009834,-0.000099056,-0.000074201,-0.000050716,0.000097027,-0.000019125,0.000000558,0.000010973,-0.000010423,0.000012985,0.000046068,-0.000026657,0.000061185,0.000014779,-0.000043745,-0.000162501,0.000082681,-0.000034982,-0.000086907,-0.000011579,0.000022189,-0.000117873,-0.000157209,-0.000151391,-0.000254545,0.000103369,-0.000066669,0.00002334,-0.000049049,-0.000111189,-0.000036516,-0.000013424,0.00007215,-0.000009389,-0.000026081,0.000087389,-0.000070742,-0.000000576,-0.001086889,0.002223441,0.000846233,-0.00064765,0.000130848,0.000089535,-0.000016899,0.000020413,0.000061758,0.000092592,-0.000174925,-0.000276012,-0.000050129,0.000084991,0.000086702,0.000039816,0.000123528,0.000057017,0.00007471,0.000002892,-0.000154037,0.000134308,-0.000037191,0.000012109,-0.000011232,0.000024909,0.000017074,0.00004041,-0.000076738,-0.000114153,-0.000132047,0.000054841,-0.000034793,-0.00009437
509.7165833,-0.000176663,0.000072401,-0.000098696,-0.000198579,-0.000167686,-0.000221429,-0.000176287,0.00001971,-0.000089464,-0.000017093,0.000073848,0.000012164,-0.00016893,0.000085307,-0.000024105,-0.000009215,-0.000102754,0.000009181,-0.000090998,-0.000101296,0.000192173,-0.000115806,-0.000027944,0.000137736,0.000072268,0.000089846,-0.000222233,0.000019214,0.000069787,-0.000048575,-0.000048662,-0.000034797,-0.000200595,0.000009623,-0.000030777,-0.000014219,-0.000007121,-0.000028182,0.000013247,0.00001948,0.00001438,0.000020685,0.000091329,-0.000114566,-0.000143164,0.000020517,-0.000055037,0.000027009,-0.000111701,0.000038907,-0.000178955,-0.000094141,-0.000168535,-0.000201004,-0.000008173,-0.000126154,0.000006233,-0.000037753,-0.000068599,-0.00001872,-0.000167455,0.000046706,0.000017949,-0.000089406,-0.000046014,0.000010373,-0.000027619,-0.001073572,0.002194778,0.00087715,-0.000523278,0.000081985,0.000004306,0.000058846,-0.000031398,0.000134055,-0.000017888,-0.000134892,-0.000268711,-0.000139462,0.000045614,0.000032561,-0.00004619,0.000043302,0.000211068,-0.000029877,-0.000087496,-0.000022725,-0.000055485,0.000015813,0.000084243,-0.000029975,-0.000002481,-0.000023424,0.000142626,-0.000097085,-0.00008579,-0.000123621,-0.000057329,-0.000037375,-0.000155746
510.3008118,-0.0001073,0.00006906,0.000073255,-0.000193908,-0.000266751,-0.000170644,-0.000096993,0.000046337,-0.000009476,0.000172929,0.00014415,0.000076025,-0.000012485,0.000070146,-0.00002266,-0.000011103,0.000014042,0.00001987,-0.000100758,-0.000094955,0.000153157,-0.00009305,0.00000652,0.000074462,0.00003192,0.000009756,-0.000200701,0.000004442,0.00002133,-0.000139413,0.000068785,-0.000055851,-0.000165175,-0.000012221,-0.000074113,-0.000045749,-0.00004417,-0.000059716,-0.000016083,0.000052861,-0.000018103,0.000078352,0.000025373,-0.000126636,-0.000112141,0.000010846,-0.000106285,-0.000043381,0.000055683,0.000016563,-0.000212402,-0.00008775,-0.000102872,-0.000152001,-0.000131534,-0.000165148,-0.000011942,0.000075877,-0.000075093,-0.00001489,-0.000094923,0.000052081,-0.00008892,-0.000029904,-0.000076916,-0.000034468,-0.000064358,-0.001083901,0.001953975,0.000963292,-0.000509097,0.000085626,-0.000043737,-0.000051264,-0.000014215,0.00015082,0.000081759,-0.000187993,-0.000342654,-0.000011066,-0.00006978,-0.000021879,0.000035988,0.000109509,0.00020102,-0.000041172,-0.000123357,-0.000106195,-0.000065174,-0.000060463,0.000071203,-0.000044017,0.000063414,0.000033756,0.000102267,-0.000062412,-0.000126956,-0.000040066,-0.000037906,0.000032751,-0.000029753
510.8850708,-0.000068753,-0.000012341,0.000063037,-0.000205821,-0.000307787,-0.00008852,-0.000027363,0.000049618,0.00005798,0.000090186,-0.000042989,0.000065393,-0.000064121,-0.000048025,-0.000066878,-0.000061507,0.000054514,-0.000030508,-0.000070332,-0.000036718,0.00023614,0.000010091,-0.000083011,0.000174947,0.000054649,0.000034598,-0.000200956,0.000097098,0.000047183,-0.00009874,-0.000033603,-0.000044796,-0.000032038,0.000088853,-0.000001466,-0.000067764,-0.000048252,-0.000013796,0.000085903,0.000011687,-0.000176998,-0.000014122,0.000053547,-0.000094107,-0.000203712,-0.000070443,-0.00008469,-0.000089042,0.000082636,-0.000017293,-0.000188572,-0.00007254,-0.000027869,-0.000229449,-0.000070036,-0.000089836,0.000045458,0.0000061,-0.000088078,-0.000100288,0.000021998,0.000089448,-0.000026377,-0.000117995,0.000031372,-0.000073392,0.000054954,-0.001044712,0.001598419,0.000967257,-0.000502992,-0.000008407,0.000010244,0.000111109,-0.000005497,0.000152922,0.000091316,-0.000178719,-0.000304671,-0.000015542,0.000155148,0.000087876,0.000004744,0.000090553,0.000137116,0.000034079,0.000032811,-0.000118996,-0.000033059,-0.00008535,0.000004357,0.000065293,0.000039047,0.000105882,0.000062163,0.000147879,-0.000030706,0.000030978,-0.000045706,0.000129348,-0.000071216
511.4693909,-0.000035365,-0.000011344,-0.000037644,-0.000171388,-0.000179794,-0.000100732,-0.000037631,0.000082008,-0.000078132,0.000119345,-0.000094544,-0.000009784,-0.000076475,0.000133695,-0.000124506,-0.000005401,-0.00006597,0.000004086,0.000045343,-0.000088011,0.000088262,-0.000092274,-0.000106547,0.000150364,0.000161386,0.00001764,-0.000274993,0.000016358,-0.000066612,-0.000146249,-0.000149062,-0.000165807,-0.000115263,0.000030329,-0.000028782,-0.000049965,0.000008464,-0.000059752,0.000041785,0.000067847,-0.000083244,-0.000069253,-0.00012271,0.000034303,-0.00026985,-0.000041368,-0.000023113,-0.000024038,-0.000031501,-0.000079685,-0.000255449,-0.000102924,-0.000059835,-0.000210628,0.000000786,-0.000012818,-0.000034191,0.000066441,0.000057251,-0.000056066,0.000000177,0.00010427,-0.000044848,-0.000075214,0.000087294,-0.000108189,0.00001904,-0.000961482,0.001489802,0.001148419,-0.000530872,-0.000004965,0.000036314,0.000024368,-0.000051933,0.000047593,0.000066636,-0.000204284,-0.000211936,-0.00006643,0.000096426,-0.000026758,0.000037991,0.000079803,0.000100127,0.00010355,0.000084959,-0.000042678,-0.000124207,-0.000111381,0.000051182,0.000018897,-0.00003894,-0.000038874,0.000132846,0.00011824,-0.000067756,0.000015079,0.000060777,-0.000011982,-0.000064851
512.053772,-0.000003121,0.000001459,-0.00004527,-0.000179358,-0.000147477,-0.000183575,-0.000126221,0.000010019,-0.00010599,0.00000909,-0.000026562,-0.000051143,-0.000154204,0.00014254,-0.000031269,-0.000145285,0.000028098,-0.000109713,0.00003288,0.000021159,0.000053865,-0.000130888,-0.000101173,-0.000002326,0.000112003,-0.000120332,-0.000222838,0.000007029,0.00001469,-0.000039947,-0.000165311,-0.000075999,-0.000131916,0.000029951,-0.00000754,0.000049291,0.000062247,-0.000111973,-0.000127152,0.000025463,-0.000050236,-0.000040841,-0.000019522,0.000140602,-0.000219835,0.000073607,-0.000019773,-0.000001413,0.000081175,-0.000043436,-0.000168101,-0.000112555,-0.000157207,-0.000157275,-0.000028946,-0.000048793,0.000073527,0.000077882,0.000079628,-0.000076413,-0.000136648,-0.000027725,0.000066487,-0.000111904,0.000076076,-0.000076702,0.000016221,-0.000919774,0.001185059,0.001086968,-0.000474145,-0.000121057,-0.000057251,0.000017189,0.000059921,0.000096182,0.000067638,-0.000148186,-0.000227798,0.000028332,-0.000090934,-0.000174409,-0.000018652,0.000128221,0.000100124,0.000038072,0.000002419,-0.000196598,-0.000022903,-0.000188316,-0.000050276,-0.000086241,-0.000086799,-0.000014328,0.000027174,0.000002763,-0.00008984,-0.000061417,-0.000094696,-0.000032841,-0.000084561
512.6381226,-0.000129309,-0.000037939,-0.000031354,-0.000085923,-0.000109208,-0.000033546,-0.000214718,0.000048343,0.000006842,-0.000029352,0.000013713,0.000035556,-0.000104913,0.000120391,-0.000100826,-0.000106223,-0.000144374,-0.000007682,-0.000058466,-0.000015016,0.000092132,-0.000035092,-0.000111604,0.000105432,0.000079403,0.000038137,-0.000228351,-0.000060717,-0.000026369,-0.000018641,-0.000120048,0.000009062,-0.000185986,-0.000042443,-0.000036619,0.000032256,-0.000006734,-0.000051722,0.000022388,0.000082066,-0.000107957,0.000026017,0.000006377,0.000029722,-0.000165101,0.000132965,0.000029179,0.000107629,0.000080244,0.000132228,-0.000154968,-0.00011728,-0.0001706,-0.000184546,0.00001456,-0.000149044,0.000034538,-0.000012973,-0.000102153,-0.000149894,-0.000235733,0.000055348,0.000043319,-0.000103289,0.000007764,-0.000019848,-0.000074605,-0.000867718,0.00095972,0.001177757,-0.000374083,-0.000103461,-0.000077858,0.000015291,0.000125777,0.000135685,0.000067419,-0.00004104,-0.000275445,-0.000060192,-0.000029842,-0.000029583,-0.000138328,0.000150599,0.000168167,0.00004296,-0.000079551,-0.000069757,0.000072515,-0.000147574,-0.000120947,-0.000099142,-0.000056047,-0.000028759,0.000002207,-0.000028733,-0.000011757,-0.000160088,-0.00011408,-0.000013312,-0.000001371
513.2225952,-0.000060733,0.000012721,-0.000180853,-0.000074136,-0.000191477,-0.000051889,-0.000007742,0.00004301,-0.000007014,0.000033877,0.000054334,0.000012464,-0.000083505,0.000132358,-0.000124926,-0.00007054,-0.000083195,-0.000148876,-0.00002554,0.000002076,0.000142635,-0.000046916,-0.000057034,0.000088708,0.000053561,0.000050249,-0.000207925,-0.000073246,0.000009577,-0.000139335,0.00001822,-0.000073234,-0.00018934,-0.000023388,0.000127174,-0.000060308,-0.000038208,-0.000041378,0.00003829,0.000023123,-0.000003152,-0.000000034,0.000072948,0.000004665,-0.000217097,0.00001943,-0.000153263,-0.000006387,-0.0000305,0.000084735,-0.000082479,-0.000055166,0.00004243,-0.00016902,0.000064515,-0.000127433,-0.000017196,-0.000027473,-0.000089597,-0.000099957,0.000035126,0.000082917,-0.000041698,-0.000173314,0.000024046,-0.000048722,-0.000045613,-0.000923848,0.000680742,0.001089926,-0.000323165,-0.000009737,-0.000067478,0.000018209,0.000148194,0.000080452,0.000029302,-0.000066703,-0.00030873,0.000001883,0.000029523,0.000034155,-0.00005612,0.000030604,0.000219078,0.00010509,-0.000058234,0.000069979,0.000031682,-0.000005294,-0.00005071,0.000021079,-0.000077091,-0.00004469,-0.000014118,-0.000004382,-0.000020861,-0.00010495,0.000049546,-0.000005177,0.000011234
513.8070679,-0.00011459,-0.000011471,-0.000135643,-0.000089921,-0.000271446,-0.000119676,-0.00008799,0.000051524,-0.000109952,0.000053568,0.000021873,0.000013315,0.000009051,0.000081909,-0.000079142,-0.000145336,-0.000021202,-0.000149203,-0.000035971,-0.000021153,0.000175447,-0.000048929,-0.000085766,0.000176473,0.000097342,0.000038498,-0.000212152,-0.000034137,-0.00007715,-0.000030517,0.000088706,-0.000115868,-0.000137584,0.000018474,-0.000010545,0.000052285,0.000022538,-0.000076685,0.000116749,0.000018733,-0.000031436,-0.000041884,-0.000021296,-0.000007331,-0.000217426,0.000034134,-0.000129081,0.000005418,0.000059727,-0.000031729,-0.00014781,-0.000067136,-0.000014303,-0.000212585,0.000023699,-0.000043716,-0.000128284,0.000037088,-0.000108742,-0.00012319,-0.000118403,0.000001788,0.000026688,-0.000063766,0.000050424,-0.000107597,0.000030167,-0.000742012,0.000246604,0.000951479,-0.000374867,-0.000093791,-0.000125104,0.000031091,0.000085592,0.000140866,-0.000074692,-0.000152478,-0.000233021,0.000000796,0.000085255,-0.000030737,-0.000040486,0.000142714,0.000162191,0.000201411,0.000031818,-0.000035369,-0.000094938,-0.000084923,-0.000154978,-0.000092275,-0.000039011,0.000003511,-0.00010596,-0.000035405,0.00000863,0.000053415,0.000013043,-0.000025709,-0.000124728
514.3916016,-0.000085284,0.000078565,-0.000026406,-0.000167549,-0.000136751,0.000005645,-0.000122067,-0.000003486,-0.000024044,0.000064712,-0.000026023,-0.000108528,0.000002832,0.000054868,-0.00010741,-0.000117253,0.000074924,-0.000079183,-0.000098517,-0.000058875,0.000133868,0.000031748,0.000144742,0.00012103,0.000141984,0.000103989,-0.000149727,-0.000035117,-0.000043215,-0.000008968,-0.000014194,-0.000105681,-0.000194408,0.000104841,0.00004891,0.000032884,0.000048855,-0.000092974,0.000026867,0.000093077,0.000027724,0.000069302,0.000109294,0.000025505,-0.000089162,0.000048139,-0.000098219,0.00004285,0.000001601,-0.000027296,-0.000116449,-0.00000438,-0.000134295,-0.000196923,0.000042187,0.000086569,-0.000010993,0.000041247,-0.000068836,-0.000018185,-0.000126366,0.000076533,-0.000040074,-0.000117549,0.000030775,-0.00009961,-0.000006498,-0.00073829,0.000010515,0.001087637,-0.000291293,-0.00024024,-0.0000372,-0.000015691,0.000080673,0.000099092,0.000001132,-0.00015923,-0.000142957,0.000118402,-0.000088375,-0.000041902,-0.000053931,0.000121932,0.000169013,0.000149246,-0.000011524,0.000013243,-0.000049868,-0.00007632,-0.000052488,-0.000163112,-0.000034596,0.000003573,-0.000026989,-0.0000172,0.000094524,-0.000015948,0.000076719,0.00005382,-0.000093492
514.9761353,-0.000024902,-0.000067894,-0.000139379,-0.000179917,-0.000163358,-0.000022534,-0.000009793,0.00004452,-0.00008933,0.000029122,-0.0000303,-0.000100912,0.000020485,0.000143248,-0.000045395,-0.000122376,-0.00004802,-0.000027086,-0.00008487,-0.000097144,0.000116096,0.000012308,-0.000075137,0.000067581,0.000165153,0.000057276,-0.000220959,-0.00008231,0.00004877,-0.000046209,-0.000038762,-0.000169172,-0.0002018,0.000134077,-0.000025736,-0.000103086,0.000045386,0.000020028,-0.000022068,0.000030802,-0.000003409,0.000028266,0.000082878,-0.000026362,-0.000127883,0.000010395,-0.000054511,0.000007204,0.000070996,0.000015017,-0.000130963,-0.000104245,-0.00018961,-0.000168073,0.000068883,0.000082518,-0.00006767,-0.000037406,-0.000163434,-0.000055511,0.000026228,0.000070719,-0.000054976,-0.000109381,0.000167361,-0.000055661,-0.000083489,-0.000767873,-0.000081464,0.001216361,-0.000146262,-0.000402834,-0.000017559,0.000080694,0.000047786,-0.000022895,0.000040105,-0.000173759,-0.000182569,0.000143054,-0.000197347,0.000055361,-0.000056216,0.000048244,0.000058385,0.000056692,0.000052966,0.000005225,-0.000016419,0.000026161,-0.000069058,-0.000156934,-0.000086735,-0.000056116,0.000057668,0.000020097,0.000017843,-0.000155314,-0.00003123,0.000011986,-0.000062547
515.56073,-0.00009386,0.000043748,-0.000010392,-0.000125549,-0.00029245,0.000004171,-0.000020062,0.000039711,-0.000089203,0.000042979,-0.000074975,-0.000027498,-0.000053657,0.00010852,-0.000147361,-0.00007109,-0.000110038,-0.000015936,0.000077971,-0.000043411,0.000117845,-0.000033053,-0.000049102,0.000031622,0.000048589,0.000054475,-0.000210444,-0.000029192,-0.000055194,-0.000063166,0.000026724,-0.000076057,-0.000217757,-0.000072535,-0.000036084,-0.000023367,0.000019164,0.000116815,-0.000038743,0.000035894,-0.000017261,-0.000061113,-0.000115022,0.000008855,-0.000079685,0.000096474,0.000035312,-0.0000083,0.000079566,0.000074318,-0.000159041,0.000008867,-0.00005673,-0.000296916,0.000004196,-0.000093589,-0.000004293,0.000121456,-0.000106891,-0.00011412,0.000012981,0.0000129,0.000016638,-0.000168417,0.000083666,0.00006357,-0.000012354,-0.000643936,-0.000185103,0.001205044,-0.000118234,-0.000389536,-0.000061364,0.000082059,0.000086553,0.000117728,-0.000003646,-0.000093663,-0.000145144,0.000061009,-0.000113968,-0.000064812,-0.000104024,0.000082052,0.00019091,0.000039333,0.000043599,0.000003433,0.000013108,-0.000096193,-0.000084106,-0.000016612,0.000019321,0.000019958,-0.000057735,0.000028108,-0.000067158,-0.000126488,-0.000001042,-0.000123134,-0.000143829
516.1453857,-0.000136256,0.000092289,-0.000059933,-0.000132655,-0.000252536,-0.000085859,0.000007644,0.000047137,-0.000071949,0.00008878,0.000028341,-0.000061216,-0.000149268,0.000139069,-0.000125994,-0.000047626,-0.000040089,0.000013427,0.000079854,-0.000012401,0.000221183,-0.000016571,0.000014909,0.000083252,0.000185022,0.000062357,-0.000264947,0.000024198,0.000004746,-0.000126383,0.000049036,-0.000095863,-0.000123185,-0.000158415,0.000011207,-0.000020863,-0.000015451,0.000012609,-0.000079184,0.000001306,-0.000102268,-0.000029107,-0.000017555,-0.000161415,-0.000012559,0.000068715,0.000084624,-0.000079275,0.000051003,0.000161534,-0.000168809,0.000029996,0.000039528,-0.000219854,-0.000025434,-0.000170327,-0.00008148,0.000005082,0.0000316,-0.000282007,-0.000123851,-0.000000026,-0.000020923,-0.000095414,-0.000025953,0.000058614,0.000048779,-0.000611221,-0.000481633,0.001229933,-0.00005764,-0.00028599,-0.000107557,0.000001082,0.000048438,0.000125534,-0.000006846,-0.000055822,-0.000108662,-0.000061926,-0.000002865,-0.000112123,-0.000007819,0.000091838,0.000124406,0.000007524,0.000172378,0.00004216,0.000066354,-0.000062976,-0.000022814,-0.000025745,0.000085318,-0.00007315,-0.000040006,0.000085969,-0.000005848,-0.000081964,0.000007565,-0.000094471,-0.000052779
516.7301025,-0.000012359,0.000039715,-0.00006802,-0.000099954,-0.00016025,-0.000116805,-0.000094928,0.000090082,-0.000064674,0.000119403,-0.000012252,-0.000065015,-0.000101401,0.000119611,-0.000163579,-0.00011064,0.000015883,-0.000082765,-0.000009536,-0.000050851,0.000202696,-0.000083007,-0.000140895,0.000024794,0.000170927,0.000020844,-0.000274875,-0.000001035,-0.000085254,-0.000100116,-0.000031884,-0.000155589,-0.000194501,-0.000072787,0.000006203,0.00000018,-0.00001283,-0.000142495,-0.000018687,-0.000060126,-0.000027622,-0.000041969,-0.000062854,0.000040539,-0.000141626,-0.000032098,-0.000112252,-0.000117619,-0.000018221,-0.000029434,-0.000142218,-0.0000256,-0.000051007,-0.000106048,-0.000006765,-0.000199648,-0.000042153,0.000149618,-0.000056887,-0.000141107,-0.000153004,0.000047623,0.000003902,-0.000015734,-0.000030367,0.000032139,0.000051247,-0.000708596,-0.000864588,0.001158719,-0.000065566,-0.000327776,-0.000111267,0.000016108,-0.000023158,0.000058711,0.00008881,0.00001198,-0.00019219,0.000052898,0.000003006,0.000031381,-0.000064179,0.000216102,0.000032648,0.000002909,0.000033706,-0.000021992,-0.000034566,-0.000065002,-0.000118537,-0.000152875,-0.000146886,-0.000090985,-0.000049962,0.000044123,-0.000093092,-0.000012785,-0.000099316,0.000121543,-0.000056802
517.3148193,-0.00008198,-0.000005922,-0.000032342,-0.000133183,-0.000059384,-0.00019827,-0.000071074,-0.000082495,-0.000083839,0.000012324,-0.000089616,-0.000088991,-0.000168829,0.00012343,-0.00002792,-0.000255772,0.000095856,-0.000033958,-0.000016427,0.000014862,0.000006209,-0.000028699,-0.000019441,0.000045653,0.000098981,0.00001018,-0.000193869,0.000049021,0.000090303,-0.000113793,-0.00004081,-0.000133391,-0.00014586,0.000033635,-0.000062117,0.00010459,0.000035785,-0.00016731,-0.000040335,-0.000068852,-0.000007062,0.000024592,-0.000052745,0.000010209,-0.000093328,-0.000076444,-0.000122001,-0.000022688,0.000025696,-0.000126614,-0.000091378,-0.000140426,-0.000105057,-0.000124529,-0.000119986,-0.000038141,-0.000020432,0.000103172,-0.000002187,-0.000026965,-0.000119721,0.000012807,-0.000053734,-0.000084143,0.000092568,-0.000020521,0.00017109,-0.000560448,-0.000907185,0.001283908,0.000008344,-0.000461219,-0.000077755,0.000008175,-0.00001009,0.000002472,0.000124542,-0.000024091,-0.000140385,0.000082181,-0.000108253,0.000004074,-0.000028402,0.000097296,0.000033793,0.000028487,0.000019394,-0.000003604,-0.000014557,-0.000059127,-0.000170674,-0.000336505,-0.000107077,-0.000162687,-0.000005798,-0.000062188,-0.000082181,0.000092926,-0.0000205,-0.000027123,-0.000005835
517.8995972,-0.00012367,-0.000023181,-0.000074026,-0.000111817,-0.000109636,-0.000176485,-0.000069995,-0.000013139,-0.000126718,0.000059365,-0.000083015,-0.000037131,-0.000151585,0.000072884,-0.000111364,-0.000134292,0.000025835,0.000063449,-0.000078376,0.00011091,0.000135355,-0.00007008,0.000072883,0.000071863,0.000094154,0.000010562,-0.000214283,-0.000100945,0.00011473,0.000057697,-0.000035156,-0.000096721,-0.000178707,0.000112221,-0.000067673,0.000011041,0.000038081,-0.00007259,-0.000102153,0.000014799,-0.000060825,0.000077163,0.000015161,-0.000104857,-0.000151967,-0.000078891,0.000023891,-0.000065243,0.000017138,0.000029632,-0.000061739,-0.000050278,-0.000136215,-0.000166315,0.000014739,-0.000041828,-0.000036792,0.000077689,0.000016449,-0.000039096,-0.000077085,0.000017196,0.000045295,-0.000053438,0.000145472,0.000003391,0.000062116,-0.000445822,-0.001046372,0.001363051,0.000198169,-0.000494502,-0.000148223,0.000095939,0.000143701,-0.000046024,-0.000077803,-0.000082986,-0.000051821,0.000120193,-0.000033555,0.000051197,-0.000063689,-0.000041244,0.000037184,0.000017636,-0.000050187,0.000153816,0.000126007,0.000182987,-0.000002874,-0.000261994,-0.000058669,-0.000158409,-0.000039121,-0.000052924,-0.000140898,0.000024158,0.000047821,-0.000071502,0.000036563
518.484436,-0.000063417,-0.00001148,0.000046473,-0.000113087,-0.000077165,-0.000153968,-0.00010822,-0.000077444,-0.000124088,0.000039821,-0.000025506,-0.000037153,-0.000083743,0.000120046,-0.000171641,-0.00007519,0.000037398,0.000073158,-0.000042796,-0.000013388,0.000245715,-0.000149582,-0.00006556,0.000138806,0.000015877,-0.000049549,-0.000242769,-0.000013172,0.000060416,-0.00009023,0.000075727,-0.000140622,-0.000159323,0.000025307,-0.000086419,-0.00004154,-0.00002713,-0.00004388,0.000059069,0.000019514,0.000076968,-0.000071002,-0.000005698,-0.000069144,-0.000066114,-0.000007161,-0.000062946,-0.000011211,0.000042217,0.00006255,-0.00005691,-0.000035168,-0.000094334,-0.000159199,0.00005495,-0.000135905,-0.000003108,0.00012528,-0.000126206,-0.000093508,-0.000042022,-0.000014965,0.000172042,-0.000050607,-0.000013078,0.000049459,0.000014842,-0.000493472,-0.001270182,0.001466584,0.000322391,-0.000636775,-0.000068892,0.000102372,0.000033986,0.000044927,-0.000024917,0.0000299,0.000056746,0.000096542,0.000024571,-0.000039732,-0.000127953,0.000076393,0.000036712,-0.000129816,0.000013046,0.000116486,0.000097389,-0.000119567,-0.000035912,-0.000119252,-0.000068154,-0.000077071,0.000001337,-0.000090566,-0.00006489,-0.000046534,0.00003667,-0.000188352,0.000035332
519.0692749,0.000000507,0.000016714,-0.000090621,-0.000230071,-0.000090217,-0.000103044,0.000058565,0.000049372,-0.000150511,0.000038845,0.000046466,-0.000018809,-0.00001989,0.000015579,-0.000018106,0.000001625,0.000033447,-0.000160611,0.000080545,0.000004895,0.000255338,-0.000136973,-0.000023953,0.000174064,0.000002057,0.000012376,-0.000138624,0.000120485,0.000022504,0.000025766,0.000215954,-0.000004274,-0.000031335,-0.000074996,-0.000035135,0.000083632,0.00000809,-0.00000436,0.000004657,-0.000029178,0.00007459,-0.000027458,-0.000044966,-0.00002837,0.000013487,0.000087249,0.000003818,0.00010976,0.000128446,-0.000137769,-0.000213748,0.000071891,-0.000064263,-0.000067173,-0.000038334,-0.000135443,-0.000089068,0.000048094,-0.000086941,-0.000048406,-0.000024058,0.000069189,0.000082545,-0.000053812,0.000042408,-0.000066794,-0.000037258,-0.000369694,-0.001261452,0.001664756,0.000287584,-0.000488388,-0.000069539,0.000076824,0.000105137,0.000113111,0.000041426,0.000037749,-0.000046928,0.000098436,-0.000019013,0.000051843,-0.000040448,0.00010714,0.000072866,0.0001022,0.000093382,-0.000030466,0.000095173,-0.000041484,-0.000010545,-0.000097272,-0.000080168,-0.000114278,0.000112798,0.000022556,0.00007348,-0.000088421,-0.000113706,-0.000022094,-0.000038623
519.6541748,-0.000032113,-0.000061394,-0.000112827,-0.000233666,-0.000226699,0.000009426,0.000019224,0.000061075,-0.000066304,-0.000008365,0.000020323,-0.000180031,0.000013022,-0.000007357,-0.000095945,0.000006222,0.000083613,-0.000147744,-0.000035489,0.000007869,0.000059062,-0.000063634,-0.000098962,0.000123313,0.000080282,0.000067864,-0.000137038,0.000089315,-0.000029593,0.000017442,0.000034466,0.000083782,0.00001533,0.000006961,0.000002781,-0.000042833,-0.00005937,0.000043334,0.000013777,-0.000046862,-0.000023265,-0.0000765,-0.000065451,-0.000028976,-0.000093864,0.000058066,-0.000091632,0.000093622,0.000129386,-0.000070351,-0.000019425,-0.000074037,-0.00008926,-0.000118546,0.000024434,-0.000143638,-0.000091696,0.000017992,-0.000067679,-0.000099349,0.000072748,0.000025661,0.000106688,0.000047061,0.000056364,-0.000026328,0.000039956,-0.000288165,-0.001420204,0.001702888,0.000417157,-0.000413953,-0.000032313,0.00000381,-0.000147898,0.000030802,0.000023058,-0.000034966,0.000041087,0.000179907,0.000053616,0.000093753,0.000023571,0.000042166,0.000093068,0.000090892,0.000178813,0.000025156,0.000153156,-0.000006626,-0.000129904,0.00000322,-0.000020099,0.000044067,-0.000017459,0.000062619,-0.000039132,0.000167419,-0.000122082,0.000039299,-0.00002416
520.2390747,0.000000692,0.000004913,-0.000037229,-0.000218727,-0.000139701,-0.0001254,0.000013849,-0.000070776,-0.000062617,0.000018553,-0.000160403,-0.000083613,-0.000121516,0.000048647,-0.000063454,0.000008225,0.000034562,-0.000079659,-0.00004811,0.0000081,0.000004453,0.000018434,0.000070167,0.000174078,0.00008614,0.000071378,-0.000076101,-0.00004824,-0.000038786,-0.000038767,-0.000148376,-0.000040956,-0.000060481,0.000178162,0.000040988,0.000013512,0.00012267,0.000069194,-0.000042022,-0.000142119,-0.000061462,-0.000066634,0.000078104,-0.000027639,-0.000127945,0.000026425,-0.000053628,0.000003903,0.000069123,-0.000068797,-0.000000159,-0.000118532,-0.000099389,-0.000117157,0.000171354,-0.000059845,-0.000064275,-0.000005922,-0.000072781,-0.000022146,0.000027867,0.00013704,0.000070908,-0.000042123,0.00008665,-0.000081253,0.000026958,-0.000338864,-0.001651859,0.001659613,0.000462812,-0.000425146,-0.000119378,0.000105936,-0.00010814,0.000025411,-0.000035855,-0.000000089,-0.000033209,0.000093294,-0.000035663,0.000047921,-0.000063416,0.000056227,0.000010807,-0.000094144,0.000104512,0.000031447,0.000072594,0.000072625,-0.000044049,-0.000105125,0.000037653,0.000032554,0.000061849,-0.000097563,0.000071115,0.00004983,-0.000065757,-0.000055409,-0.000041511
520.8240967,-0.000085047,0.000044041,0.000013575,-0.000247453,-0.000126376,-0.000123218,-0.000052866,-0.000021253,-0.000038192,0.000053455,-0.000118046,0.000021145,-0.000072472,0.000153275,0.00006666,-0.000013419,0.000106328,-0.00013132,-0.00004981,-0.00006531,0.000061883,0.000063164,0.000102673,0.000230158,0.000078218,0.000032818,-0.000148306,-0.000115087,-0.000068903,-0.000064858,-0.000193093,-0.000182521,-0.00019554,0.000123077,-0.000038579,-0.000001986,0.000050647,0.000089448,-0.000073451,-0.000010146,0.0000068,-0.000085288,-0.000032087,0.000136007,-0.00004334,0.000021479,0.000022964,0.000052595,0.000046997,-0.000002642,-0.000077536,0.000078462,-0.000155006,-0.0001523,0.000092133,0.000093522,0.000030431,-0.000012367,-0.000070749,0.000020131,-0.00006581,0.000118755,0.000078426,-0.000140216,0.000122055,-0.000047898,-0.000109974,-0.000206544,-0.001666711,0.00177504,0.000620596,-0.000497752,-0.000174757,0.00004915,0.000072179,-0.000029408,-0.000134903,-0.000024861,0.000008008,-0.000007183,-0.000055849,0.000050166,0.000081527,0.000086372,0.000022293,-0.000054911,0.00005305,0.000024336,-0.000011024,-0.000007556,-0.000066005,-0.000118599,-0.000110509,-0.000013125,-0.000070701,-0.000027444,-0.000009915,-0.000013678,0.000079141,-0.00011799,0.000053941
521.4091187,-0.000115857,0.000057872,-0.000018244,-0.000289564,-0.000137438,-0.000165991,-0.000127491,0.000002158,-0.000048119,0.000004777,0.000157643,0.000060283,0.000024039,0.000087999,-0.00008686,-0.0000348,-0.000083993,-0.000020512,0.000048005,-0.00008629,0.000085576,-0.000069141,0.000053154,0.000110621,0.000069739,0.000034815,-0.000246692,-0.000094211,0.000014369,-0.000140184,-0.000107368,-0.00005766,-0.000149401,0.000060011,-0.000029612,0.000001933,-0.000072709,-0.000016169,-0.000041097,0.00012998,-0.000109873,-0.000059929,-0.000001226,-0.000004721,0.000012791,-0.000003083,-0.000021497,-0.000142851,0.00009606,-0.000073273,-0.000074809,0.000012285,-0.000192692,-0.000239678,-0.000144955,-0.000069064,-0.000101274,0.000013381,-0.000124153,-0.000077637,0.000005035,0.000015543,0.000008042,-0.000110214,0.00007811,0.000047,0.000040775,-0.000143464,-0.001669319,0.001769912,0.000555773,-0.000624673,-0.000036997,0.00007034,0.000050537,-0.000066741,-0.000076593,0.000145719,0.000109972,0.00005145,-0.000031772,-0.000028488,-0.000008294,-0.000062883,0.000077741,-0.000104304,-0.00003628,-0.000115314,0.000029449,-0.000059283,-0.000008192,0.000011442,0.000001431,-0.000136632,-0.000045308,-0.000081386,-0.000103308,-0.00004094,0.000072221,-0.000001121,-0.000009535
521.9941406,-0.000096431,-0.000048411,-0.000121452,-0.000098497,-0.000238079,-0.000083136,-0.000065837,0.000053696,0.000002148,0.000042224,-0.000103023,-0.000015295,-0.000058393,0.000000552,-0.000163376,0.000006927,-0.000109205,-0.000080887,0.000058505,-0.000053853,-0.000011189,-0.000003329,-0.00002662,0.000170299,-0.000019405,-0.00006403,-0.000043305,-0.000065258,0.000104517,-0.000061895,0.000002514,-0.000049061,-0.000143022,0.000043063,-0.000015895,-0.000100943,-0.00001637,0.000049613,-0.00001646,0.000031353,-0.000091792,-0.00003371,0.000018822,0.000001105,-0.000122562,0.000004922,-0.000176078,-0.000072115,0.000050144,-0.00007225,-0.000025405,-0.00002947,-0.00009876,-0.000235853,-0.000083405,-0.000054636,-0.000105179,-0.000081946,0.000026982,-0.000063088,-0.00007439,-0.000035732,0.000030887,-0.00008191,0.000058709,0.000097636,0.000033782,-0.000230843,-0.001737891,0.002025206,0.00069492,-0.000453433,0.000038701,0.000167201,0.000001859,-0.00016267,-0.00016365,0.000029669,0.000005773,0.000084534,-0.000044878,-0.000014935,-0.000005443,0.000026267,-0.000034309,-0.000099565,0.000039296,0.000019239,0.000101396,-0.000055361,-0.000051093,-0.000028157,-0.000102389,-0.000062857,-0.000156636,-0.000054492,0.000049297,-0.000038188,0.000077854,0.000062869,0.000017017
522.5792847,-0.000027214,-0.00000993,0.000063242,-0.000071045,-0.000233378,-0.000102175,0.00011463,-0.000002609,0.000059666,-0.000058574,-0.000031895,-0.0001559,0.000013069,-0.000032027,-0.000063161,-0.000033603,0.000042022,0.000039117,-0.000003766,-0.000014229,0.000073917,-0.000072866,0.000049857,0.000123242,-0.000004206,0.00006007,-0.000026627,-0.000119502,-0.00001442,-0.00010378,0.000009284,-0.000027199,-0.00006333,-0.000009237,0.000002361,-0.000045193,0.000029079,0.00000349,0.000012442,0.000085314,-0.000078807,0.000015745,-0.0000658,-0.000097804,-0.000104348,0.000076744,0.00001763,-0.000073395,-0.000014187,-0.000002348,-0.000002746,-0.00008013,-0.000110395,-0.000106443,0.000049246,-0.000022135,-0.000043062,-0.000020121,0.000033153,0.000099252,0.000017928,0.000020102,-0.000048144,-0.000100524,0.000118212,0.000058097,-0.000046783,-0.000201377,-0.001873173,0.002006031,0.000780638,-0.000490484,0.000000189,0.000137665,-0.000010195,-0.0001717,-0.000167963,0.000046054,-0.000038808,0.000115935,0.000033106,0.000082876,0.000091369,-0.000022328,0.000044089,-0.000045944,0.000025729,0.000135363,0.000047991,0.000024462,-0.000040873,-0.000015863,-0.000017408,0.000055084,-0.000042307,-0.000038388,0.000146472,0.000043601,0.000057837,0.000091382,-0.00000494
523.1644287,0.000080592,-0.000107105,0.000011082,-0.00019489,-0.000111471,-0.000079855,-0.000008331,0.0000471,0.000094003,-0.00003683,0.00007188,-0.00001433,0.000022547,-0.000022599,0.000109231,-0.000146646,0.000028985,0.000066126,-0.000019065,0.000079172,0.000070559,0.0000008,0.000005151,0.000110432,0.000051972,0.000022629,-0.000084602,-0.000080122,-0.00007016,-0.000091536,-0.000150988,-0.000102378,0.00001109,0.000180273,-0.00002689,0.000006279,-0.000005496,-0.000021483,0.000025908,0.000035166,-0.000029616,0.000047155,-0.000077074,-0.00014844,-0.000067844,0.000121542,0.000003145,-0.000008811,-0.000114123,-0.00001336,-0.000043187,-0.000096258,-0.000099901,0.000021149,0.000038877,0.000050302,-0.000009069,0.000161764,-0.000024439,-0.000026876,0.000082184,-0.000006656,-0.000013875,-0.000194988,0.000070214,0.000169109,0.000129797,-0.000136245,-0.001732371,0.002020724,0.000877797,-0.000523364,0.00010852,0.00003909,-0.000030148,-0.000260949,-0.000043057,0.000081208,0.000169205,0.000190813,0.000062265,0.000197579,0.000172453,0.000080265,0.000027501,-0.000000217,0.000079445,0.000055574,0.000087676,0.000031631,0.000063368,0.000035755,0.000060719,0.000192395,0.000007167,0.000005851,0.000128955,-0.000001982,-0.000037838,0.000104104,-0.000010508
523.7496338,-0.000007327,-0.000059184,-0.000069729,-0.000127079,-0.000041747,-0.000105053,-0.000087533,0.000004743,-0.000115205,0.000106426,0.000022199,0.000075365,0.000075671,0.000057457,0.000150878,-0.000003674,-0.000041744,0.000083133,-0.000065389,-0.000021744,-0.000012505,0.000079666,0.000170954,0.000073372,0.000069972,-0.000087401,-0.000100511,-0.000029723,0.000173754,0.000120063,-0.00005803,-0.000025459,-0.000048155,0.000148994,0.000015015,0.00003074,0.000027825,0.00007435,0.000035129,0.000095791,-0.000006134,-0.000034515,-0.000010593,-0.000079953,-0.000091898,0.000002812,-0.000116818,-0.000006076,-0.000052239,0.000021258,-0.000036524,-0.00010705,-0.00010801,-0.000073328,-0.000006266,-0.000025034,-0.000012892,0.000057285,-0.00011039,-0.000000158,0.00004511,0.000030052,0.000084204,0.0000145,0.000151498,0.000069584,0.000030227,-0.00003091,-0.001727129,0.002042661,0.000956134,-0.000523315,-0.000094367,-0.000074929,0.000063503,-0.000177973,-0.000144332,0.000154136,0.000009732,0.000192154,-0.000042758,0.000132008,0.000298064,0.000098347,-0.000098888,-0.000124591,-0.000102896,0.000066622,0.000146022,-0.000088399,0.000101009,0.000060542,0.000068379,-0.000012794,-0.000032186,-0.000026423,-0.000040189,-0.000014247,-0.00004026,0.000054206,-0.000070984
524.3348389,0.000028056,-0.000025853,0.000012325,-0.000062277,-0.000037784,-0.000007529,-0.000114778,-0.000007044,-0.000105067,0.000071417,0.000040422,0.000085554,0.000001452,0.000016743,0.000163606,0.000032598,-0.000077974,0.000015698,-0.000046152,0.000039876,0.000087668,-0.000063398,0.000025464,0.000093014,0.00008737,-0.000061611,-0.000087579,-0.000048939,0.000056519,0.000064456,-0.000008996,0.000060174,-0.000073811,0.000062799,-0.000033348,0.00002483,-0.000013376,0.00006315,0.000123311,0.000064073,0.000051492,-0.000006998,0.000065536,-0.000077826,-0.000102134,0.000051342,-0.000075228,-0.000041161,-0.000052151,0.000004597,-0.000108314,0.000084449,-0.000093194,-0.00017339,-0.000159853,0.000030716,0.000012017,0.000020673,-0.000047872,-0.000089291,0.00003313,0.000057927,0.000100916,-0.000124628,0.000057221,0.000131571,0.000000261,-0.000125256,-0.001775877,0.002102525,0.000968719,-0.000650798,-0.000058815,0.000179449,0.000042973,-0.000067403,-0.000093595,0.000148883,0.000010924,0.000030768,0.000039768,0.000086818,0.000162419,0.000033654,0.000013051,-0.000053569,0.000077006,0.000095576,0.000090673,-0.000044569,0.000104051,0.000166531,0.00004732,-0.000145367,-0.000099554,-0.000005604,-0.000130252,-0.000105072,-0.000077442,-0.000015875,-0.000105122
524.920105,-0.000039864,-0.000040618,0.000070127,0.00005318,-0.000207215,0.000048398,-0.000024687,0.000119864,0.000007857,0.000076395,0.000103722,-0.000104636,-0.000047772,-0.000081758,0.000021591,0.000002522,-0.000031648,-0.000049044,-0.000025359,-0.000049959,-0.00001906,-0.000067104,-0.000022662,0.00011688,0.000052995,-0.000008441,-0.000172544,0.000049363,0.000004975,-0.00016247,-0.000030363,0.000114318,-0.000028589,0.00014258,0.000038031,0.000115213,-0.00003279,0.000086476,0.00003361,-0.000005383,0.000087038,-0.000061315,0.000017995,-0.000012986,-0.000130409,0.00004908,-0.000156017,-0.000045319,0.000010465,-0.000000087,-0.000086463,0.000079831,-0.000004591,-0.000158545,0.00000327,-0.000014429,-0.000076742,0.00004574,0.000093461,-0.000048773,0.000104,0.000061381,-0.000036742,-0.000124566,0.000018512,0.000103872,-0.000015367,-0.000087916,-0.001700667,0.002078689,0.001013983,-0.000502994,0.000178877,0.000138598,-0.000034596,-0.000051341,0.000073674,0.000043213,0.000037162,-0.000099916,0.000052925,0.000205491,0.000161658,0.000011985,-0.00003101,0.00001915,0.00005759,-0.000064404,0.000088502,0.000067658,-0.000008305,0.000168119,-0.000020117,-0.000018939,-0.000134804,0.000040557,-0.000042761,-0.000103365,-0.000061402,-0.0000053,-0.000054323
525.5054321,0.000001792,-0.00004126,0.000067549,-0.000040913,-0.000152083,0.000003891,0.000144249,0.000113814,0.000026778,0.000030863,0.000096694,0.000008969,0.000013481,-0.000035813,0.000064866,-0.000095001,0.000020816,0.000000045,-0.00002509,-0.000055426,0.000050468,-0.000034445,0.000027461,0.000129338,0.000113658,0.000030748,-0.000182305,-0.00002124,-0.000081025,-0.000085605,-0.000021341,0.000027099,0.000072002,0.000158654,0.000042922,0.000061976,-0.000083783,0.000048565,0.000060033,0.000028436,-0.000037811,-0.000088846,-0.000131176,-0.000050309,0.000019384,0.00005112,-0.000085013,0.00002176,-0.000099297,-0.00009413,-0.000076644,-0.000000616,-0.00004761,-0.000074424,-0.000077823,-0.000107641,-0.00004639,-0.000042601,0.000083162,-0.000016374,0.000116566,-0.000009606,0.000125322,-0.000039299,0.000034661,0.000055442,-0.000014954,-0.000152763,-0.001631342,0.002010312,0.001204414,-0.000379327,0.000050213,0.000106282,-0.000013585,-0.000068804,0.000056583,0.00004775,0.000043667,0.0001131,0.00005909,0.000175879,0.00014286,0.00007225,-0.00007698,0.0001257,-0.000087949,0.000113063,0.000020367,0.000060498,0.000192661,0.000213563,0.000101425,0.000119277,-0.000018596,0.000148156,0.000023251,0.000119476,-0.000138527,0.000127536,0.000120997
526.0907593,0.000108355,-0.000111168,-0.000075383,-0.000199127,-0.000071137,-0.000026279,-0.000005536,-0.000015584,-0.000030274,0.000003342,0.000015673,0.000101013,0.000031594,-0.000021757,0.000050749,0.00001056,0.000000068,0.000091922,-0.000049339,-0.000119025,-0.000027386,-0.00000676,0.000071773,0.000035544,0.000149739,0.000046033,-0.0000818,-0.00011439,-0.000029867,0.00008032,-0.000212534,-0.000088705,0.000018559,0.000122057,0.000000285,0.000099996,0.000024826,-0.000011226,-0.000039009,-0.000044843,-0.000035412,-0.000022574,-0.000039986,-0.000044531,0.000012686,-0.000038441,-0.000134231,0.0000873,0.000059769,0.000045192,0.000033483,-0.000101183,-0.000093584,-0.000143914,0.000078352,-0.000081773,0.000026437,-0.000052284,-0.000018916,-0.000071061,0.000138688,-0.000080451,-0.000036206,-0.000130046,0.000063675,-0.000049538,0.00002084,-0.000146428,-0.001664353,0.002132765,0.001176035,-0.00033482,0.000074487,0.000202117,-0.000062486,-0.000028466,-0.000050344,-0.000010534,-0.000005272,0.000181711,-0.000009279,0.000241465,0.000177503,-0.000032158,0.000163603,0.000102787,-0.000063687,0.000143006,0.000002808,0.000024002,0.000127894,0.000152362,0.000086922,0.000176831,0.000043428,0.000053744,0.000163869,-0.000002704,0.00003094,0.000103398,0.000059567
526.6762085,0.000006828,-0.000079628,-0.000088773,-0.000121381,-0.000076207,-0.000070228,-0.000116757,-0.00001052,-0.000048671,0.00005489,0.000075435,-0.000009559,0.00000749,-0.000018345,0.000176198,0.000031481,-0.000000552,0.000069503,-0.00010982,-0.000086414,0.000055057,-0.00001914,-0.000028337,0.00008481,-0.000084978,0.000003412,-0.000146985,-0.000065132,0.000029801,0.000045349,-0.000119559,-0.000127909,-0.000066984,0.000160088,-0.000068687,0.000063331,0.000045367,-0.000007996,-0.000005446,0.000031349,0.000039151,0.000206376,0.000068263,-0.000052241,-0.000001071,0.000000712,-0.000073708,0.000142146,0.000014973,0.00003332,0.000039198,-0.000040357,0.000008806,-0.000114626,0.000140433,-0.000157375,0.000009874,-0.000079826,0.000022744,0.000061699,0.000086767,-0.000050858,0.000020432,-0.000051181,0.000171233,-0.000023144,-0.000027496,-0.000158254,-0.001523574,0.002286723,0.001262694,-0.000285556,0.000156904,0.000126399,-0.000070262,0.000096526,-0.000046719,0.00008314,0.000019395,0.000098173,0.000022166,0.000132711,0.000191218,0.000057315,-0.000065144,-0.000008893,0.000061673,0.000073469,0.000074686,0.000004767,0.000070541,0.000069579,0.000150062,0.000163637,-0.000012421,0.000027876,0.000175989,-0.000262504,0.000061591,-0.000074603,0.000043365
527.2616577,-0.000053304,-0.000055071,0.000084856,-0.000024577,-0.00004107,0.000078819,0.000072743,0.00012883,0.000073486,0.000039619,0.000150497,0.000033479,0.000017106,-0.000015511,0.000135098,0.000055034,0.000057774,-0.000017135,-0.000035652,-0.000052567,0.000131818,-0.000004707,-0.00001469,0.00009787,-0.000070116,0.000054878,-0.000159994,-0.000127468,0.000124593,0.000116098,0.000010337,-0.000059239,-0.000127843,0.000084862,-0.000020975,-0.000008512,-0.000033271,0.000052418,0.000042797,0.000150834,-0.000028884,0.000106261,-0.000003754,-0.000020224,0.000066776,-0.000069644,-0.000089856,-0.000014175,-0.000003564,-0.00002374,-0.000015168,0.000029837,-0.000001319,-0.000119159,0.00006083,-0.000157741,0.000053486,0.000022715,-0.000044523,0.000000877,0.000109166,0.000059552,0.000015123,-0.000115843,0.000063024,-0.00002728,-0.000003072,-0.000207401,-0.001510136,0.002107511,0.001178316,-0.000327263,0.000078351,0.000032388,-0.000067243,0.000017357,0.000015158,0.000094162,-0.000074656,0.000010164,0.000068409,0.000171862,0.000199113,0.000090716,-0.000065813,-0.000102658,0.000063109,0.000061063,0.000007223,0.000036565,0.000071547,0.000212906,0.00010139,-0.000006131,0.000007921,-0.000024367,0.000074617,-0.000142925,-0.000012888,0.000002587,0.000083997
527.8471069,-0.000013089,-0.000061637,0.000057828,-0.000028156,-0.000145277,0.000019373,0.000139881,0.000098752,0.000087832,0.000105973,0.000052796,-0.000074623,-0.000037336,-0.000065477,-0.000115664,0.00008112,-0.000120405,-0.00004828,0.000050943,0.000052321,0.000051511,-0.000112066,-0.000082424,0.000070948,-0.000068924,-0.000030065,-0.000248748,0.000075467,0.000128069,0.000024501,0.000109941,-0.000026235,-0.000072649,0.000058321,0.000099584,-0.000046445,-0.000178092,0.000033868,-0.000065271,0.000057683,-0.000111774,-0.00009109,-0.000029761,0.000095989,-0.00006109,0.000085364,-0.000080992,-0.000083746,0.000064352,-0.000035781,-0.000093338,0.000054757,0.000055558,-0.000078378,-0.000005647,-0.000046635,0.000073335,-0.000011558,0.000053091,-0.000005182,0.000219801,0.000042845,0.000035378,-0.000214803,0.000029043,-0.000086556,0.000065974,0.000034092,-0.001463542,0.001971925,0.001192653,-0.000256228,0.00010513,0.000201684,-0.000048368,0.00006372,-0.00008257,0.000087417,-0.000023177,-0.000041163,0.000072485,0.000087199,0.000187894,0.000075892,0.00014013,-0.000030172,0.000111358,0.000016565,-0.000010365,0.000026469,-0.00001696,0.000172178,0.000068325,-0.00005006,0.000181283,-0.000067263,-0.000027253,-0.000157,-0.000030111,0.000088582,0.000038167
528.4326172,-0.00006388,-0.000077574,0.000016663,-0.000056707,-0.000012628,0.000067884,0.000035044,0.000092852,0.000071879,0.000096912,-0.000075723,0.000008081,0.000016994,-0.000067251,-0.000135906,-0.000083258,-0.000051299,0.000011238,-0.000117313,-0.000022231,0.000028509,0.000040795,0.000059885,0.000017947,0.00001965,0.000022539,-0.000068874,0.000089966,-0.000062495,0.000003883,-0.00002885,-0.000157424,-0.000009183,0.000070901,0.00001775,0.000081275,0.000023293,-0.000057148,-0.000062205,-0.000085604,0.000045851,-0.000057021,-0.000006118,-0.000056862,-0.00001715,-0.000030392,0.000006523,-0.000097555,-0.000046678,0.000064952,-0.000104214,-0.000052271,-0.000078565,-0.000089888,0.000053404,-0.000066939,-0.00006625,0.000061109,0.000012882,-0.000024016,0.000121069,0.000028506,-0.000039045,-0.000121659,0.000055607,0.000031549,-0.000014918,-0.000012761,-0.001318621,0.001746143,0.00104287,-0.000282623,0.000112219,0.000239864,-0.00012029,-0.000021886,-0.0000783,0.000017281,-0.000064394,0.000038025,0.000000182,0.000101803,0.000150604,0.000092859,0.000049964,0.000116448,0.000037343,-0.000091365,-0.000028258,-0.000088307,0.000051708,0.00024441,0.000071546,0.000174343,0.000087704,-0.000048265,0.000062588,0.000007731,-0.000091499,0.000027895,0.000084386
529.0181885,0.000057144,-0.000058173,-0.00012176,0.000003515,-0.00011591,0.000053602,-0.000020823,-0.000009742,-0.000037017,0.000106768,-0.000119863,-0.000009348,-0.000040392,0.000037719,0.000104768,-0.000034174,-0.000057063,0.000002733,-0.000097806,-0.000026122,0.000062241,0.000006604,0.000070196,-0.000085312,0.00008855,-0.000052171,-0.00003253,-0.000032657,-0.000054567,0.000140144,-0.000120997,-0.00017489,0.000176358,0.000020375,0.000091906,0.000073386,0.000027801,-0.000090461,0.000030714,-0.000015927,-0.000010273,-0.000037532,-0.000089952,-0.00003008,0.000022941,-0.000072286,-0.000042726,0.000022846,-0.000051698,0.000052216,-0.000070771,-0.000014365,-0.00019599,-0.000065814,0.000065683,0.000033412,0.00005082,-0.000006554,-0.000048957,0.000090652,0.000164447,-0.000087275,0.00000901,-0.000029275,0.000083369,-0.000058695,0.000009082,-0.000094709,-0.001165793,0.001685282,0.00112495,-0.000257514,0.000083066,0.000090611,-0.000025975,-0.000102335,-0.000060055,0.000065321,-0.000065843,0.000124632,0.000012572,0.000184413,0.000124576,0.000054267,0.000031863,0.000089731,-0.000081543,-0.000062171,-0.000164521,-0.000001135,0.000185382,0.000141453,-0.000049478,0.00019606,0.000064985,-0.000054737,0.000093443,-0.000017728,-0.000082845,0.000006284,0.000112382
529.6038208,0.000020124,-0.000120877,-0.000127986,-0.000014674,-0.000039079,-0.000028143,0.000009697,-0.000015781,-0.000145566,0.000082689,-0.00005403,-0.000007392,-0.000031602,0.000106767,0.000183447,-0.000057661,-0.000046559,0.000062733,-0.000063194,-0.000021222,0.000152391,-0.000048683,0.000022295,-0.000058247,-0.000019559,-0.000049508,-0.000118479,-0.000094631,-0.000018974,0.00018561,-0.000073333,-0.000171084,-0.000048301,0.000057784,0.000038504,-0.000042835,-0.000086062,-0.000034615,-0.000020136,0.000004262,-0.000041905,-0.000096976,-0.000095897,-0.000070563,-0.000035606,0.000075837,0.000001028,0.000109281,-0.000038554,0.000071893,-0.000065136,-0.000041349,0.000084962,-0.000126597,0.000046001,-0.000084572,0.00002314,0.000081807,0.000034229,-0.000022916,0.000064989,-0.000044383,0.000110052,-0.000106186,0.000106727,-0.000006379,0.000002541,0.000003381,-0.00109958,0.0017669,0.001137589,-0.000171659,0.000111512,0.000172462,0.000161049,0.000006439,0.000025252,0.000039977,-0.000173706,-0.000025521,-0.000094401,0.000132254,0.000200569,0.000072913,0.000026784,0.000168704,0.000017492,0.000055846,-0.000068863,-0.000086679,0.000102306,0.000020258,0.000000837,0.000191996,0.00002858,0.000012548,0.000051487,-0.000101408,0.000091875,-0.00003479,-0.000035216
530.1894531,-0.000100077,-0.000065271,-0.000086937,-0.000048362,-0.000046684,0.000055988,0.000067928,0.000055004,-0.00010269,0.000058175,0.000124198,-0.000064949,0.000004823,0.000089588,0.000180629,0.000130229,-0.000021323,0.00001628,-0.000108203,-0.000006425,0.000173719,0.000012953,0.000010498,0.000025651,0.00006983,-0.000030206,-0.000195632,-0.000060565,0.000193916,0.000144563,-0.000018647,0.00006844,-0.000038078,-0.00002177,-0.000114727,0.000052372,-0.00006957,0.000129529,0.000093237,-0.000089544,-0.000122874,-0.000057992,0.00014099,-0.000136825,0.000092773,0.000164675,-0.00004576,-0.00001234,-0.000054754,0.000017176,-0.000031035,0.000023626,0.000146921,-0.000107856,0.000100095,0.00010865,0.000080194,0.000030862,-0.000014118,-0.000016638,0.000076195,0.00003485,0.000115149,-0.000069886,0.000102287,0.000100321,0.000114482,-0.000134677,-0.001031718,0.001632386,0.001101886,-0.000100009,0.000195447,0.000222026,0.000012742,0.000188242,0.000008343,-0.000005758,-0.000080791,-0.000057287,-0.000015139,0.000076173,0.000091599,0.000008142,0.000086541,0.000117133,0.000116166,-0.000019425,-0.000111626,0.000000787,0.000092912,0.000099516,-0.000025919,0.000055867,0.00008674,0.000085376,0.000115544,-0.000106532,0.000114658,-0.00003129,0.000036411
530.7751465,0.00014805,0.000001333,0.000032949,-0.000046358,-0.000055921,0.0000272,0.000194186,0.000183141,0.000155664,0.000147392,0.000134686,-0.000003186,-0.000093851,0.000063516,-0.000007214,0.000084972,0.000056902,0.000174829,-0.000036997,0.000087,0.0000891,-0.00003214,-0.000050859,0.000183918,-0.000065455,0.000112801,-0.000138116,0.000013867,0.00009367,0.000090753,0.000057154,0.000087653,-0.000015724,0.000063505,0.00010341,-0.000041569,0.000014,0.000004373,0.000102741,0.000040584,-0.000001853,0.000041017,0.000045264,-0.000048146,0.000149512,0.000034383,-0.000030663,-0.000064061,-0.000005139,-0.000102543,-0.000097944,0.000061585,-0.000039931,-0.000110599,0.00004587,0.000014754,-0.00003809,0.000016196,0.00007994,0.000029648,0.000057582,-0.000096175,-0.000026638,-0.000091993,0.000086727,0.000079315,0.00006919,-0.000048978,-0.000972881,0.001390557,0.001108893,0.000009058,0.000148186,0.000132114,-0.00002864,0.000218677,0.000073076,0.000151277,-0.000137614,-0.00002758,0.000024159,0.000185962,0.000109604,0.000113744,0.000124311,0.000043461,-0.00000012,0.000019796,-0.000145797,0.000041646,0.000163423,0.000215229,-0.000102013,0.000105113,0.000036103,0.000068921,0.00022765,-0.000114685,-0.00011699,0.000076074,-0.000010918
531.3609009,0.000075798,-0.000115543,-0.000065446,0.000025788,-0.000208641,-0.000049231,0.00008005,0.000065109,0.000134584,0.000035881,0.000055778,-0.000076016,0.000032545,-0.000067992,0.000042157,0.000008745,0.000107723,0.000009575,-0.000012092,0.000006585,0.000015446,0.000028949,0.000056272,-0.000036543,-0.000164133,0.000081884,-0.000083343,-0.000187905,-0.000119127,0.000033761,0.000039518,-0.000012747,-0.000044361,0.000154875,0.00015789,0.000087375,0.000044254,-0.00005534,-0.000056215,0.000088066,0.000031387,0.000042735,-0.000136425,0.000039243,0.000046997,0.000072471,-0.000029203,0.000086356,-0.000016794,-0.000152325,-0.00005939,0.000016037,-0.000041128,-0.000120748,-0.000087993,0.000106669,0.000035841,0.000003133,0.000050468,-0.000033527,-0.000076712,-0.00002189,0.000006924,-0.000113246,-0.000041169,-0.000032801,0.000077008,0.000055228,-0.001007121,0.001175616,0.001241259,-0.000063306,0.000120323,-0.000016106,-0.00012207,0.000106952,-0.000013605,0.000003371,-0.000190083,-0.000000824,0.000037661,0.000176053,0.000006056,0.000195726,0.000214964,0.000125947,0.000135369,0.000099307,-0.000107853,-0.000165402,0.00007844,0.000223242,0.000024407,0.000137489,0.000068681,0.000058499,0.000182501,-0.000034566,-0.000147595,0.000014821,0.000077847
531.9466553,0.000097296,-0.000016654,-0.000073997,0.000106676,-0.000129681,-0.000033391,-0.000012459,-0.00006795,0.000037997,0.000059827,-0.000038148,-0.000050858,-0.0000104,-0.000049242,0.000094134,-0.000023292,0.00001231,0.00005965,0.000050431,-0.000024861,-0.000067169,-0.000056924,0.000070862,0.000007868,-0.000007314,0.000056967,-0.000058792,-0.000072286,-0.000110314,0.000026971,-0.000050128,0.000096392,-0.000053314,0.000160785,0.000197782,0.000002216,-0.00002921,-0.000068131,-0.000017496,0.000043223,-0.00003321,-0.000026702,-0.000030728,0.000021844,-0.000095692,0.000189212,0.00001506,0.000047344,0.000117145,-0.000145131,-0.000032829,0.000074206,-0.000087228,0.000028307,-0.000079561,0.000174882,0.000028368,-0.000028966,-0.000074302,0.00017095,-0.000057629,-0.000021322,0.000027631,-0.000001874,0.00006179,-0.000124564,0.000101722,-0.000065895,-0.001012609,0.001055388,0.001189139,0.000064674,0.000078132,0.000018141,-0.000085095,0.000140304,0.000087406,-0.000034957,-0.000110658,-0.000014514,0.000000037,0.000185995,0.000034589,0.000034751,0.000150381,0.000137953,0.00019413,0.00006363,-0.00000093,-0.000112815,0.000107059,0.00008851,-0.000053237,0.000160619,0.000003022,0.000053325,0.000029176,-0.000083942,-0.000085811,-0.000016346,-0.000019748
532.5324707,0.00010696,-0.000017035,0.000181656,-0.000126649,-0.000109372,0.000079013,0.000085652,-0.000056519,0.000082517,0.000110575,-0.000000691,-0.000052068,-0.000062405,-0.000015897,0.000157834,0.000031035,0.000090068,0.000215372,-0.000069117,-0.000088747,-0.000035347,0.000066979,0.000096135,0.000113377,-0.000005661,-0.000001505,0.000038416,-0.000092112,0.000041313,0.000064877,-0.000134285,0.00001649,-0.000074639,0.000035983,0.000097504,0.000009697,0.000059001,0.000008279,-0.000060692,0.000077838,-0.000054451,-0.000010422,0.000044608,-0.000044439,-0.000015324,0.000037649,0.000010645,0.000070457,0.000031627,0.000032082,-0.000070926,0.000138071,-0.000105666,-0.000060928,0.000011707,0.00008046,0.000038654,0.000027037,-0.000105446,0.000110392,0.000222642,-0.000075704,0.000138353,-0.000152799,0.000063042,-0.000058718,0.000144293,-0.00025159,-0.000849336,0.000973482,0.001172178,0.000000325,0.000006054,0.000082129,0.000054147,0.000223636,0.000061269,0.000025997,-0.000150066,-0.000133,-0.000075229,0.000207989,0.00005648,-0.000081814,0.000227124,0.00016123,0.000102504,-0.00006306,-0.000026218,0.000024843,-0.000007237,0.000139887,-0.000129505,0.000099722,0.000105834,0.000054281,0.000081468,-0.000168066,-0.00008585,-0.000087116,-0.000013697
533.1183472,-0.000050545,-0.000002413,-0.000097329,-0.000040534,-0.000082018,-0.000068248,0.000042533,0.000138995,0.000005357,0.000072668,0.000090496,0.000055688,0.000086218,-0.000012562,0.000002872,0.000018646,0.000005521,0.000095821,0.000004163,-0.00006775,0.000044346,0.000025353,0.000033479,0.00009805,-0.000045061,-0.000032924,-0.000096555,-0.00010975,0.000148631,0.00014499,-0.000002108,-0.000036102,0.000075172,-0.000005484,-0.000063071,-0.00002334,0.000021501,-0.000045598,-0.000058509,0.00003836,0.00000112,-0.000035319,0.000057174,0.000008725,0.000114591,0.000087363,-0.000059091,-0.000047809,0.000007293,-0.000032947,-0.000078859,0.000065351,0.000018217,-0.000021289,-0.000134245,-0.000009782,0.000016238,0.00009483,-0.000013572,0.000022221,0.000093132,-0.000030092,0.000106582,-0.000094829,0.000026221,0.000064248,-0.00000103,-0.000106436,-0.000814748,0.000809862,0.001063466,0.000125139,0.000006226,0.000059164,0.000181246,0.000123496,-0.000005751,0.000080947,-0.000050368,-0.000017607,-0.000048347,0.00007271,0.000077833,0.00000064,0.000096166,0.000175454,-0.000021723,0.000138311,-0.000061009,-0.000076622,-0.000030639,0.00019754,-0.000058918,0.000019549,0.000157116,0.000092731,-0.000024777,-0.000162762,-0.000031294,-0.000029213,-0.000076864
533.7042236,-0.000035079,0.000029352,-0.000073349,0.00008587,-0.000017229,0.000041322,-0.000007111,0.000210283,0.000024443,0.000004378,0.000065864,-0.000016434,0.00000009,0.000033487,-0.00004073,-0.000038828,-0.000041199,0.00005072,0.000089521,-0.000005462,0.000097203,-0.000093022,-0.000034216,0.00013985,-0.000094927,-0.000091878,-0.000154525,-0.000028949,0.000060232,0.000120085,-0.000010383,-0.000005245,-0.00009877,0.000085526,0.000094368,0.000036465,-0.000101782,-0.000002034,-0.000051381,0.00005531,-0.000044035,-0.000046631,0.000078887,0.000004681,0.000110176,0.000025615,-0.000033958,0.000031322,-0.000030363,0.000003122,0.000002322,0.000028225,0.000003279,-0.000005038,-0.000141595,-0.000033728,-0.000052592,0.000085127,-0.000012945,0.000002372,0.000066735,-0.000174758,0.000041532,-0.000144508,-0.000065603,0.000076707,0.000150788,-0.000124085,-0.000863324,0.000540635,0.00091426,0.000162804,-0.000055034,0.000161809,0.000143838,0.000153127,0.000025995,0.000029531,-0.000127523,-0.000025237,-0.000025837,0.000077625,0.000077124,0.00007226,0.000134198,0.000112346,0.000059043,0.000093271,-0.000037811,-0.000014385,0.000000637,0.000079196,-0.000021269,0.000038132,0.000273967,0.000006339,0.000048106,-0.000035232,-0.000135673,0.000005215,-0.000025073
534.2901611,-0.000021224,0.000059806,-0.000000141,0.000022424,-0.000067053,-0.000022761,0.000099677,0.000091013,0.000142165,-0.000076806,0.000090409,-0.000023752,-0.000039571,-0.000098496,-0.000027087,0.000070424,-0.000058731,0.000047482,-0.000063571,-0.000056695,-0.000006073,0.000017775,-0.000026906,0.000064094,-0.000020917,0.000045076,-0.000001485,-0.000020871,-0.00006599,-0.000091074,-0.000146419,-0.000096448,-0.000109158,0.000174766,0.000142564,0.000186175,0.000013019,0.00006039,-0.000025173,0.000063932,-0.000123639,-0.000117893,0.000042153,-0.00000421,0.000124588,-0.000015523,0.000041,0.000087471,-0.000063308,-0.000057812,-0.000046665,0.000077054,-0.000004685,-0.000150305,0.000098978,-0.000019447,-0.000031035,0.000059411,0.000000845,0.000059873,-0.00001363,-0.000037737,0.000061888,0.000065434,-0.000032936,-0.00004373,0.00017702,0.00001752,-0.000919094,0.00033662,0.000871066,0.00012924,-0.000086819,0.00006655,0.00007675,0.000156309,0.000001212,0.000075853,-0.000198547,-0.000048149,-0.000012781,0.000005009,-0.000054196,0.000109394,0.000210049,0.000113884,0.000188697,0.000044798,-0.000042307,0.000021815,0.000096881,0.000080633,-0.000106327,0.000169733,0.000130525,-0.000032298,-0.000020995,-0.000003539,-0.000141313,-0.000002709,0.000119018
534.8761597,0.00007117,0.00004267,-0.00000489,-0.000131018,0.000040341,-0.000094928,-0.000031156,-0.00010565,0.000062356,-0.000045405,-0.000022472,0.000007949,-0.000000609,0.000078612,0.000114518,0.000036005,0.000121045,0.000176794,0.000064565,-0.000013548,0.000049046,-0.000109813,0.000029261,0.000114573,-0.000046887,0.000011397,0.000056935,-0.000233185,-0.000000759,-0.000065993,-0.000010536,-0.00009573,0.000040067,0.000056141,0.000065579,0.00003835,0.000106372,-0.000100798,-0.000102177,0.000040433,0.000046496,-0.000023275,0.000032493,-0.000019034,0.000071557,0.000044672,0.000031655,0.000091856,0.000038624,0.000023855,-0.000066549,-0.000053412,-0.000113807,-0.000005169,0.000052897,0.000101914,0.000028015,0.000045802,0.000037629,-0.000038513,-0.000059952,0.000006115,0.000039135,-0.000052355,0.000089975,0.000003902,0.000083044,-0.000015956,-0.000784247,0.000316579,0.001009578,0.000023938,-0.000115874,0.000002717,0.000057617,0.000084989,0.000100666,0.000032714,-0.000095401,-0.000038364,0.000018001,-0.000111407,-0.000013768,-0.000071782,0.000215867,0.00027486,0.000177119,-0.000004326,-0.000143478,0.000061996,-0.000030505,0.000040539,-0.000109474,0.000158225,0.000000403,0.000060001,0.000164256,-0.00008826,0.000023214,-0.000018279,0.000014692
535.4621582,0.000058442,-0.000083657,0.000025801,0.000049405,0.000028255,0.000060154,-0.000009957,0.000023493,0.000013255,0.000018574,-0.000052676,0.000098223,-0.000047159,0.000147277,-0.000078736,-0.000041648,0.000056566,0.000094931,0.000028458,-0.000159127,0.000091211,-0.000103182,0.000132489,0.000076588,-0.000087157,-0.00002437,0.000045191,-0.000219293,0.000084859,0.000069167,0.000120223,-0.000033264,0.000029872,0.000011907,0.000052438,-0.000063098,0.000137147,0.00002445,-0.000167197,0.000084212,-0.000054077,-0.000009869,0.000053496,0.000122235,0.000037195,0.000060866,-0.000032566,0.000102165,0.000012356,0.000035259,-0.000002816,-0.000004409,-0.000078363,-0.00004872,-0.000002984,0.000110004,-0.000019616,-0.000023648,-0.000004881,-0.000177736,0.000003415,-0.000048752,0.000110857,-0.000167924,0.00006581,-0.00004993,0.000057127,-0.000056078,-0.000733158,0.000042205,0.001050165,0.000136924,-0.00025462,0.000022002,0.000093246,0.000191363,0.000154591,0.000147732,0.000001571,0.000029689,-0.000015563,0.00000838,-0.000162704,-0.00003653,0.000042475,0.000082595,0.000057584,-0.00003165,-0.000118376,0.000096825,0.000071766,0.000058331,-0.000023341,0.000036464,0.000076369,-0.000071736,0.00006047,-0.000166994,0.000089232,-0.000133067,0.000034281
536.0482178,0.000027026,0.000021445,-0.000071244,0.000046215,0.000052651,0.000083403,0.00007208,0.000065538,0.000034863,0.000054367,0.000001926,0.000073146,-0.000036335,0.000141141,-0.000005109,0.000039934,0.000024805,0.000041164,-0.000126479,-0.000075535,0.000039936,-0.000010551,0.00007192,0.000013815,-0.000057024,-0.000169775,-0.000001072,-0.00013286,0.000028113,0.000073368,0.000116928,-0.000022829,-0.000108065,-0.000053329,-0.000052497,-0.00007316,-0.000014509,0.000141474,0.000005305,0.000046887,-0.00007761,-0.000038714,0.000011507,0.000145046,0.000231641,0.000108448,0.000001509,0.000152027,-0.000059486,0.000063772,-0.000083899,-0.000006949,-0.000018166,0.000055315,-0.00011207,-0.000056738,-0.000135156,-0.000068166,0.000024232,-0.000118222,0.000049683,-0.00011351,0.000037614,-0.000154795,0.00004397,0.000035542,0.000066584,0.000015868,-0.000684251,-0.000169348,0.001055858,0.000433217,-0.000245842,-0.000024145,0.000149836,0.000155183,0.00013284,0.000196706,-0.000017971,-0.000059776,-0.000015784,0.000007203,-0.000020335,-0.000036391,0.000120654,0.000035387,0.000035027,0.000127534,0.000040579,-0.000030457,0.000157349,0.000023327,-0.000035157,0.000013307,0.000205421,0.000028272,0.000069122,-0.000242665,0.000035437,-0.000071934,0.000035998
536.6343384,0.000029699,-0.000040306,0.000005525,0.000138034,-0.000082281,0.000132417,0.000169012,-0.000027543,0.000006387,0.000053916,0.000035424,-0.000059615,0.000005709,0.000090432,0.000025542,-0.000022606,0.000035278,0.00008518,-0.000019157,-0.000023611,0.000049588,0.000072487,-0.000002046,0.00004791,0.000041044,-0.000145487,-0.000032418,0.000023038,-0.000071835,0.000090113,0.000025733,0.000079525,-0.000032336,0.000069413,-0.000059621,-0.000046377,0.00003765,-0.000020727,-0.000026156,-0.000000273,0.000022628,-0.000049301,0.000108822,0.000056973,0.000155697,0.000065222,-0.000025279,-0.000074784,0.000084767,-0.000022084,-0.000062641,0.000033939,-0.000077057,0.000001546,0.000081471,-0.000074329,-0.000136574,0.000111823,0.000119838,0.000074246,0.000183587,-0.000141584,-0.000001448,-0.000066911,-0.000054887,0.000002109,0.000009933,0.000051272,-0.000613719,-0.000191462,0.000948192,0.000405273,-0.000197381,0.000101799,0.000080845,0.000212732,0.000046654,0.000099318,-0.000036087,-0.000033606,0.000198,0.000069325,0.000022175,0.000049068,0.000212328,0.000096971,0.000084319,-0.000029195,0.000068095,0.000050022,0.000078605,0.000016952,-0.000078501,0.000128419,0.000050175,-0.000013262,0.000150813,-0.000077394,-0.000061966,0.000071095,0.000016315
537.22052,-0.000007011,-0.000046343,0.000037525,0.00011916,-0.000033644,-0.000005828,0.00005258,-0.000060652,0.000113663,0.000025252,-0.000127548,0.000039871,0.000074929,-0.00000123,-0.000068498,0.000057342,0.000033053,0.000128623,0.000079526,-0.000106858,-0.00011757,0.000049844,0.000046208,0.000094704,0.000074841,0.000129131,-0.000031221,-0.000030835,-0.000076387,0.000022687,-0.00012016,0.000057915,0.000106107,0.000067845,-0.000017147,-0.000072756,-0.000033094,-0.000001674,-0.000037367,0.000080266,-0.000088249,-0.000006088,-0.000032196,-0.00007977,-0.00001201,-0.000005825,0.000047671,-0.000013522,0.00001832,-0.000100051,-0.000045186,0.000008664,-0.000144798,-0.000057353,-0.000008916,0.000000487,-0.000088109,0.000041214,0.000069761,0.000021731,0.00011225,0.000055997,-0.000010556,-0.000093976,0.000068964,0.000039633,0.000020953,0.000016633,-0.000659871,-0.000524632,0.000969075,0.000371321,-0.000244452,0.00007029,-0.000033595,0.000136938,-0.000057689,0.000087329,0.000036558,0.000013994,-0.000003084,0.000097628,0.000072451,-0.000032265,0.000145454,0.000117935,0.000179501,0.000117416,0.000019996,0.000032263,-0.000061231,0.000043421,-0.0001191,0.000032013,0.00011036,-0.000019624,0.000177444,0.000027715,-0.000048772,0.000091542,0.000002929
537.8067017,0.000172485,-0.000006682,-0.00006042,0.000057128,-0.000014808,0.000077637,-0.000045546,-0.000052619,0.000005375,0.000011488,0.000053181,-0.000008671,0.000026188,0.000043592,0.000156804,0.000006792,0.000207099,0.000120346,-0.00005397,-0.000007556,-0.000027477,0.000041592,0.000212941,-0.000042754,-0.000084493,0.00011708,0.000073684,-0.000139428,-0.00006283,0.000104804,-0.000121984,0.000080198,0.000058253,0.000167039,0.000117622,0.000005079,0.00007533,0.000155369,-0.000124691,0.000060351,-0.000046063,-0.000033941,-0.000159703,-0.000031029,-0.000047548,0.000095494,0.000058058,-0.000023368,-0.000062569,-0.000047393,-0.000026,0.000093223,-0.000046838,-0.000066439,-0.000093519,0.000051716,-0.000019286,-0.000052715,0.000007735,0.000054335,0.00009983,-0.000014412,-0.00000354,-0.000055577,0.000132499,0.000067722,-0.000044811,-0.000129412,-0.000602621,-0.000571247,0.00092184,0.000329818,-0.000328754,0.000017898,0.000053104,0.000111032,0.000096823,0.000044873,0.000034345,0.000069811,0.000009815,-0.000032655,-0.000088689,0.000046964,0.000184696,0.000146121,0.000086896,0.000043124,0.000015731,-0.00001011,0.000085921,-0.000043681,-0.000075469,0.000030838,0.000011605,0.00014948,0.000253317,-0.000014052,0.000039756,0.000195963,0.000099783
538.3929443,0.000132761,0.000015873,-0.000036022,0.000067512,0.000155269,0.000024268,0.000012302,0.000000935,0.000004635,0.000133164,0.000027139,0.000017819,-0.00002816,0.000090902,0.000180444,-0.000016174,0.000103624,0.000012566,0.000019311,-0.000018289,0.000094032,-0.000071104,0.000061716,0.00003954,-0.000153272,-0.000068999,0.000021845,0.000012009,0.00009535,0.000228753,-0.000071138,0.000006382,0.000041712,0.000141503,0.000054398,0.00004529,0.000236482,0.000166945,-0.000055538,0.000043304,0.000025361,0.000099566,-0.000040961,0.000053323,0.000042303,0.000166288,-0.000009612,-0.000071021,0.000044694,0.000087814,-0.00004998,-0.000023436,-0.00003619,-0.000065046,0.000106364,0.000008155,0.00010731,0.000017289,-0.000040272,-0.000026829,0.000051956,-0.000037884,0.000145504,-0.000135006,0.000198513,0.000059525,-0.00005921,0.000121266,-0.000572404,-0.000522707,0.00100449,0.000522207,-0.000306763,-0.000225037,0.000178365,0.000134088,0.000089311,0.000152111,0.00006037,0.000096931,0.000099641,-0.000042379,-0.000157593,-0.000006498,0.000185712,0.000095312,-0.000012006,0.000112834,0.000124753,0.000126278,0.000036469,-0.000132215,-0.00005091,0.000079746,0.00013263,0.000232601,0.000123937,0.000089969,0.000089204,-0.000073322,0.000088302
538.979187,-0.000052306,0.000006805,0.000070855,-0.000051459,0.000004705,0.000008398,0.000058732,0.000104452,0.000004644,0.000064707,-0.000006135,0.000111227,-0.000049371,0.000103484,0.000084714,0.000012891,-0.000003377,0.00009088,0.000055435,0.000002939,0.000046901,0.00001671,0.000190473,0.000015306,-0.000129038,0.000003141,-0.000080412,0.000008441,0.000071525,0.000007174,-0.000019395,0.000023971,-0.000043695,0.00001173,-0.000106185,0.000041433,0.000122841,0.000068106,0.000078441,0.0000588,0.000000609,-0.000100754,0.000012636,0.000090026,0.000151541,0.000048393,0.000035407,-0.000029594,0.00000964,0.000003484,-0.000067429,0.000042662,0.00002811,-0.000093973,-0.000039899,0.000000662,0.000017117,-0.000140407,0.000032131,-0.000101145,0.000054465,-0.000041937,0.000005,-0.000164025,0.00007223,0.000011079,0.000077542,0.000181243,-0.000563396,-0.000701276,0.001144384,0.000488257,-0.00031249,-0.00014675,0.000062889,0.000212994,0.00008133,0.000118128,0.000084611,0.000080516,0.000079321,-0.000053205,-0.000070445,-0.000067523,0.000190461,0.000057826,0.000040703,0.000024997,0.000094368,0.000156591,-0.000014227,-0.000120899,-0.000036681,0.000032989,0.000166719,0.000047218,0.000124798,-0.000022805,0.000013933,-0.000017936,-0.000029442
539.5654907,0.000137718,0.000047496,0.000014226,-0.000003076,-0.000020825,0.000004819,0.000079543,0.000046069,0.000096733,-0.000040156,-0.000038997,0.000019687,-0.000098329,-0.000051898,0.000073966,0.000147508,0.000032583,-0.000042085,0.000017495,-0.00009875,-0.000006265,0.00002916,0.000085643,0.000060426,0.00005828,0.000034287,0.000019044,0.00004748,-0.000043143,0.000068784,0.000002085,0.000080086,-0.000030336,0.000080617,0.000039325,-0.000018284,0.000011717,-0.00007461,-0.000100682,0.000049743,0.000013273,-0.000072691,0.000025385,0.000060644,0.000110516,0.000072704,0.000077785,0.000004021,0.000000056,-0.000120244,-0.000135515,0.000164998,0.000054939,-0.000135206,-0.000020028,0.000075046,-0.00012127,-0.000131229,0.00006527,0.000103392,0.000079345,-0.000012666,-0.000115335,-0.000132113,0.000013917,0.000171683,0.00003247,0.000132378,-0.000621712,-0.000847459,0.00107683,0.000563336,-0.000380774,-0.000061852,0.000015796,0.00003549,0.000208689,0.00007531,0.00018335,0.000040589,0.000070926,-0.000135974,-0.000119566,0.000019496,0.000188037,0.000070175,0.000057065,-0.000031256,0.000131218,0.000023436,0.000011544,-0.000043649,-0.000001042,0.000134489,0.00002716,0.000060939,0.000108229,0.000009204,0.000009571,0.000088476,0.000144119
540.1518555,0.000154223,-0.00006548,-0.000078692,0.000087704,-0.000134751,0.000108496,0.000130016,0.000052335,0.00012962,0.000029563,0.000023107,0.000094557,0.000002887,-0.000033637,0.000036288,0.000114978,0.000106836,0.000075254,0.000093157,-0.000097118,-0.00000617,-0.000014758,0.000058831,0.000027365,-0.000035252,0.000060991,0.000176495,-0.000015623,-0.000104062,0.000071462,0.000021007,0.000054966,0.000158898,0.000026688,-0.000017983,0.00001673,0.000107528,0.000010529,-0.000050769,0.000064574,-0.000058923,0.000053773,-0.000018013,-0.000056591,0.000035465,0.000043306,0.000035384,-0.000024691,0.000093778,-0.000116218,0.000035127,0.000128825,0.000071443,-0.00006091,-0.000045274,0.000098262,-0.00000371,-0.000152471,0.000183237,0.000014192,0.000045923,0.000019662,0.000065002,-0.000113505,0.000053723,0.000083923,0.000006876,0.000111983,-0.000447269,-0.000855893,0.001069921,0.000449388,-0.000372902,-0.000030533,0.000108249,0.000074103,0.000181921,0.000141665,0.000122001,0.000217494,0.000220664,0.000137819,-0.000014059,-0.000050927,0.000106977,0.000040425,0.000210957,0.000137841,0.000155492,0.000028493,0.000016616,-0.000059304,-0.000059855,0.000135506,-0.000034616,0.000059402,0.000299635,0.000091634,0.000010254,0.000091309,0.000099171
540.7382813,0.00014905,-0.00009026,-0.000081274,0.00013839,-0.000181523,0.00005117,0.000012841,0.00001718,0.000025774,0.000103911,0.000072988,0.000033233,-0.000010027,-0.000016534,0.000161142,0.000054554,0.000084941,0.000081737,0.000080355,-0.000017749,0.000041596,-0.00006515,0.000010229,0.000075977,-0.000131196,-0.000049668,0.000124558,-0.000101877,0.000059173,0.000098197,-0.000081956,-0.000073509,0.000151586,0.000166321,-0.000037442,0.000028331,0.000099858,0.000065133,0.000055564,0.000026588,-0.000004703,-0.000038383,-0.000005794,0.000066987,0.000042833,0.000107539,0.00004281,-0.000016056,-0.000028413,0.000073104,-0.000005948,0.000148473,0.000008783,0.00002959,-0.000158164,0.000141774,0.000057076,-0.000029725,0.000132307,0.000042968,0.000000244,0.000006831,0.000101266,-0.00009585,0.000071009,0.000079642,0.000084359,0.00004285,-0.000439626,-0.000992253,0.001040042,0.000454303,-0.000468806,-0.000052436,0.000180019,0.000087345,0.000004866,0.000249514,0.000091378,0.000268596,0.000021153,0.000068119,-0.000088763,-0.000088726,0.000012123,-0.000026209,0.000143627,0.000067502,0.000049655,0.000080025,0.000095953,-0.000081994,-0.000046563,0.00010989,0.000023966,0.000033481,0.000180242,-0.000001239,0.000052441,0.000110714,0.000054654
541.324707,0.000183287,-0.000054903,-0.000086348,-0.000048256,-0.00001036,0.000055831,-0.000060645,0.00006108,0.00001522,0.000167894,0.000057424,-0.000106577,-0.000009571,-0.00006386,0.000022701,0.000046704,-0.000022174,0.000054961,-0.000014135,-0.000062003,-0.000040102,-0.000103239,0.000137979,0.000048792,-0.000142463,-0.000034602,0.000114254,-0.000199713,-0.000014136,0.00014751,-0.000076631,-0.000012048,-0.000011788,-0.000019926,-0.000051819,-0.000079134,0.000062162,0.000110178,-0.000033361,0.000030889,-0.000087089,0.000050261,0.000053474,0.000078591,0.000048614,0.000051625,0.000061066,-0.000021184,-0.000095204,0.000185795,-0.000053389,0.000065941,-0.00003797,0.000079987,-0.00007356,-0.000013756,-0.000051235,-0.000081592,-0.00001593,-0.000025028,0.00010219,-0.000001298,0.000166078,-0.000009622,0.000127076,0.000095133,0.000021631,0.000144618,-0.00049122,-0.000842777,0.001018654,0.000459722,-0.00048756,-0.00018136,0.000102662,0.000191293,0.000020058,0.000121769,0.000156583,0.000032828,0.000002695,0.000072512,-0.000156602,-0.000114,0.000111718,0.000056705,-0.000040576,0.000058594,0.000114694,0.000060299,0.000167107,0.000069099,-0.000001145,-0.00003321,-0.000026397,-0.000037575,0.000115563,-0.000047408,0.00013642,-0.00001801,0.000019779
541.9111938,-0.000039147,-0.00009327,-0.00015497,-0.000044238,-0.000049467,0.000112218,0.000046435,0.00005679,-0.00001057,0.000103112,0.000044445,-0.000005779,-0.000040861,0.000006591,-0.000009804,0.000037059,-0.000058783,0.000005753,-0.000082036,-0.000063447,-0.000067352,-0.000031134,0.000131659,0.000029416,-0.000119739,0.000041859,0.000002306,-0.000049533,-0.000052686,0.000044566,0.000008797,0.000054624,0.000006932,-0.000021507,-0.000093947,-0.000071958,-0.000042774,-0.000063598,0.00003901,-0.00006433,-0.000015333,-0.000059171,-0.000092221,0.000067839,0.000225536,0.000003801,-0.000020907,-0.00009197,-0.000104862,-0.000060596,-0.000077936,-0.000053175,-0.000038651,-0.000118899,-0.000017983,0.00001653,-0.000117398,-0.000053928,-0.000015901,-0.000007421,0.000041541,-0.000031815,0.000231715,-0.000176517,0.000157227,0.000048289,-0.00000266,0.000087105,-0.000488125,-0.000911749,0.001022905,0.000418241,-0.000521709,-0.000126286,-0.00003763,0.000115501,0.000094508,0.000007356,0.000073331,0.000040109,0.000049592,0.000040406,-0.000120739,-0.000110169,0.000086886,0.000007037,0.000010065,0.000055727,0.000154563,0.000162896,0.000030841,0.000029564,-0.000115349,-0.00005718,0.000010734,-0.000003185,0.000045059,-0.000107952,0.000026083,-0.000037668,0.000054834
542.4977417,0.000022613,-0.000054994,0.000032624,-0.000100756,0.00002631,-0.000022649,0.000114953,0.000145402,-0.000095213,0.000031286,0.000030468,-0.000010888,0.000010418,-0.00004909,0.00007792,-0.000010951,0.000055673,0.000040117,0.000003285,-0.000056409,0.000019921,-0.000127134,0.000057039,0.000121237,0.0000203,0.000048008,0.000049712,0.000098279,0.000014148,0.000046568,-0.00004654,0.000027763,0.00013136,0.000095029,-0.000010728,-0.000028695,0.000012489,-0.00003964,0.000062139,-0.000095042,-0.000040564,-0.00003896,0.000019874,0.000099351,0.000173662,-0.000094907,-0.000015199,-0.000126324,0.000016007,-0.000077281,-0.000007314,-0.000029617,-0.000078291,-0.000136062,-0.000123647,-0.000047914,-0.000126346,0.000023823,0.000099987,-0.000020523,0.00008682,0.000043058,-0.000024111,-0.000260756,0.000015005,-0.000099567,0.000100838,0.000082696,-0.00038432,-0.001005546,0.001234964,0.000733045,-0.000416414,-0.000025881,-0.000028382,0.000171972,-0.000052862,0.000134784,0.000094636,0.000076118,0.000074452,0.000016431,0.000047116,-0.00000418,0.000073697,-0.000036329,-0.000026613,0.000143429,0.000160067,0.000187808,0.000072727,0.000019337,-0.000008001,0.000007861,-0.000001225,0.000071151,0.000154564,-0.000069444,0.000073957,0.000037891,0.000162813
543.0842896,0.000146722,-0.000078705,-0.000011216,-0.000070384,0.000000171,-0.000006296,0.000200375,0.000007955,0.000046853,0.000098375,0.000017972,-0.00010754,0.000096199,-0.000043119,0.000050051,-0.000008707,0.000098985,0.000112793,-0.000011534,-0.000060435,-0.000031076,0.00003048,0.000125625,0.000024784,-0.000068821,0.000084415,0.000140629,0.000131411,-0.000021697,-0.000051412,-0.000025379,-0.000002103,0.000159138,0.000159072,0.000073862,0.000096074,0.00007651,0.000121348,0.000054729,0.000054661,-0.000007228,-0.00005292,-0.000060441,-0.000062964,0.000124178,0.000099749,0.00009553,0.000108426,-0.000018425,-0.000040702,0.000200059,-0.000019167,0.00003811,-0.000048068,-0.000040825,-0.000028358,0.00000339,0.000018811,0.000047151,0.000080529,0.000183255,0.000047965,0.000043557,-0.000069205,0.000132561,0.000130854,0.000052539,0.000088155,-0.000347029,-0.001172094,0.001197335,0.000681769,-0.000573375,0.000019167,0.000111698,0.000123612,-0.000043829,0.000117912,0.000088256,0.000111638,0.000133749,0.000126454,-0.000026795,-0.000036356,0.000108315,0.000088045,0.000012617,0.000091104,0.000156785,0.000229601,0.00009054,0.000074284,-0.000018259,-0.000019705,0.00002532,0.000102142,0.000248425,0.000078222,0.000097644,0.00009036,0.000134107
543.6708984,0.000088247,-0.000070065,-0.000108947,0.00002777,-0.000011823,0.00009346,0.000173045,-0.000092098,-0.000028467,0.000124608,0.000123554,0.000057671,-0.000043828,-0.000016004,0.00020453,0.000016792,0.000063051,0.00007942,0.00010088,-0.000090925,-0.000066451,0.000057928,0.00013355,0.000065205,-0.000088906,0.000137545,0.000176292,0.000010349,0.000118897,0.000130401,-0.000045447,0.000089795,0.000120438,0.000191152,0.000010627,-0.000016214,-0.000007023,0.000143424,-0.000001516,0.000064258,0.000062768,-0.000074514,-0.000072135,0.00005024,0.000125743,0.00006458,0.000147195,0.00010794,-0.000102188,-0.000035001,-0.00002322,-0.000017453,-0.000023008,0.000021239,0.000013851,0.000078807,0.000083093,-0.000025746,0.000044987,0.000055955,0.000152579,-0.000139082,0.000158737,-0.000152211,0.000132523,0.000096443,0.000060966,0.00009181,-0.000319115,-0.001084204,0.001283214,0.000626528,-0.000532793,-0.000065112,0.00014728,0.000120117,0.000007382,0.000117033,0.000247274,0.000181647,0.000132454,0.000139759,0.000094113,-0.000057448,0.000009776,0.000042972,0.000008438,0.000023238,0.000081491,0.00020959,0.000080169,0.00006181,-0.000051034,0.000018373,0.000017308,-0.000013037,0.000268902,0.000027005,0.000097172,0.000021953,0.000033226
544.2575684,0.000025279,-0.000025689,-0.000135015,0.000073651,-0.000092134,0.000123936,0.000090756,0.000009292,0.000021547,0.000173042,0.000133465,-0.000068708,-0.000024492,-0.000010642,0.000238759,0.000067395,0.000061408,0.000177703,0.000046224,-0.00004802,-0.000141192,0.000080435,0.000153846,0.000190155,-0.000065121,0.000025051,0.000215069,-0.000087579,0.000066219,0.000108743,0.000041879,0.000035011,0.000150939,0.000143094,-0.000063539,-0.000064647,-0.000082313,0.000207093,-0.000034668,0.000003605,0.000071163,0.000068242,0.000084599,0.000005694,0.000239538,0.000127296,0.000070539,0.000043491,0.00000582,0.000048763,0.000026651,-0.000035115,-0.000039705,-0.000080545,-0.000072909,0.000072879,0.000059748,-0.000034948,0.000030892,-0.000013285,0.000283,0.000001936,0.000221239,-0.000149972,0.000077184,0.000085561,0.000013521,0.000056284,-0.000277217,-0.001119479,0.001494347,0.000646056,-0.000441617,0.00001622,0.000022599,0.000211899,-0.000152646,0.000238499,0.000164652,0.000112752,0.000155778,0.000099151,-0.000005794,-0.000002593,0.000048226,0.000155864,-0.000019847,0.000065332,0.000156858,0.000102569,0.000042595,0.000090526,-0.000017859,0.000069205,0.000082291,-0.000044572,0.000174659,-0.000034784,0.000172362,-0.000017346,0.000039551
544.8442383,0.0000779,-0.000091784,-0.000020053,0.000029276,-0.000011793,0.000060392,0.000112859,0.000037521,0.000040996,0.000056274,0.000132889,0.00001797,0.000078447,-0.000047151,0.000140721,0.000109082,0.00002383,0.000096493,0.000055919,-0.00004081,-0.000069928,0.000041709,-0.000020571,0.000144167,-0.000131438,-0.000009192,0.000108364,0.000005074,0.000004475,0.000061087,-0.00002469,-0.0000497,0.000109028,-0.000065902,0.000028643,0.000000154,0.000004615,0.000077904,-0.000025899,0.000032364,0.000032182,0.000034269,0.000006342,-0.000102949,0.000070658,0.000081873,0.000087228,-0.000055217,-0.000047242,-0.000053478,-0.000003193,0.000004903,0.000036681,-0.00000263,-0.000047848,-0.000067088,-0.000016157,-0.000069937,0.000023101,0.000145889,0.000156024,-0.000009387,0.000157837,-0.000133152,0.000015529,0.000079945,-0.000035959,0.000125451,-0.000294326,-0.001095564,0.00148832,0.000766505,-0.000476401,0.000015974,-0.000076738,0.000079245,-0.000194795,0.000108064,0.000173953,0.000084383,0.000164238,-0.000044078,0.000007723,0.000065597,0.000099224,0.000019407,-0.000027221,0.000024835,0.000173505,0.000076405,0.000043997,0.000093361,0.000025669,0.000061625,0.000058502,-0.000099835,0.000117633,-0.000072422,0.000185324,-0.000024375,0.00009031
545.4309692,0.000020941,-0.000050319,-0.000052448,0.000052604,0.000002172,0.00008183,0.000122811,0.000119191,-0.000080858,0.000019505,0.000038427,-0.000039289,0.000047275,0.00000127,0.000085624,0.000062972,-0.000143345,-0.000046584,-0.000043772,0.000088301,-0.00007288,0.000039412,-0.00003835,-0.000003989,-0.000093907,0.000061801,0.000000176,-0.00001241,-0.000125624,0.000100969,-0.000081277,0.000020158,0.000004281,0.00003317,0.000010926,-0.000085119,0.000033492,-0.000069052,-0.000085453,0.000022266,-0.000062334,0.000070084,0.000012396,-0.000068433,0.000010444,0.000085054,0.000043503,0.000016535,-0.00003667,-0.000120281,0.000096769,0.000035372,0.000010473,0.00001466,0.000067166,-0.000049585,-0.000063142,-0.000085123,0.000076119,-0.000027615,0.000018314,-0.000142984,-0.000043028,-0.000081577,0.000056569,0.000070411,-0.000055874,0.000072804,-0.000397393,-0.001102795,0.001528071,0.000843417,-0.00047475,0.000054902,-0.000092526,0.000150888,-0.0001771,-0.00001109,0.000048706,0.000100231,0.000127319,-0.000041643,0.000007949,0.000073181,0.000071613,0.000076232,0.000135344,-0.000023383,0.000145879,0.000138975,0.000043399,0.000169314,-0.000082779,0.000108513,0.000010273,0.000066927,0.000140773,0.000033201,0.000083935,-0.000043777,0.000001223
546.0177612,0.000141746,-0.000074408,-0.000109232,0.00001856,0.000003238,0.000093688,0.000118629,0.000054151,0.000074426,0.000187825,0.000172805,-0.000022345,0.000105015,-0.000012332,0.00014694,0.000057879,-0.000047347,0.00007835,0.000008953,-0.000024946,0.000013839,0.000015806,0.000078762,0.000108465,-0.00008015,0.0000475,0.000158041,-0.000066747,-0.000046553,0.000098433,-0.00004945,0.000014824,0.00015954,0.000231701,0.000005749,0.000038456,-0.000044196,0.000151048,-0.000057393,0.00002724,0.000079039,0.00004761,0.000048942,0.000067971,0.000003228,0.000030801,-0.000035247,0.000091808,-0.00001595,0.000062886,0.00006118,0.000088149,0.000017705,-0.000056936,-0.000018619,0.000042859,0.000001925,-0.000070757,0.000088413,0.00000702,0.000021372,-0.000013428,0.000035791,-0.000082084,0.00013215,0.000127678,-0.000015505,0.000033816,-0.000278937,-0.001105443,0.00141759,0.000788949,-0.0003145,-0.000068399,-0.000074493,0.000062852,-0.000111605,0.000089083,0.000150786,0.000073216,0.000086777,0.000124108,0.000105175,0.000065326,0.000115614,0.000015843,0.000112022,-0.0000143,0.000044806,0.000177365,0.000013433,0.000184856,-0.000047179,0.000042715,-0.000001811,0.000053873,0.000205602,0.000063385,-0.000016435,0.000040924,0.000087439
546.6045532,0.000226372,0.000033846,-0.000020192,-0.00005141,0.00005612,0.000189188,0.000053824,-0.00005931,0.000092557,0.000124589,0.000143659,-0.000035256,0.000120159,0.000080741,0.000221154,0.000017466,0.000132657,0.00013349,0.000022757,-0.000096238,0.000018012,0.000074994,0.000148974,0.000061143,-0.000139969,0.000092935,0.000197162,-0.000006868,0.000019522,0.000232358,0.000017778,0.000062187,0.000204873,0.000214518,0.000063329,-0.000033019,0.000029096,0.000067727,-0.000035167,0.000090715,0.000100496,0.000017464,-0.000006119,0.00018259,0.000033056,0.000087614,-0.000012859,-0.00000432,-0.000134249,-0.000027053,-0.000061705,0.000043643,-0.000043053,0.000001299,-0.000104262,0.000041963,0.000054823,-0.000146739,0.000080152,0.000085694,0.000146746,-0.000094468,0.000205729,-0.000126994,0.000106505,0.000022908,0.000086896,0.000003731,-0.000132645,-0.001009802,0.001495414,0.000794231,-0.000443063,0.000059798,0.000177416,0.000072998,-0.000124892,0.000096968,0.000145493,0.000114769,-0.000008258,0.000099418,-0.000031811,0.000071364,0.00006976,0.000048192,0.000032137,0.000014535,0.000047788,0.000143019,0.000076343,0.000130876,0.000143817,-0.00005388,0.000071216,0.000084192,0.000231593,-0.000006979,-0.000068838,0.000117405,0.00001617
547.1914063,0.000106071,-0.00001418,0.000028671,0.000015632,0.000135486,0.00012476,-0.000022004,-0.000042173,0.000079282,0.000043147,0.000084818,-0.000044341,-0.00000707,-0.000061067,0.000212319,0.000028175,-0.000046364,0.000226492,0.000060957,-0.000066987,-0.000077504,-0.000012078,0.000084878,-0.000042596,-0.000091082,0.000143001,0.000051453,-0.000014088,0.000067135,0.000194015,-0.00003699,0.000092448,0.00018086,0.000057972,0.000051653,0.000029052,0.000075247,-0.000021369,-0.000083158,0.000058574,0.000149513,0.000025099,-0.000046359,0.000182201,0.000087607,0.000079886,0.00004128,0.000018986,-0.000031268,0.000054955,-0.000080109,0.000249,-0.000048143,-0.000044494,-0.000055914,0.000032541,0.000064878,-0.000124082,-0.000006861,-0.000001867,0.000071052,-0.00009224,0.000099487,-0.000180972,0.000168734,-0.000006272,-0.000025436,0.000140417,-0.000213652,-0.001014062,0.001664163,0.000532562,-0.000455788,0.000040878,0.000328946,0.00001844,-0.000081073,0.000035035,0.000068679,-0.000101357,0.00000011,0.00006409,0.00009284,0.000172635,0.000077586,0.000069089,0.000063158,-0.000013467,0.000081475,-0.000015878,0.000075866,0.000192565,0.000031578,0.000014174,0.000063321,-0.00009005,0.000165545,-0.000096666,0.000069072,-0.000058924,0.00008059
547.7783203,0.000221371,-0.000050545,-0.00007843,0.000005754,0.000049689,0.00009555,0.000088174,0.000066682,0.000089563,0.000057475,0.000093608,0.00004983,0.000028224,0.000031736,0.000106007,0.000079146,-0.000260881,0.000144247,0.000090164,-0.000021603,-0.000051697,0.000044973,0.00002815,0.000062666,-0.00006007,0.000106473,-0.000066753,0.000027615,0.000099999,0.000042655,0.000040034,0.000082032,0.000148891,-0.000065197,0.000065452,-0.000007273,-0.000007932,0.000081524,0.000002337,0.000038033,0.000090472,-0.000124571,-0.000079776,0.000155627,0.000150485,-0.000016016,0.000107402,-0.00003651,0.000010798,0.000032266,-0.000022253,0.000099564,0.000031133,0.000024599,0.000028061,-0.000049955,0.000001319,-0.000089762,0.000072856,0.000098898,0.000027428,-0.000100107,0.000016037,-0.000083257,0.000005859,0.000098312,0.000016352,0.000147172,-0.000167179,-0.001071217,0.001564531,0.000753743,-0.000378652,0.000061631,0.000199016,0.000058907,-0.000113315,0.000045446,0.000212028,-0.000016827,0.000035842,0.000063521,0.00016629,0.000008961,0.000201787,0.000062966,0.000122801,0.00010864,0.000117047,0.000112319,0.000073121,0.000222682,0.000036241,0.000061733,0.000047495,0.000008588,0.000258365,-0.000084655,0.00007767,0.000001808,-0.000026722
548.3652954,0.000196086,-0.000093524,0.000020495,-0.000085522,-0.000033238,0.000178991,0.00019329,0.000154622,0.000013129,0.00002594,0.000087431,0.000072786,0.000111297,-0.00011882,0.000192247,0.000047468,0.000105443,0.000119936,0.000102234,0.000004258,0.000045255,0.00009331,-0.000039477,0.000095144,-0.000054133,0.000054745,-0.000017069,-0.000014596,0.000030213,0.000047171,0.00007256,0.000006945,0.000140269,0.000175161,-0.000016951,0.000006231,0.000012822,0.000068854,0.000055952,0.000011779,0.000102296,-0.000058414,-0.000089308,0.000050516,0.000158473,-0.000043897,-0.000061633,0.000040738,-0.00007055,-0.000040545,0.00007268,0.000097068,0.000027751,0.000004242,0.000014934,-0.000014711,0.000055966,0.000087909,-0.000000319,0.000050436,0.000111855,-0.000015969,0.000037792,-0.000100459,0.000084196,0.000086714,0.000004588,0.000132401,-0.00027416,-0.000995175,0.001370086,0.000779483,-0.000393296,0.000035942,0.000006131,0.000027405,-0.000210369,-0.000013628,0.000186441,0.000062416,0.000098072,0.00001678,0.000066052,0.000047649,0.000106299,0.000033716,0.000083966,0.000076276,0.000135679,0.000143985,0.000013601,0.000229878,0.000198517,0.000095261,0.000095412,0.000096121,0.000203305,0.000024619,0.000012426,0.000064281,0.000182859
548.9522705,0.000104685,-0.000158312,-0.000105686,0.000109273,0.000008716,0.000018963,0.000093409,0.000086217,0.000012644,-0.000020154,0.000104127,-0.000062296,0.000111721,0.000000323,0.000058512,0.000087958,0.000155654,0.000000597,0.000137275,0.000003339,-0.00001836,0.000000288,-0.000006006,-0.000030157,-0.000037422,0.000025169,0.000096828,0.00002114,0.000056961,0.000067371,-0.000094862,0.000069996,0.00014711,0.000172503,0.000071376,0.000054406,-0.000016219,0.000071969,0.000046474,-0.000028448,0.000004706,-0.000032037,-0.000082381,-0.000025776,0.000174035,0.000034688,-0.000020626,0.000013731,-0.00017686,-0.000084035,0.000070724,0.000000844,-0.000013414,-0.000076914,-0.000113788,0.000118611,-0.000011153,-0.000029852,-0.000040038,0.00003126,0.000043734,-0.000027412,-0.000035016,-0.000092374,0.000107291,-0.00005325,0.00007861,0.000041131,-0.000288572,-0.001191673,0.001401734,0.000798167,-0.000406716,0.000070566,0.000090019,-0.000018751,-0.000168767,-0.000023588,0.000164653,0.000138966,0.00003745,0.00000655,-0.000032528,0.000161223,0.000144828,0.000127599,0.000098753,0.000092947,0.000097668,0.000068753,-0.000048225,0.000232475,0.00012275,0.000088165,0.000117415,0.000041546,0.000344638,0.000152637,-0.000068832,0.000072817,0.000279864
549.5393066,0.000178123,-0.000154229,-0.000141523,-0.000019807,0.000049018,0.000063985,0.000042568,-0.000025972,0.000141058,0.000057246,0.000063806,0.000032314,0.000011965,0.000001735,0.000101059,0.000036198,0.000050337,0.00012483,0.000060766,0.000042505,-0.000014181,0.0001035,0.000113021,0.000102658,-0.000114872,0.000065615,0.000035185,0.000032295,-0.0000051,0.000127421,-0.000097091,0.000025846,0.000168188,-0.000009966,0.000112658,0.000071301,-0.000011417,0.0001051,-0.000026411,0.000088025,0.000040399,-0.000014719,0.000061606,0.000154858,0.000103857,0.00003104,0.000101833,-0.000004851,-0.000024065,0.000032234,0.000028153,0.000026252,0.0000701,0.000002443,0.000069379,0.000128873,0.000079489,-0.000081533,0.000008064,0.000120809,0.000038044,-0.000025648,-0.0000029,-0.000101861,0.000129625,-0.00002059,0.000021994,0.000030665,-0.000225599,-0.001032781,0.001610787,0.000879156,-0.000202709,0.000103247,0.000181016,0.000050937,-0.000133033,0.000023154,0.000126889,0.000109858,-0.000051246,0.000082296,0.00013925,0.000147112,0.000021202,0.000069421,0.000023308,0.000173304,0.000086848,0.000165555,0.000147993,0.00016937,0.000107583,0.000118176,0.000093898,0.000059171,0.000283118,-0.000047318,-0.000055377,-0.00002865,0.000121947
550.1263428,0.000102738,-0.00003622,0.000019598,-0.000007726,-0.000033127,0.000216486,-0.000013997,-0.000066396,0.00002784,0.000060084,0.000152069,0.000027618,0.000004444,-0.000055374,0.000127287,0.000066861,-0.000036594,0.000185024,-0.00006266,-0.00000413,0.000069879,0.000086749,0.000037458,0.000049998,-0.000171331,0.000012388,-0.000010759,0.000042336,0.000007222,0.00014368,0.000089048,0.000043939,0.000168346,0.000092106,-0.000048076,0.000026302,0.000007665,0.000147845,0.000002176,0.000015126,-0.000036753,0.000156281,0.000087822,0.000055356,0.00012601,0.000130551,0.00004802,0.000021944,-0.000053009,0.000155677,0.00002416,0.000030902,0.000021277,0.000000684,-0.000026165,-0.000052776,0.00007865,-0.000101429,0.000168208,0.000177711,0.000137989,0.000014523,0.000131731,-0.000188395,0.000115803,0.000122323,0.000002278,0.000138019,-0.0002721,-0.000912277,0.00166715,0.000801535,-0.00030951,0.000058635,0.000247644,0.000072651,-0.000102364,0.000139217,0.000167124,-0.000034127,0.000048147,0.000056029,0.000159318,0.000064763,0.000141452,0.000087119,-0.000026052,0.000137621,0.000064621,0.000103478,0.000266278,0.000188645,0.000097067,-0.000001824,-0.000009096,0.000046388,0.000267399,-0.000169574,0.000068707,-0.000002273,0.000190147
550.7134399,0.000135206,0.000005999,-0.000034,0.000065585,-0.000096826,0.000052387,0.00003714,-0.000010378,-0.000071985,0.000043524,0.000096318,0.000024069,0.000070592,0.000118865,0.000122485,0.000056349,0.000025007,0.00007014,0.000005969,0.000015128,0.000019063,0.000105158,0.000100985,0.000039624,-0.000104564,-0.000011226,0.000051357,-0.000116051,0.000024123,0.000161015,-0.000137761,0.000001026,0.000098353,-0.000004516,-0.00003188,0.00005514,-0.000064602,0.000120364,-0.000102968,-0.000142641,0.000077551,0.000059745,-0.000022333,-0.000127126,0.000147103,0.000142525,-0.000029889,0.000004868,-0.000120428,0.000030067,-0.000012728,0.000026505,0.000042745,-0.000086498,-0.000189361,0.000046232,0.000075999,0.00006794,0.000111542,0.000107877,0.000082492,-0.000018878,0.000085571,-0.000079203,0.000134216,0.000078841,0.000052061,0.000091799,-0.000246968,-0.000818068,0.001459621,0.000786919,-0.000196148,0.000135589,0.000200454,0.00012257,-0.000040295,0.000248049,0.000139132,-0.000039696,0.000065219,0.000132012,0.000235638,0.00014208,0.000195787,0.000093987,0.000147804,0.000066808,-0.000066674,0.000068596,0.000180237,0.000237632,0.000072464,0.000147064,0.000036462,-0.00000595,0.000134462,-0.000052756,0.000088706,-0.000044666,0.000074225
551.3005981,0.000175108,-0.000034433,0.000012929,0.000031011,-0.000085293,0.000112072,0.000043317,-0.000030095,0.000097487,0.000077555,0.00002895,0.000058976,0.000156,0.00000834,0.000072321,0.00002621,-0.000074921,0.000159378,0.000073249,0.000029571,0.000071445,0.000017905,0.000062755,-0.000010956,-0.000083636,-0.00001668,0.000008951,-0.00007422,-0.000083993,0.000022129,-0.000042867,0.000029403,0.000090553,0.000087472,0.00008454,0.000050862,0.00009073,0.000039585,-0.000157924,0.000060519,0.000015731,-0.000050998,-0.000004188,0.000003303,0.000020188,0.000113323,0.000036151,0.000026994,-0.000092839,-0.000072395,0.000129642,0.000066899,0.000039326,-0.000030841,-0.000153914,0.000103008,-0.000008083,0.000037331,0.000186379,0.000060058,0.000126927,-0.00004992,0.000058314,0.000005343,0.000045426,0.000146497,0.000078072,0.000042434,-0.000088192,-0.000891275,0.001422912,0.000764307,-0.000142736,0.000136793,0.000093656,0.000139613,-0.000114342,0.000095375,-0.00001442,0.000018406,0.000067597,0.000003849,0.00016073,0.000141431,0.00013967,0.000244242,0.000177275,0.000030555,-0.000138499,0.000069176,0.00005611,0.000092218,0.000042202,0.000069777,0.000087526,0.000094075,0.000198564,0.000007257,0.000049173,0.000097324,-0.000000221
551.8878174,0.000218208,-0.0001366,-0.000081876,0.000056103,-0.000019238,0.000065132,0.000078773,0.000015937,0.000001062,0.000192366,0.000014036,0.000062564,0.0000949,-0.000012516,0.000133002,-0.000004254,-0.000005441,0.000111815,0.000004108,-0.000047011,-0.000004494,0.000065906,0.000100112,-0.000022415,-0.000165582,0.000064123,0.000074221,-0.000010767,-0.000091852,0.00003259,-0.000066679,0.000052694,0.00022532,0.000174314,0.000105247,0.000029648,0.000109833,0.00006275,-0.000048692,-0.000012486,-0.000022193,-0.000092998,-0.000018957,0.000133823,0.000140176,0.000009922,0.000078816,0.000020863,-0.000146937,-0.000042949,0.000067647,0.000014906,0.000050021,-0.000004232,-0.000086805,0.000016245,0.000001063,-0.000030387,0.000014646,0.000072513,0.000028661,-0.000084872,0.000049713,-0.000018362,0.000064587,0.000187994,0.000046322,0.000033265,-0.000038724,-0.000909879,0.001430677,0.000770304,-0.000222101,0.000117657,0.000148758,0.000053768,-0.000058807,0.000061631,0.000140545,0.000042691,0.00010753,0.000035751,0.000209394,0.000214053,0.000156855,0.000148708,0.00000265,-0.000074694,-0.000139773,0.000076377,0.000049396,0.000071199,0.000078906,0.000038606,0.000042542,0.000094541,0.000233355,-0.000003053,0.000014149,0.000079147,-0.00003302
552.4750366,0.000159751,-0.000053557,-0.000052287,0.000028115,-0.00016718,-0.000005555,0.000119411,-0.000015729,-0.000086467,0.000173863,0.000078242,-0.000052802,0.000041838,0.00011139,0.000125048,0.000053177,0.000115989,0.00008356,0.000098377,-0.000111115,-0.000007631,0.000067185,0.000067248,0.000091283,-0.000004895,-0.000011968,0.000118794,0.000018978,0.000055102,0.000167797,0.000017725,-0.000047415,0.00017934,0.000095545,0.000024014,0.00002601,0.000000836,0.000079046,0.000019495,-0.000005103,0.000090869,-0.000055059,-0.000050035,0.000033251,0.000089608,-0.00005418,0.000151857,0.000086828,-0.000099953,0.000137421,0.000026239,0.000092848,0.000017461,-0.000029049,0.000016057,0.000053316,0.000161584,0.000054526,0.000033386,0.000110067,0.00015222,-0.000102349,0.000039274,0.000037405,0.00015476,0.000061578,0.000097158,0.000075461,-0.000122661,-0.000716362,0.001645851,0.000721859,-0.000188096,0.000110449,0.00031433,-0.00001431,-0.00001672,-0.000004064,0.000145979,0.000063102,0.000012971,0.000022638,0.000280042,0.000135591,0.000061922,0.000187213,0.000008874,-0.000150102,-0.000023468,0.000045676,0.000079451,0.000092024,0.000092047,0.000160106,0.000083591,0.000113395,0.000200633,-0.000139216,0.000098968,0.000083904,0.000021717
553.0623169,0.000126948,0.000009588,-0.000102949,0.000071381,-0.000043665,0.000064029,0.000073164,-0.000027377,0.000016866,0.000103269,0.000117896,-0.000043778,0.000044608,0.000011636,0.000140283,0.00003888,-0.000045833,0.000028876,-0.000003041,-0.00000665,0.000165959,0.000074131,0.000157796,0.00004175,-0.000100022,-0.000072164,0.000077944,-0.000049192,-0.000053567,0.000104808,-0.000017071,0.000014167,0.000042884,0.000059805,-0.00016393,-0.000058768,-0.000024613,0.000001398,0.000063935,0.000083445,0.000010374,0.00000262,-0.000051596,0.000097175,0.000126813,0.000012892,-0.000007554,-0.000057433,0.000003527,0.000047,0.000103691,0.00010906,-0.000036195,-0.000038822,0.000149096,0.000066703,0.000157887,0.000095653,0.000068176,0.000126027,0.000107616,-0.000072305,0.00011969,-0.000068853,0.000059563,0.000023409,0.000007431,0.00002607,-0.000113124,-0.000711682,0.001659641,0.000693623,-0.000197968,0.000170541,0.000196312,0.000051135,-0.000088508,0.000036887,0.00011315,-0.00012481,0.00009911,0.000144342,0.000187942,0.000145357,0.000057774,0.000180691,-0.000074428,-0.000026878,0.000027862,0.000020986,0.000027857,0.000068682,-0.000070731,0.000040731,0.000078897,0.000089943,0.000065964,-0.000127142,-0.000086713,-0.000018557,0.000005683
553.6496582,0.000171641,0.000021204,-0.000050129,0.000075952,-0.000111669,0.000115635,0.000113316,-0.000016794,0.000061858,0.000054451,0.000208404,0.000057375,0.000132807,0.000051423,0.000098288,0.000033042,-0.000087021,0.00006503,0.00003262,0.000037005,0.000050252,0.000054662,0.000156938,0.00007059,-0.000045903,-0.00003193,-0.000042686,-0.000034585,0.000022902,0.000002685,0.000015521,0.000118347,0.000050932,-0.000054065,-0.000047865,-0.000063728,-0.000015425,0.000045936,0.000005029,0.000048808,0.000061635,-0.000085251,0.00001113,0.000064513,0.000104689,0.00006777,0.000023463,-0.000003456,0.000045955,0.000028139,0.000041566,0.000011892,0.000082047,-0.000095676,-0.000026827,-0.000034899,-0.000052356,0.000032881,0.000153304,-0.000064165,0.000096763,-0.000107535,0.000108524,-0.000083349,0.00003387,-0.000019576,-0.000071549,-0.000004983,-0.000102814,-0.000688408,0.001333018,0.000670891,-0.000119115,0.00007725,0.00018591,0.000035041,-0.000203634,0.000055581,0.000078379,-0.000001736,-0.000025346,0.000054286,0.000178038,0.000165082,0.000044155,0.000112376,-0.000002619,-0.00003433,-0.000009212,0.000022448,-0.000071282,0.000112702,-0.00001324,0.000032604,0.000098777,-0.000033994,0.000022586,-0.00002229,-0.000078688,-0.000051098,0.000064
554.2369995,0.000069396,0.000172439,0.000024778,0.000072188,-0.00007686,0.00003341,0.000127164,0.000039248,0.000118894,0.000035973,0.000157836,-0.000077999,0.000128215,-0.00007515,-0.000001088,0.000056687,-0.000023063,-0.00000031,-0.000006479,-0.000007858,-0.000114788,0.000034455,0.000006866,0.000087475,-0.000004733,0.000031701,-0.000064045,-0.000048225,0.000047358,-0.000040073,-0.000131174,0.000232554,0.000049359,0.000036048,0.000062835,0.000054251,-0.000036503,0.000077526,0.000048054,0.000030815,0.000073896,0.000079247,-0.000020545,-0.000051962,0.000055747,0.000048546,0.000056971,0.000090394,0.000142066,-0.00003095,-0.00001399,-0.0000603,-0.000024253,-0.000146765,0.000057291,0.000059092,-0.000068483,0.000038671,0.000108808,-0.000037856,0.000151158,0.000006839,0.000098557,-0.000028764,-0.000078753,-0.000008372,0.00004081,0.000114126,-0.000027942,-0.00075988,0.001192603,0.000670773,0.000006744,0.00005769,0.000066516,0.000074902,-0.000021142,0.000020839,0.000028367,-0.000035506,0.000052223,0.000035722,0.000130829,0.00017273,0.00007512,0.000112016,0.000060691,-0.000045031,0.000046045,0.000029902,-0.000008931,0.000118988,0.000131079,0.000095371,0.000001821,-0.000007034,0.000279825,0.000059908,-0.000092881,-0.000160041,-0.00004066
554.8244019,0.000068819,-0.000003687,-0.000037758,0.000036622,-0.000008468,0.00000872,0.000160094,-0.000027639,0.000146007,0.000015569,0.000017041,-0.000057112,0.000058759,-0.000049983,0.000128354,0.000053021,-0.000050448,-0.000051876,0.000053564,-0.00009499,-0.00007836,-0.000055903,-0.000007484,-0.000027705,-0.000006349,0.000046255,0.000053986,-0.000094172,-0.000007695,0.000017048,-0.000089843,0.000016881,0.000090387,0.000051217,0.000011753,0.000032616,0.000022931,0.000153613,0.000003262,-0.000005543,-0.000046661,0.000014774,0.000075477,-0.000060424,0.000145096,-0.000032641,-0.000150412,0.000106018,0.000167319,0.000017259,0.000017563,0.000097993,-0.000103071,0.000019336,-0.000004611,0.000044758,0.000082647,0.000014002,0.000022846,0.000101432,0.00001555,0.00004861,0.000115419,-0.000039714,0.000011418,0.000048657,0.000074017,0.000086988,-0.000117171,-0.000743876,0.001205703,0.000740187,-0.000032748,0.000126054,0.000079185,0.000199464,0.000041633,-0.00003805,0.000000423,-0.000033705,-0.000010341,0.000052153,0.000173583,-0.00001845,0.000077488,0.000174819,0.000155911,-0.000087436,-0.000035369,-0.000038692,0.00008363,0.000053862,0.000091242,0.000081995,-0.000008148,0.000080989,0.000178504,0.000208836,-0.000059733,0.000056128,0.00006166
555.4118652,0.000060213,0.000052522,-0.000030215,0.000078961,0.000013759,-0.000039139,0.000150583,-0.000145274,0.000023964,0.000040572,0.000062269,-0.000049472,0.0001386,-0.000073507,0.000166807,0.000035355,-0.000064838,0.000015739,0.00001678,-0.000033971,0.000003196,0.000086328,0.000055825,-0.000105547,-0.000065588,-0.000007936,0.000110906,-0.00002719,-0.000121018,0.00010292,-0.000098497,0.000058448,0.0000593,0.000088811,0.000120855,0.000059093,0.000006291,0.000060154,-0.000057657,0.000006759,0.000014724,0.000022682,-0.000055781,0.000151363,0.000080809,-0.000044497,0.000012244,0.000000673,0.000008655,0.000083053,0.000081983,0.00021403,-0.000033922,-0.000067196,-0.00008176,0.000001331,0.000046672,-0.000031902,0.000034301,0.00010837,0.000037695,-0.000057687,0.000053542,-0.000081586,0.000070654,0.000013131,0.000012431,0.00007152,-0.000066975,-0.000649153,0.001312138,0.000731963,0.000034393,0.000012281,0.000199936,0.000130436,-0.000005963,0.000039008,0.000016054,0.00002837,-0.000080266,0.000011772,0.000153138,0.000160419,0.000084008,0.000101314,0.000067018,-0.000196323,-0.000045307,-0.000066765,0.000065715,0.000046531,-0.000049397,0.000129663,0.000128049,0.00013459,0.000174906,-0.000022077,-0.000014561,-0.000057836,0.000034527
555.9993286,0.000085356,0.000027618,-0.000094212,0.000064459,-0.000008585,-0.000048314,-0.000048786,-0.000068123,-0.000001474,0.00003618,0.000052253,-0.000005404,-0.000062697,-0.000089942,0.000154359,0.000067713,-0.000023943,0.000101472,-0.000087215,0.00002394,-0.000069373,0.000098095,0.00012988,-0.000028533,-0.00011363,0.000071566,0.000051355,0.000037352,-0.000065469,0.00007624,-0.000098347,0.00005662,-0.000030533,-0.000021585,-0.000024155,0.000056785,0.000070862,0.000165782,0.000000378,0.000049858,0.000094449,0.00007178,-0.000021631,0.000208803,0.000102948,0.00006987,0.000147683,-0.000044096,0.000005323,0.000176667,0.000043705,0.000101714,-0.000022487,-0.000033667,-0.000045599,-0.000137257,-0.000024292,-0.000006632,0.000045499,-0.000092931,0.000003045,-0.000017909,0.0000414,-0.000116433,0.000155473,0.000035915,-0.000056839,0.000206621,-0.000080268,-0.00057777,0.001175742,0.000589782,-0.000091287,-0.000024274,0.000230246,0.000084296,0.000044124,0.000033785,0.0002039,-0.000004663,-0.000086743,-0.000022656,0.000094298,0.000113806,0.000077466,0.00018978,0.000112563,0.000027905,0.000035866,0.000041905,-0.000031941,0.00006962,0.000069218,-0.000051981,0.000188426,0.000033906,0.000053502,-0.000110283,0.000004895,-0.000183147,0.000061055
556.586853,0.000055282,0.000093718,-0.000075793,0.000089553,0.000054439,0.000044902,0.000140472,0.000070234,0.000033013,-0.000005871,-0.000001252,0.000091688,-0.000085912,0.000051425,0.000071495,0.000150014,0.000017863,0.0000183,-0.000078681,0.000070159,-0.000118582,0.000162803,0.000043482,0.000052883,-0.000021509,0.000019298,-0.000002396,0.000036746,0.000155518,0.000043969,0.000063979,0.000015865,-0.000090364,-0.000113615,-0.000110143,0.000039472,0.000089227,0.000099195,0.000071596,-0.000001977,-0.000055746,0.000018622,0.000112156,0.000114338,0.000136847,0.000077825,0.000002178,-0.000017385,0.000019869,0.000097879,-0.000029994,0.00005234,0.000039085,0.00006411,-0.000043187,-0.000075104,0.000046469,-0.00000844,-0.000040871,0.000164586,-0.000017995,0.000021634,0.000041434,-0.000143096,0.000127467,0.00014846,0.000041918,0.000118304,-0.000065322,-0.000570329,0.000877584,0.000638583,0.000013887,0.000080948,0.000145932,0.00009696,0.000114019,0.000102219,-0.000002345,-0.000083895,-0.000004391,0.000015572,0.00011843,0.000037596,0.000110227,0.000199604,0.000091955,0.000050742,0.000030478,-0.000086627,-0.000058677,0.000033152,-0.000008719,0.000047889,0.000074621,0.000085385,0.00019893,0.000058915,0.00011083,0.000069581,-0.000003134
557.1744385,-0.000048653,-0.00004418,-0.000058223,0.00013688,0.000016744,0.000066711,0.000071591,-0.000000362,0.000019951,-0.000037444,0.000099136,-0.000088088,-0.000056042,-0.000063838,0.00003114,0.000056772,-0.000130356,-0.000039084,0.00000561,-0.000047974,-0.000009863,0.000065698,0.000038787,0.000027725,-0.000022097,0.000002161,-0.000074585,0.000007031,-0.000060175,0.0000475,0.000020758,-0.000053075,0.000039193,-0.000016236,-0.000052189,0.000018434,0.000012554,0.000111783,0.000059848,0.000046175,0.000010248,0.000032341,-0.000031109,-0.000010914,0.000078356,-0.00006811,-0.000020522,0.000006101,0.000079553,0.000008963,-0.000070219,-0.00006123,-0.000044794,0.000003939,0.000049572,-0.000049323,-0.000022211,-0.000046446,0.000003514,0.000139358,0.000143408,-0.000016617,0.00007337,-0.000089863,-0.000006151,0.000129962,0.000090743,0.000144859,-0.000116088,-0.000697605,0.000737506,0.000601829,-0.000028902,-0.000061493,-0.000050646,0.000048707,0.000013758,0.000095238,-0.000007621,-0.000085653,0.000026442,0.000053229,0.000071766,0.00010945,0.000092211,0.000034036,0.000029055,-0.00001036,0.000006469,-0.000009773,-0.000037346,0.000033673,-0.000077802,0.000092301,0.000163778,0.000030101,0.000248956,0.000153237,-0.000024903,0.000052504,-0.000108366
557.7620239,-0.000009988,-0.000172916,-0.000084628,0.000046341,-0.000031969,-0.000031989,0.000065329,-0.000155311,-0.000066492,0.0000432,-0.000025264,-0.000029811,0.00006267,-0.000094388,0.000083496,-0.000065832,-0.00001767,-0.000002206,-0.000060289,-0.000054712,-0.000034563,0.000076021,0.000085394,0.000058997,-0.000072385,0.000059058,-0.000088872,-0.000190525,-0.000024284,0.000033201,-0.000080396,0.000017485,-0.000005213,0.000054095,-0.00012906,0.000041357,0.000055125,-0.000007361,0.000085795,0.00001989,-0.000013624,-0.000166697,-0.000077281,-0.000087993,-0.000013965,-0.000135926,-0.000074268,0.000123136,-0.000013405,0.000011456,-0.000007547,-0.000143674,0.000013602,-0.000057128,-0.000088508,0.000080801,0.000029161,-0.000165271,0.000094241,0.000036657,-0.000034807,-0.000031269,0.000012673,-0.000086629,0.000020556,0.000027526,0.000041475,-0.000019885,-0.000012673,-0.000666611,0.00077478,0.000621701,0.000152505,0.000022487,0.000046802,0.000032529,0.000082975,0.000050013,0.000041537,-0.000054454,-0.000011617,0.00010549,-0.000005164,0.000105339,-0.000023836,0.000019218,0.000123183,0.000020262,-0.000054902,-0.000006927,0.000026413,-0.000062105,-0.000036605,0.000027353,0.000130566,0.000119557,0.000142723,-0.000070951,-0.000088654,0.000014592,-0.000072226
558.3496704,0.00010339,-0.00012435,-0.000156013,-0.000055301,-0.000050596,-0.000024617,0.000076862,-0.000155224,-0.000079972,0.000011877,0.000003703,0.000010264,0.000052405,-0.000027379,0.000010992,-0.000021471,0.000036333,0.000122019,0.000014837,-0.000029771,-0.000036367,-0.000004358,0.000121595,-0.000052164,-0.000083232,-0.000027583,0.000011668,-0.000177629,-0.000030096,0.00001283,-0.000052421,-0.000018133,-0.000010623,0.000084111,-0.000058183,0.000000344,-0.000019163,0.000012976,0.000008929,0.000104084,0.000040621,-0.000015635,-0.00002757,0.000012053,-0.000021259,0.000025028,0.000094618,0.000038492,-0.000075755,0.000052424,-0.000058003,-0.000029168,0.00002572,-0.000012324,-0.00000666,-0.000028099,0.000106241,0.00013254,-0.000074404,-0.000014193,-0.000015571,-0.000023229,0.000058371,-0.000058186,0.000115764,-0.000030092,0.000131072,-0.000016603,-0.000030441,-0.000647979,0.000755168,0.000460685,0.000141963,0.000017986,0.000234598,0.00006392,0.000056117,0.000171358,0.00005118,-0.00007436,-0.000171443,-0.000002667,0.000057149,0.000014231,0.000066498,0.000134878,0.000138471,0.000037458,-0.000025363,-0.000114894,0.000095649,0.000047263,0.000049157,0.000078123,-0.000026628,0.000140138,0.000126983,-0.00016679,-0.000040828,-0.000022232,0.000018175
558.9373779,0.000115587,-0.000130632,-0.000097592,-0.000006338,0.000000294,-0.000053675,0.000071527,-0.00010938,0.000100847,0.000010786,0.000059195,0.00002869,0.000003839,0.00003167,0.000097124,0.000062169,-0.000127522,0.000216469,0.000135494,0.00001633,-0.000005437,0.00005782,0.000075576,-0.000013438,-0.000140532,-0.000010374,-0.00000554,-0.000041512,-0.000088959,-0.000021659,-0.000036846,-0.000018862,0.000029679,0.000009226,-0.000085528,-0.000049328,-0.000047863,0.000041278,-0.000048373,0.000125386,0.000015432,0.000039962,0.000088787,0.000047581,0.000030741,0.000149444,0.000023711,0.000098267,0.000037712,0.000087474,-0.000007941,0.000023392,0.000066448,-0.000042716,0.000117086,0.000029934,0.000120651,0.000125541,0.000002797,-0.000071138,0.000029662,-0.000066925,0.000083002,-0.000128865,-0.000039369,0.000006202,-0.00004041,0.000058809,-0.000040767,-0.000641021,0.000812864,0.000529514,-0.000147102,0.000107522,0.000151965,0.000142413,-0.00002169,0.000131808,0.000019185,-0.000146523,-0.000174785,-0.000002484,0.000038976,0.000086148,0.000006808,0.000072837,0.000123218,0.000008674,0.000059523,-0.000079807,-0.000003401,0.000184909,-0.000060875,-0.000070436,0.000028691,0.000049634,0.000098024,0.000000784,0.000001741,-0.000025399,-0.000052413
559.5251465,0.00008729,0.000050123,-0.000081377,-0.000086284,0.000019126,-0.000042967,-0.000020013,-0.000003318,0.00004253,0.000001093,0.000095904,0.000069678,-0.000030754,0.000015675,0.000032058,0.000134125,-0.00002305,-0.000041035,0.000044198,-0.000081441,-0.000063229,0.000014004,-0.000037107,0.000012824,-0.000030311,-0.000036705,0.000009079,0.00005751,-0.000045931,-0.000015486,0.000075372,-0.000048388,-0.00002147,-0.000009325,-0.000106568,0.000006972,-0.000028269,0.000081748,-0.00003679,-0.000010628,0.000030986,-0.000034347,0.000087784,-0.000089128,0.000107884,0.000118437,-0.000061803,-0.000009595,-0.00001561,0.000036496,0.000049152,-0.000023754,0.000041047,-0.00015952,-0.000060877,-0.000014022,0.000042779,0.000037956,0.000043686,-0.000030526,-0.000017511,-0.000075795,0.000100365,-0.000125973,-0.000040133,0.000015614,-0.000084052,0.000108741,-0.000097349,-0.000545588,0.000666428,0.000626905,0.000007754,-0.000015409,0.000090641,0.000149465,0.000016944,0.000143412,0.000028572,-0.000053068,-0.000135131,-0.000023936,0.000020898,0.000037847,0.000169005,0.000075217,0.000276892,0.000012849,0.000041511,0.000035202,0.000025658,0.000103835,-0.000059212,0.000023572,-0.000015561,0.000173066,0.000129004,-0.000079114,0.000046582,-0.000067604,-0.000044516
560.112915,0.000018749,0.000135799,-0.000073573,0.000028103,-0.000034834,0.000034806,-0.000100112,0.000009824,-0.000007139,0.000035413,0.000039616,0.000135235,-0.000065742,-0.000026575,0.000033444,-0.000043161,-0.000041192,0.00001623,-0.000008531,-0.000142918,-0.000094044,-0.000077379,-0.000018167,-0.000023364,0.000065418,-0.000034624,-0.000040167,0.000130577,-0.000017799,-0.000043997,0.000003413,0.000083894,0.000015867,0.000127528,-0.000017065,-0.000071611,0.000023121,0.000120875,-0.00005672,0.000021107,0.000057376,-0.000031897,0.000018787,-0.000103683,0.000036955,0.000018459,0.000015147,0.000016831,-0.000106258,-0.000034723,-0.000018641,0.00004592,0.000055836,-0.000138904,-0.000008084,-0.000003995,-0.000034874,0.000007394,0.000043762,-0.000004628,-0.00010114,0.000032237,0.000088669,0.000064334,0.000027178,0.000061256,0.000049568,0.000161157,-0.000016087,-0.000477371,0.000617446,0.000470999,0.000087065,-0.000190907,0.000089401,0.000041231,0.000049095,0.000104907,-0.000026437,-0.000044736,-0.000017858,0.000066477,0.000106526,0.000012806,0.000140157,0.000096454,0.00018359,0.000092706,0.00003739,0.000095032,0.000081791,0.000148645,-0.000009084,0.00008068,-0.000003851,0.000047259,0.000168629,-0.000010557,0.000032129,-0.000030759,-0.000072866
560.7007446,0.000043341,-0.000004935,-0.000046767,0.000103124,0.000003018,-0.000026668,-0.000107198,-0.000008662,-0.000018907,0.00003577,-0.000007191,0.00008252,0.000009335,-0.00010241,0.000067208,-0.000059866,0.000063429,0.000064611,0.000063776,-0.000057066,0.000008527,-0.000005365,0.000081249,0.000023002,0.000029405,0.000008113,-0.000024892,-0.000005131,-0.000020753,-0.000052417,-0.000052751,-0.000068851,0.000139267,0.000151984,-0.000017109,-0.000135142,-0.00004027,0.000020217,0.000055712,0.000052072,-0.00000889,-0.000117821,-0.000076027,0.00006502,-0.000020913,-0.000092468,0.000024316,0.000058028,0.000029635,-0.000035822,-0.000023609,0.00009143,0.000060667,0.000103828,-0.000042237,0.000036407,-0.000065689,0.000000776,-0.000025069,0.000126194,-0.000021385,-0.000075171,0.000089523,-0.000116296,0.000005538,-0.000020477,0.000043485,0.000104019,0.000027516,-0.000481099,0.000552227,0.000482442,-0.000050231,-0.000165473,0.000044872,-0.000088258,0.000099913,0.000145071,0.00007785,0.000012581,-0.000126106,0.000028566,0.000053044,0.000006139,0.000108032,0.000057169,0.000193485,-0.000001968,-0.000040561,0.000079381,0.000074943,0.000032558,-0.000050767,-0.000033819,0.000013453,0.000149733,0.000104879,0.000144254,-0.000018785,-0.000014739,0.000061158
561.2885742,0.000033697,0.000040296,-0.000001711,0.000036891,0.000040258,0.000050246,-0.000025403,-0.000017332,-0.000029964,0.000029411,0.000033965,0.000070366,-0.000034568,0.000036427,-0.000013469,0.000006501,0.000023739,0.000109707,-0.000013967,0.000085673,0.000073037,0.000092353,0.00008035,0.000005622,-0.000035994,0.000036785,0.00000812,-0.000147942,-0.000015708,0.000039806,-0.000009011,-0.000245072,-0.00005882,0.000159992,0.000062177,-0.000091123,-0.000019025,-0.000004745,0.00000937,0.000059944,0.000068324,-0.00001618,-0.000058114,0.000129397,0.000001326,0.000050639,0.00001695,-0.000000034,-0.000077258,-0.000014854,0.000001869,-0.000006436,0.000071719,-0.000013187,0.00003147,-0.000141275,0.000014856,0.000001838,-0.000053531,0.000039225,0.000000456,-0.000069445,0.000023473,-0.000122883,0.000076169,-0.000012719,0.000089217,-0.000037338,-0.000056747,-0.000567186,0.000410832,0.000374929,-0.000034865,-0.000163637,-0.000018273,0.000063207,0.000049337,0.000159447,0.000073048,-0.000025182,-0.000122686,-0.000030595,0.000028977,-0.000049519,0.000078333,-0.000005871,0.000077316,-0.000061495,0.000081818,0.000034476,-0.00003011,-0.00004522,-0.000088557,0.000049235,-0.000024735,0.000185935,0.00014348,0.000022618,0.000086823,-0.00008035,-0.000082347
561.8764648,0.000020935,-0.000063826,-0.000058266,0.000001624,0.000020917,0.000050637,0.000066503,0.000003373,-0.00011733,0.000040771,0.000003596,0.000022773,-0.000043359,-0.00001862,0.000078137,0.00005822,-0.000042786,0.000063776,-0.000071777,0.000115524,-0.000060155,-0.000017951,0.000110248,0.00008329,0.000024852,-0.00006974,0.000017645,-0.00001179,0.000039507,-0.000000962,0.0000614,-0.00003598,-0.000092546,0.000069507,0.000048948,-0.000021469,-0.000015077,0.000090758,-0.000098499,0.000010555,0.000066788,0.000111893,0.000110339,-0.000045711,-0.000034928,0.000160247,0.000024462,0.000040139,-0.000124478,0.000019928,0.000016556,-0.000070969,0.000104538,-0.000100039,0.000015419,0.000025139,0.000125485,0.000064622,-0.000085935,0.000045418,0.000132477,-0.000120358,0.000127,-0.000045197,0.000020244,0.000072232,0.000003602,-0.000101123,0.00000921,-0.000423234,0.000315161,0.000506523,0.000091529,-0.000284807,-0.000058673,0.00010375,0.000044949,0.000111732,0.000090184,0.00005678,-0.000142096,0.000064825,-0.000091112,0.000016342,0.000016449,-0.000073519,0.000089318,-0.000054889,0.000135854,0.000031456,0.000162899,0.000040614,-0.000071716,0.000004067,-0.000012935,0.000033329,-0.000043662,-0.000101068,0.000064328,-0.000125629,-0.000054147
562.4644165,0.000043496,0.000041661,-0.000074291,0.000040126,-0.00009259,0.00002913,0.000039164,-0.000005117,-0.000070798,-0.000023594,0.000089282,-0.00005111,0.000047143,0.000008453,-0.000002621,0.000086553,0.000139173,0.000073302,0.000042524,0.000037795,-0.000024727,0.000100497,-0.000031779,0.000083296,0.000124913,-0.00004398,-0.000013998,0.000067332,0.000097925,-0.000025066,0.000006474,0.000031481,-0.000133172,0.000039477,0.000013463,0.000041131,-0.000046069,0.000010174,0.00001511,-0.00004651,0.00002235,0.000150446,0.000101763,-0.000067333,0.00016342,0.000014757,0.000039536,0.000059044,0.000049168,-0.000031804,-0.00011349,-0.000020312,-0.000003601,-0.000056562,0.000027199,0.000006501,-0.000085606,0.000042682,0.000037471,-0.000034661,0.00003881,0.000019535,0.000110613,-0.000102461,0.000069424,0.000036968,0.000054388,0.000068596,0.00008093,-0.00037888,0.000287835,0.000545616,0.000180782,-0.000228526,0.000047363,0.000243952,0.000054178,0.000264877,0.000060839,-0.000044044,-0.000002439,0.000031209,-0.000033691,0.000004156,0.000030491,0.00012743,0.00008125,0.000065609,-0.000044297,-0.000004053,0.000095474,0.00002132,0.000026784,0.000031515,0.000126948,0.000090247,0.000065878,-0.000029127,-0.000013519,0.000014302,0.000068314
563.0524292,0.000071716,0.000028838,-0.000137702,-0.000027506,-0.000174529,-0.000021231,0.000117655,0.000021288,-0.000015822,0.000053449,-0.000021075,-0.000011825,0.000064654,0.000013088,-0.000058467,-0.000120297,0.000075679,-0.000023673,-0.000054218,-0.000007869,-0.000017205,0.000125429,0.000166165,0.000088864,0.000046773,0.000072472,-0.000004673,0.000050363,0.000065501,0.000020553,0.000043405,0.000057705,-0.000051945,0.000035848,0.000107022,0.000003841,-0.000011388,0.000122181,0.000000135,-0.000053909,-0.000039197,0.00002455,-0.000062812,-0.000034779,0.000044206,0.000035662,0.000009261,0.000067467,0.000141084,0.000081377,0.000093835,0.000024828,-0.000043263,-0.000026583,0.000074455,-0.000054731,-0.000115573,-0.000069562,-0.00002122,-0.000102134,-0.000077814,-0.000011668,0.000160821,-0.00001886,0.000028975,0.000096108,0.000089438,0.000021285,0.000083421,-0.000437683,0.00015168,0.000552921,0.000295366,-0.000157022,-0.000014972,0.00013935,0.000139684,0.000024053,0.000085887,-0.000013128,0.000026347,-0.00000751,-0.00004245,-0.000034192,0.000007515,0.000027918,0.000213967,-0.000002686,-0.00013784,0.000046301,0.000096678,-0.00000303,0.000013058,-0.000166019,0.00015674,-0.000002648,0.000092423,0.000095838,-0.000080146,0.000099241,-0.000050506
563.6404419,0.000077913,-0.000013752,-0.000108547,-0.000060729,-0.000035607,-0.0001236,0.000030481,-0.000006676,-0.000029359,0.000045553,-0.000087183,0.000016874,-0.000090791,0.000048612,-0.000134394,0.000028048,0.000179476,0.000071534,0.000097993,0.000010056,0.00004795,0.000193561,0.000035298,-0.000039289,-0.000014486,0.000022792,-0.00008896,0.000031772,0.000013095,-0.000089902,-0.00001378,0.000063486,-0.000003069,0.000024923,-0.000004048,-0.000080602,0.000014391,0.000105724,-0.000062063,0.000019864,-0.000032124,-0.000022383,-0.000111312,-0.000058995,-0.000034806,0.000003068,0.000009108,-0.000102205,-0.000048946,0.000022392,0.000177017,0.000038328,0.000041232,0.000052782,0.000035368,-0.000042614,-0.000026376,-0.000092366,-0.000027856,0.000043847,0.0000064,-0.000097419,0.000032871,0.000061774,-0.000017758,0.000007786,0.000026023,0.000058689,0.000089128,-0.000482441,0.000025299,0.000356199,0.000249634,-0.000284005,-0.000029198,0.00006256,0.00006519,0.000021923,-0.000095563,0.000017234,0.000023435,0.000001244,-0.000222254,-0.000071084,-0.000002688,0.00000844,0.000176437,0.000019639,-0.0000439,-0.00000263,0.000041387,-0.000066367,-0.000027905,-0.00011528,0.000006357,0.000075806,0.000050374,0.00009482,-0.000015888,0.000079423,0.000021791
564.2285156,0.000051705,-0.000048662,0.000034897,0.000051079,-0.000003006,0.00000069,0.000017012,-0.000078984,-0.000077605,-0.000087142,-0.000011184,-0.000031654,-0.000051192,-0.000056048,-0.000020526,0.000003026,0.000071965,0.000104923,0.000072327,-0.000025812,0.000012359,0.000015643,0.000030096,-0.000043973,-0.000078318,-0.000019731,0.000020022,-0.00005481,-0.000009405,0.00000526,-0.000061471,-0.0000319,-0.000006869,-0.000031159,-0.000051897,-0.000088374,0.000070832,-0.000014717,-0.000062324,0.000086595,0.000002784,0.000046039,-0.000075049,0.000014309,-0.000001479,-0.00010583,0.000019407,-0.000064508,0.000041234,0.000044816,-0.000010237,-0.000010079,0.00004883,0.000023241,-0.000006723,-0.000123511,0.000138189,-0.000098775,-0.000075724,0.000144569,-0.000017063,-0.000012857,0.000034058,-0.000151877,0.000166503,-0.000052838,0.000026068,0.000010182,-0.000042743,-0.000420784,-0.000018944,0.000540844,0.000183535,-0.00039275,-0.000040573,0.00007597,0.000073788,0.000101783,-0.00002031,-0.000008298,0.000020012,0.000014717,-0.000109429,-0.000163675,0.000120989,0.000069362,0.000095471,0.000004834,-0.000046199,-0.000000442,0.000002955,-0.000135313,-0.000084105,0.000013086,-0.000028777,0.000085335,-0.00010218,0.000074337,0.000042426,0.000083763,0.000100324
564.8166504,0.00001972,-0.000028113,0.000050248,0.000080196,-0.000094981,-0.000040106,-0.000038278,-0.000078736,0.000052734,-0.00004276,0.000065248,-0.000086056,-0.000061613,-0.0000726,-0.000044531,-0.000032047,0.000058847,0.000095236,0.000033649,-0.000030879,-0.000006949,-0.00004303,-0.000017343,0.00009495,-0.000020621,-0.000008932,0.000008635,-0.000096615,-0.000106034,0.0000104,0.000058108,-0.000014194,-0.000055777,-0.00002062,-0.000083385,-0.000125322,0.000116947,0.000022675,0.000007747,0.000131679,0.000000883,-0.000018339,-0.000082699,-0.000020999,0.000054149,0.000105574,0.000014607,-0.000049504,-0.000025245,0.000073482,-0.0001175,-0.00003609,0.00009687,0.000017299,-0.00003456,-0.000076851,0.000064326,-0.000091017,-0.000076396,0.000046647,-0.000000591,-0.000015279,-0.000008184,-0.000048034,0.000003191,0.000029011,-0.000022243,-0.000012392,-0.000006121,-0.000370073,-0.000064861,0.000486465,0.000095815,-0.000405391,-0.000042329,0.000020793,0.000080133,0.000128341,0.000041013,-0.00009337,-0.000031685,-0.000001977,-0.000065025,-0.000091128,0.000050343,-0.000069667,0.0001021,0.000037199,0.000014576,0.00008393,0.000017115,0.000015721,-0.000154456,-0.000038079,-0.000069935,-0.000073763,-0.000083637,-0.000027542,-0.000087697,0.000024272,-0.000014664
565.4047852,-0.000112221,0.000065222,-0.000066966,-0.000016497,-0.000039289,-0.000034057,0.000078403,0.000068653,-0.000063813,-0.000023524,0.000016395,0.000048038,-0.000056516,0.000037645,-0.00009388,0.00000928,0.00010443,0.000002603,0.000004096,0.000013889,-0.000020864,-0.000064432,0.000052783,0.000050604,0.000000089,-0.000034632,-0.000061469,0.000003667,-0.000088589,-0.000081723,0.00010443,0.000034996,-0.000063313,0.000026508,-0.000045802,-0.000026665,0.000039624,0.000074437,0.000033627,-0.000044845,0.000013117,-0.000016467,-0.000051502,-0.000060068,-0.000051515,0.00013936,0.000036775,-0.000050949,0.000015503,0.000011101,-0.000113265,0.000032184,0.000037516,-0.000027492,-0.000064449,-0.000027006,-0.000139352,0.000047027,-0.000014167,0.000080815,0.000034356,0.000123218,0.000036906,0.000041308,-0.000022518,0.000070999,0.000019882,0.000088418,-0.000003266,-0.000382241,-0.00016681,0.00049491,0.000148349,-0.000357219,-0.000044289,0.000000362,0.000184471,0.000126075,0.000049278,0.000014465,-0.000020746,0.000037619,-0.000096641,-0.00006209,0.000019452,-0.000021413,0.000072823,-0.000026761,0.000004129,0.000054587,0.000165443,-0.000002949,-0.000061312,-0.000133745,0.000070486,0.000068541,-0.000018202,-0.000031545,0.000056105,0.000009922,0.000023735
565.992981,-0.000018446,0.000062834,-0.000020927,-0.000055037,-0.000048803,-0.000011893,0.00008025,-0.000023084,0.000035136,0.000001926,-0.000044646,0.000012431,0.000100646,0.000008367,-0.000234503,-0.000059224,0.000022096,0.000042342,0.000049006,0.000052282,0.000107278,-0.000002408,0.000050179,0.000049266,0.000012565,0.000048563,-0.000030383,-0.000133159,-0.000060067,-0.000010338,-0.000056598,-0.000026978,0.000051758,-0.00005228,-0.000057944,-0.000037728,-0.0000299,-0.000030838,-0.000019132,-0.000056695,0.000034473,0.000028629,0.000075703,-0.000085316,-0.000007257,0.000085983,0.000055108,-0.00007444,0.000010144,-0.000003987,0.000005405,-0.000000117,0.000016149,-0.000071608,0.000010899,-0.000021679,-0.000058925,-0.000079722,-0.000102286,0.000052497,0.000067973,-0.000076006,-0.000036326,0.000039953,0.000013918,0.000058005,-0.000079786,0.000022051,-0.000081428,-0.00038912,-0.000237363,0.000511784,0.000201527,-0.000446019,-0.00019695,-0.000073554,0.000085026,0.000049312,0.000017791,0.000079593,0.00002265,0.000065544,-0.000106703,-0.000008907,0.000016311,0.000108806,0.000154448,0.0000087,-0.00000429,0.000007289,0.000161115,-0.000072009,-0.00005568,0.000004759,0.000155327,-0.000020276,0.000136388,0.000068326,-0.000010735,0.000077371,0.000096477
566.5812378,0.000008349,0.000096793,-0.000047803,-0.000043682,0.000034231,-0.000111661,-0.000018308,-0.000020313,0.000070396,-0.000009467,-0.000072661,-0.000071216,0.000002343,0.000044454,-0.000171004,-0.000096372,0.000103145,0.000089729,0.000148956,0.000077047,0.000091976,-0.000011825,-0.000009581,0.000056215,0.0000006,0.000079731,0.000017597,-0.000034295,-0.000038113,-0.000001633,-0.000102503,-0.000069884,-0.000024439,0.000040515,-0.000004572,0.000006707,0.000101042,0.000011157,0.000069533,-0.00005344,0.000041125,-0.000004934,0.000011855,0.000006793,0.000060907,0.000016455,0.000056739,0.000038952,-0.000001013,-0.000101795,0.000042325,-0.000042337,-0.000048517,-0.000107125,-0.000025869,-0.000043767,-0.000012511,-0.000047302,0.000048794,0.000025598,0.000043607,0.000004257,-0.000000861,0.000005402,0.000044259,0.000035959,0.000067325,-0.000001535,-0.000032922,-0.000435795,-0.000232215,0.000580754,0.000120973,-0.000397759,-0.000198238,0.000029421,0.000151777,0.000148703,-0.000065106,0.00010283,-0.00006389,-0.000000182,-0.000033268,-0.000037046,0.00018088,0.000021658,0.00012144,0.000126156,-0.000047983,-0.000000202,0.000019776,-0.000139697,-0.000066279,0.000059747,-0.000030127,-0.000056321,0.000006774,0.000031089,-0.000059315,-0.000038762,0.000084859
567.1694946,-0.000026193,0.000143832,-0.000003913,-0.000021552,0.000017556,0.000009366,0.000041514,-0.000054834,-0.000029991,-0.000040686,0.000037435,-0.000002909,-0.000083521,0.000089085,-0.000011327,-0.000053475,0.000028971,0.000077011,-0.000031819,0.000119928,0.000067706,0.000028605,0.000125607,0.000051307,0.00001567,-0.000015925,0.00000943,-0.000068419,0.000052619,-0.000093846,0.000087353,0.00001131,-0.000020703,0.000056789,0.000039755,-0.000080203,-0.000015723,0.000046002,0.000025757,0.000100156,-0.000012044,0.000089843,-0.000062123,0.00005969,0.000013071,0.000098881,-0.00001581,-0.000033716,-0.000103541,-0.000126025,0.000103087,0.000011641,0.000022846,-0.000032719,-0.000085229,0.000030175,0.00008609,0.000013059,-0.00006106,0.000084558,0.00002641,-0.000065986,0.000022501,-0.000041572,0.000132248,0.000056496,0.000037785,0.000030566,-0.000039224,-0.000360101,-0.000263407,0.000526355,0.000053049,-0.000323869,-0.000039657,-0.000032939,0.000127866,0.000050312,-0.000028796,0.000134925,0.000092451,0.000062607,-0.000007757,-0.000102698,0.000069429,0.000000667,0.000073857,-0.000023919,0.000017283,0.000065064,0.000141834,-0.000080896,-0.000163393,-0.000050441,-0.000059566,-0.000149252,0.000067924,-0.000144275,-0.000019662,-0.000099231,0.00003716
567.7578125,-0.000052338,0.000186105,0.000048225,0.000036,0.000074597,0.000111693,-0.000053045,-0.000031055,-0.000039066,0.000070202,0.000128277,0.000050168,-0.000110257,0.00008363,0.000019633,-0.000045907,-0.000044851,0.00004582,0.000042442,0.000014543,0.00009289,0.000035697,0.000084321,0.00006009,-0.000020715,0.000019767,-0.000133248,0.000020015,-0.000010787,0.000002407,-0.000052205,0.000012558,0.000022993,-0.000038131,-0.000062681,0.000003604,-0.000002007,0.000097788,0.000015326,0.000043001,0.000018912,0.000068148,-0.000108024,-0.00005779,0.000044525,0.000068381,-0.000058284,0.000015762,-0.000078662,-0.000006926,-0.000059287,-0.00000385,0.000091471,-0.000049081,-0.000022755,0.000168238,0.000096664,0.000058831,-0.000076342,-0.000064175,-0.000083399,-0.000053126,0.000048243,0.000045408,-0.000002686,0.000038622,0.000019601,0.00020082,0.000007724,-0.000349895,-0.000266178,0.000500606,0.00006808,-0.00044235,-0.000050035,0.000038574,0.00012376,0.000060046,0.000019113,0.000058496,0.000137405,0.00007696,-0.000075363,-0.000078176,0.000030378,0.000004909,0.000081026,-0.000001541,0.000114962,0.000133888,0.000268163,-0.000098359,-0.000065307,-0.00007735,0.000034604,-0.000131713,0.000048962,-0.000139887,0.000062774,0.000010639,0.000062284
568.3461914,-0.000045884,-0.000004266,0.000002337,-0.000101464,-0.000016715,0.000036865,0.000018803,0.000015597,-0.000003942,0.000113149,-0.000002503,0.000018056,0.000016942,0.000068467,-0.000008703,0.000069587,0.000032254,0.000057879,-0.000024244,-0.000039977,0.000088151,-0.000046202,0.000089537,0.000048317,-0.000064233,-0.000014087,-0.000072703,0.000054263,-0.000028304,-0.000063144,-0.000084118,0.000029273,-0.000099706,-0.000118127,-0.000053278,0.000080164,0.000022555,0.000014683,-0.000051934,-0.000002277,0.000037606,0.000111537,-0.000050104,-0.000100049,0.000000116,0.000157532,0.000015492,-0.000016406,0.000042865,0.000112119,-0.000140989,0.000038395,0.000143115,-0.00010221,-0.000099293,0.000058264,-0.000054106,-0.000048164,0.000030122,-0.000063453,-0.000044195,-0.000051397,-0.000010035,0.000029582,0.000052752,0.000084647,0.000027105,0.000088973,0.000158678,-0.000267011,-0.000283915,0.000613331,0.000056136,-0.000367015,-0.00012608,0.000022153,-0.000005852,0.000062362,0.000078104,-0.000029541,0.000124107,0.000054785,-0.000126812,-0.000087691,0.000085672,-0.000087616,0.000041484,0.000050324,0.000141621,0.000075198,0.000118856,0.000051835,-0.000028115,-0.00010056,0.000018547,-0.000124827,0.000069515,-0.000064759,0.000007549,0.00014415,0.000062815
568.9345703,0.000024511,-0.000049112,0.00006428,-0.000074342,0.000036019,0.000004187,0.00002235,0.000007242,-0.000058085,0.000087009,0.000096063,-0.000124513,-0.000101179,0.000068473,-0.00013156,-0.000038618,0.00004459,0.000095739,-0.00004784,0.000163096,-0.000065426,0.000045664,0.000002148,0.00008154,-0.000106811,-0.000009445,-0.000077467,-0.000052614,-0.000098659,-0.000093515,-0.000053571,0.000063842,0.000020051,0.000075507,0.000027936,-0.000028166,-0.00002346,-0.00003099,0.000105356,0.000068457,-0.000047028,-0.000038006,-0.000110443,-0.000083231,-0.000111889,0.000032639,0.000097009,-0.000154057,0.000018374,-0.000006875,-0.000053432,0.000013811,0.000026564,-0.000061936,-0.000043136,-0.00000813,-0.000088979,-0.000110152,-0.000113738,0.000021947,-0.000009735,-0.000139228,0.00007574,-0.000054373,-0.000080653,0.000030041,0.00003927,-0.000067357,0.000068263,-0.000368318,-0.000310738,0.000540587,0.000145928,-0.000477184,-0.000134872,0.00000516,0.000015851,0.000012272,-0.000039636,-0.000011902,0.000100778,0.000011416,-0.000050002,-0.000037945,0.00002248,-0.000022302,0.000053703,0.000112304,0.000040313,0.00003582,0.000061642,0.00008088,-0.000011748,-0.000034572,0.00002992,0.000005181,0.000030124,0.000115746,0.00004005,0.000058871,0.000004239
569.5230103,0.000015066,-0.000007645,-0.000032196,0.000067462,-0.000054381,-0.000064972,-0.000037178,-0.000095795,-0.000058547,-0.000118543,-0.000016512,-0.000106218,-0.000070687,0.000033683,0.000000874,-0.000079763,-0.000043251,0.000059623,0.000067146,0.000026998,-0.000084174,0.000043831,-0.000001581,-0.000047232,-0.000101761,0.000067927,0.000065918,-0.000064962,-0.000048726,-0.000080528,-0.00012071,0.000039442,0.000087247,0.000168764,-0.000047486,-0.000081081,-0.000026153,-0.000094211,-0.000041349,-0.000022687,0.000002257,0.000012845,-0.000140222,-0.000052682,-0.000050911,0.00001264,-0.000002536,-0.000146926,0.000007674,0.000054995,0.000050351,0.000074594,-0.000005809,-0.000056688,-0.000036334,-0.000092795,-0.000065173,-0.000010879,-0.00008041,0.000060071,-0.000138682,-0.000011504,0.000169859,-0.000101219,-0.000071211,0.000037475,0.000142049,-0.000060214,-0.000012503,-0.000348038,-0.000386573,0.000562406,0.000090801,-0.000503532,-0.000246995,-0.00009814,0.000120623,0.000153361,0.000059508,0.000232587,0.000081172,0.000166189,-0.00012266,0.000062472,0.000008431,-0.000079036,0.000079754,0.000007001,-0.000017538,0.000023904,0.000153009,0.000015359,-0.000078614,-0.000016155,-0.000002057,0.000036191,-0.000040273,0.000108357,-0.000010584,-0.000048609,0.000027553
570.1115112,0.000011359,0.000026343,-0.000073664,-0.000104922,-0.000095193,-0.000080506,-0.000052495,-0.000070962,-0.000102057,-0.000128402,-0.000020134,-0.000085189,-0.000066254,0.000034601,0.000032757,-0.000123527,0.000096084,0.000069597,0.000066078,-0.00003315,0.000002384,-0.000140186,0.000001552,-0.000054877,-0.000027094,0.000018433,0.00002539,0.000013892,0.000011293,0.000042372,-0.000011536,-0.000119324,0.00003108,0.000049771,0.000000809,-0.000196284,0.000038318,-0.000035167,-0.000071,0.000051834,0.000042366,-0.000022381,-0.000091919,-0.000134044,-0.000062639,-0.000014626,0.000106926,-0.000063665,-0.000056152,0.000121352,0.000081919,0.000009729,0.00005957,-0.000055818,-0.000031329,-0.000138547,-0.000018238,-0.000145389,-0.000026425,-0.000039273,-0.000036485,0.000008831,0.00001819,-0.000109378,-0.000051145,-0.000074175,-0.000035379,-0.000004144,-0.00007123,-0.000313873,-0.000360928,0.000652509,0.000068713,-0.000413711,-0.000206745,-0.000097005,0.000076093,0.000058384,0.000068434,0.00010765,-0.00000906,0.000094664,-0.000153086,0.000003242,0.000016337,-0.000122556,-0.000074824,-0.000051971,-0.000031857,-0.000001657,0.000020187,-0.000034821,-0.000026919,-0.000120424,-0.000037095,-0.000068716,-0.000132491,-0.00005622,-0.000019046,0.0000009,0.000011823
570.7000122,-0.000012953,-0.00006425,0.000021112,0.000008047,0.00001488,-0.000061722,-0.000013782,0.000024584,-0.000084027,-0.000002081,0.00001646,0.000096177,-0.000070633,0.000006697,-0.0000809,-0.000046742,0.000026785,0.00003032,-0.000011612,-0.000009604,-0.000020122,-0.000054297,0.00000383,0.000057957,0.000088048,0.000053546,-0.000085586,-0.000006663,0.000008172,-0.000096744,0.000016066,-0.000056949,-0.000107691,-0.000068046,-0.00000478,-0.000113542,0.000123367,-0.000004788,-0.00000921,0.000128905,-0.000009408,0.00003798,-0.000083415,-0.00007479,-0.000188024,0.00002944,0.000128951,-0.000023494,0.000004062,0.000038892,-0.000069117,-0.000028641,0.000084238,-0.000089008,-0.00008427,0.000007002,-0.000020557,-0.000177668,0.000020779,0.000002018,-0.000134309,0.000046958,0.000088833,-0.000041488,0.000017,0.000008129,-0.000005542,0.00001758,0.000038418,-0.00023049,-0.000387834,0.000671594,0.000118088,-0.000522946,-0.000129312,-0.0001317,-0.000034332,-0.000036636,0.000011425,0.000147424,0.000071153,0.000043765,-0.000199235,-0.000039381,-0.000010755,-0.000033973,-0.000024518,0.000063674,-0.000000371,-0.000035949,0.000113551,-0.000123336,-0.000092643,-0.000122683,0.000031079,-0.000272807,-0.000080845,-0.0000845,0.000065124,-0.000074395,0.000065875
571.2886353,-0.000024093,-0.000030167,0.00005766,-0.000098047,-0.000047979,-0.000062486,-0.000020485,0.000101365,0.000001188,-0.000089922,-0.000002831,-0.000074654,-0.000061696,-0.00001293,-0.000117641,-0.000048407,0.000050661,0.000072188,0.000065675,-0.000009481,-0.000101133,0.000049486,-0.000041533,0.00006279,0.000090762,-0.000004605,-0.000057085,-0.000051562,0.000162023,0.000005114,-0.000052042,-0.00000887,-0.000079296,-0.000088814,0.000002176,-0.000030687,-0.000010981,0.000019089,0.000051304,0.000040871,0.000038693,0.000089114,-0.0000802,-0.000053454,-0.000169536,0.000001425,-0.000089981,-0.000007262,0.000069329,0.000047289,-0.000057909,-0.000041518,0.000035738,-0.000104882,-0.000059436,-0.000024611,-0.000110576,-0.00006124,-0.000092227,0.000082079,-0.000082592,-0.000087633,0.000096538,0.000047956,0.000126466,0.000036891,-0.000053589,0.000037006,-0.000029743,-0.000233503,-0.000382631,0.000814087,0.000272946,-0.000453727,-0.000148821,-0.000020083,0.000023859,0.000018742,0.000045703,0.000060547,0.000098191,0.000008781,-0.000054643,0.000039855,0.000033692,-0.000083063,0.000008261,0.000020643,-0.000023822,-0.000059948,0.00001667,0.000001696,-0.000110801,0.000033622,-0.000015806,-0.000211987,-0.000027552,-0.000082657,0.000084607,-0.000042335,0.000101357
571.8771973,0.000041991,-0.000052064,0.000078984,-0.000028493,-0.000067818,0.000001292,0.000115299,0.000076216,-0.000065375,-0.00001637,0.000000211,-0.000166495,-0.000123115,0.000091094,-0.000174995,-0.000129943,-0.000028199,-0.00000939,0.000063032,0.000075832,-0.000074864,-0.000135547,-0.00007473,0.000018328,0.000158096,0.00002964,-0.000085413,-0.000040127,-0.000045753,-0.000051482,-0.000038427,0.000088354,-0.000048654,0.000147511,0.000078388,0.000002537,-0.000003952,0.000100675,-0.000024737,-0.000081411,0.000029712,-0.000075399,-0.000040234,-0.000069224,-0.000074429,0.000027229,-0.000147537,-0.000048409,0.000086357,0.000015673,0.000067906,-0.000086843,-0.000032979,0.000009992,-0.000100231,-0.000042435,-0.000078679,-0.000022153,-0.000008621,-0.000000028,0.000066328,-0.000046151,-0.000026808,-0.000031876,0.000127818,0.00006037,0.00007213,0.000019828,-0.000120374,-0.000259315,-0.000463014,0.000819532,0.000412913,-0.000297585,-0.000078681,0.000066593,0.000000171,0.000013149,0.000000429,0.000100918,0.000127773,0.000137108,-0.000071757,0.000041503,0.000011897,0.000019557,0.000000234,-0.000135511,0.000028056,-0.000029004,0.000022447,0.000027407,-0.00003352,0.000073913,0.000127737,-0.00008674,0.000075232,0.000032718,0.000012876,-0.000002668,0.000123026
572.4658813,0.000073331,-0.000191874,-0.000027131,-0.000120225,-0.000070487,-0.000093668,-0.000021516,-0.000044073,-0.000114265,-0.000091633,-0.000000056,-0.000152334,-0.000043804,0.000162766,-0.000123012,-0.000190338,-0.000032421,-0.000065584,0.000046337,0.000103258,-0.000125046,0.000057569,-0.000100869,-0.00003276,0.000123684,0.000079289,0.000050918,-0.000086354,-0.000050689,-0.000116844,-0.000132748,-0.000022622,-0.00005445,0.000046095,0.000076116,0.000042257,0.000077251,0.000065559,-0.00009255,0.00001045,0.000004417,-0.000041209,-0.000229331,-0.000000186,0.000001631,-0.000088201,-0.000068308,0.000027318,-0.000035557,-0.000060334,-0.0000418,-0.000059843,-0.000046972,0.000006345,-0.000137917,-0.000004009,-0.000008872,-0.000111827,0.000022985,-0.000031288,-0.000009766,0.000002653,-0.000130979,-0.000067883,0.000121412,-0.000050873,0.000088095,-0.000083291,-0.000028687,-0.000256536,-0.000393489,0.000693008,0.000152386,-0.000463117,-0.000149317,-0.000123309,-0.000015504,-0.000052367,-0.000047899,0.000113473,0.000116318,0.000044387,-0.000036571,0.000048683,0.000029402,-0.000028728,0.000045004,-0.000067858,0.000057496,0.000040904,-0.000042979,-0.000067368,-0.000041298,-0.000019841,-0.00004421,-0.000028144,0.000006522,0.00007227,-0.000045279,0.000110422,0.000091593
573.0545654,-0.000017235,-0.000059063,0.000032318,-0.000022538,-0.000043863,-0.000047633,-0.000135795,-0.000056316,-0.000048123,-0.000032873,0.000019334,-0.000163651,-0.000143212,-0.000028205,-0.000003934,0.000030615,-0.000093284,-0.00000593,0.000094777,0.00003006,-0.000047773,-0.000085276,-0.00006067,-0.000034279,0.000027723,0.000004417,-0.000043997,-0.000013013,0.000109766,0.00004237,-0.000117399,-0.000016661,-0.000043086,-0.000049659,0.000053359,-0.000001343,0.000042057,0.000035736,-0.000055439,-0.000018098,0.000045787,-0.000025285,-0.000042016,0.000036045,-0.000048991,-0.000002339,0.000012417,0.000040518,-0.000066597,-0.000055694,-0.000003448,0.000004444,-0.000140641,-0.000113915,-0.000113186,-0.000092393,0.000036865,-0.000073098,-0.000079317,-0.00000879,-0.000038888,-0.000032597,0.000023245,-0.000017888,0.00014815,-0.000011628,-0.000016389,-0.000082873,0.00000381,-0.000147506,-0.000355194,0.000762958,0.00003428,-0.000535373,-0.000107866,-0.000027991,-0.000031605,-0.000074041,-0.000036477,0.000090963,0.000002882,-0.000011996,0.000036336,-0.000065637,-0.000018716,-0.000038787,0.000004587,-0.000043554,-0.000038028,-0.000039157,0.000035712,-0.000089124,-0.000020168,0.000048182,-0.000024791,0.000080192,-0.000069138,-0.000124933,0.000001355,0.000056558,0.000088174
573.6433105,-0.00001444,0.000086642,0.000004468,0.000129137,-0.000120251,-0.000022799,-0.000065428,-0.000015747,-0.000112073,-0.000005941,0.000048756,-0.000141579,-0.000035957,0.000007005,-0.000026103,-0.000018412,-0.00003482,0.000034974,0.000039584,0.000086567,-0.00002776,-0.000089171,0.000006663,0.000130021,-0.000001034,-0.000006504,-0.000067065,-0.000035192,0.000040541,-0.000030974,-0.000022398,-0.000112611,-0.000050455,-0.000088099,-0.000140514,0.000019585,-0.000015959,0.000041932,0.000071019,0.00004046,-0.000045725,0.000114136,0.000058073,0.00003919,0.000036806,0.00002554,-0.000008392,0.000029107,-0.000062547,-0.000051886,-0.000037113,0.00002324,-0.000029812,-0.000145507,-0.000116235,0.000090169,-0.00001817,-0.000106797,-0.00004589,-0.000028331,-0.000117729,-0.000021006,-0.00001058,-0.000089975,0.000105397,0.000032871,-0.000064591,0.000024927,0.000026943,-0.000158934,-0.000355404,0.000967048,0.000161996,-0.000392786,0.000043962,0.000092576,-0.000007854,-0.000125684,-0.000097248,0.000166865,0.000061558,0.000067634,-0.000126936,-0.000048492,0.000090249,-0.000077638,-0.000087154,-0.000041826,-0.000071986,0.00014019,0.000114142,-0.000028207,0.000007075,-0.000063163,-0.00000033,-0.000051936,-0.000101623,-0.000184185,0.000066989,-0.000070166,0.000056917
574.2321167,-0.000115878,0.000092564,-0.000073354,0.000007454,-0.00000786,-0.000115278,-0.000015034,0.000069872,-0.000174311,-0.000071709,-0.000091455,0.000001881,0.000064119,-0.000003267,-0.000103562,-0.000012492,0.000002127,-0.000047815,0.000030072,0.000064482,-0.000112252,-0.000050423,-0.000052118,0.000107077,0.000012779,-0.00001707,-0.000141906,-0.000068784,0.000023116,-0.000060532,0.000029707,-0.000088952,-0.000068531,0.000026524,-0.00007661,0.000016811,-0.000075586,0.000076507,-0.00004493,0.000073118,-0.000013764,0.000045285,-0.000056382,-0.000039049,0.000032965,0.000040935,-0.000127396,0.000058144,-0.000045386,0.000010598,-0.000116653,0.000090111,-0.000022895,-0.000036901,-0.000129567,-0.000043305,-0.000030678,-0.000018822,0.000033176,-0.000056022,-0.00008108,-0.000020378,-0.00000755,-0.000097108,-0.0000331,-0.000032226,-0.000013184,0.000028278,0.000003206,-0.000287302,-0.000509068,0.00107332,0.000257391,-0.0002666,-0.000061035,-0.000032009,-0.000062508,-0.000156096,-0.000074686,0.000115204,0.000142495,0.000002838,-0.000158216,0.000046155,0.000056692,-0.00004366,-0.000006114,-0.000031172,0.000011947,0.000148774,0.000041314,0.00002857,0.00000656,0.000023991,-0.000013529,-0.000108342,-0.000101638,-0.000067696,-0.000030225,0.000119291,0.000024965
574.8209229,-0.000128066,0.000055553,0.000069251,-0.000066282,-0.000089848,-0.000110968,-0.00000007,0.000044979,-0.00010199,-0.000020398,-0.000120604,0.000055196,0.000059103,-0.000019262,-0.000093624,-0.000056854,0.000015715,-0.00009051,0.000085241,0.00008981,-0.000089164,-0.000123581,0.000057388,-0.00006359,0.000087614,-0.000049894,-0.000134177,0.000030918,-0.000073959,-0.000090489,0.000019315,-0.000006714,-0.00007202,0.000045908,-0.000127447,-0.000043208,-0.000061638,0.000068592,-0.000085367,0.000055917,-0.000055124,-0.000031232,-0.000024084,-0.000137885,0.000011935,-0.000045338,-0.00006713,-0.000025213,0.000049084,0.00003763,0.000031444,-0.000142998,-0.00001982,-0.000079285,-0.000027853,0.000019009,-0.00005673,-0.000009408,-0.0000988,-0.000042151,-0.000127433,0.000015986,-0.000003351,0.000042961,0.000010105,-0.000001555,-0.000001829,0.000007611,-0.000106069,-0.000266041,-0.000601151,0.00086195,0.000286752,-0.000345418,-0.000109712,0.000044613,-0.000108211,-0.000052783,0.000001533,0.000069228,0.000146491,0.00009331,-0.000034368,0.000017136,0.000132362,-0.000054713,-0.000007112,-0.000011844,0.000039521,0.000062584,0.000069427,0.000008732,0.000011512,-0.00002905,0.000188391,-0.000039185,-0.000134935,0.000005345,-0.000019304,0.000039916,0.000025203
575.40979,-0.000123591,0.00003994,-0.000007268,-0.000042105,-0.0001414,0.000026726,-0.000029309,0.000007352,-0.000059637,0.00007712,0.000005233,0.000022749,0.000115298,0.000066787,-0.000013247,-0.000102156,0.000074898,0.00002649,0.000173025,-0.000066478,0.000075591,-0.000002755,-0.000015705,0.000036463,0.000078766,-0.000012963,-0.000055539,-0.000150294,-0.00000894,0.000023392,-0.000041855,-0.00005547,0.00000136,0.000041275,-0.00008601,-0.000060783,0.000069481,0.000072425,-0.00006619,0.000004557,-0.00007798,-0.000131237,-0.000054613,-0.000036703,-0.000002858,0.000043786,-0.000026065,0.000040609,0.000029669,0.000107445,-0.000017046,-0.000047404,-0.000065482,-0.000046787,0.000005937,-0.000017678,-0.000040553,0.000004435,-0.00012969,0.000053421,-0.000113654,0.000019527,-0.000082645,0.000081366,0.000138985,-0.000101696,0.000137098,-0.000016121,0.000000248,-0.000229447,-0.000471713,0.000905785,0.000145194,-0.000305671,-0.000097127,0.000004725,-0.000096334,-0.000068819,-0.000029675,0.000064716,0.000050367,0.000104477,-0.00000597,0.000021638,0.000116467,-0.00000062,-0.000035706,-0.000068342,0.000097191,-0.000041272,0.000071102,0.000006398,-0.000042019,0.000096559,-0.000032662,-0.00002956,-0.000127548,0.000021784,0.000052995,-0.000038078,0.000068472
575.9986572,-0.000029909,0.000024344,0.000021645,-0.000024388,-0.000180694,0.000005603,-0.000011695,0.000049487,-0.00016221,0.00015821,0.000026349,-0.000003914,0.000014424,0.000071002,0.000000106,0.000075268,0.00001374,-0.000004853,0.000114894,0.000018739,0.00007617,-0.000045755,-0.000094335,0.000162654,0.00004749,-0.000056824,-0.000044464,0.000041023,0.000089242,0.000051544,0.000041143,-0.000086609,-0.000097426,0.000027132,0.00012484,0.000044826,0.000029919,0.000087613,-0.00001178,0.000028452,0.000027483,-0.000016649,0.000074404,0.000029479,-0.000030681,0.000068554,-0.000060099,0.000035043,0.000082334,0.000145174,0.000010123,0.000012879,-0.000120514,-0.000039979,0.000033941,-0.000053127,-0.000013228,-0.000101249,-0.000071974,0.000014866,-0.000065437,0.000046365,0.000070748,-0.000034979,0.000156597,0.000005197,-0.000046748,-0.000077732,0.000052667,-0.000090424,-0.000335525,0.001108253,0.000210619,-0.000380278,-0.000109114,0.000038371,-0.000062484,-0.000092997,0.000012197,0.000076066,0.00010652,0.000126323,0.000048126,0.000042733,0.000024023,0.000020389,-0.000073854,-0.000006924,0.000025161,-0.000034088,0.000049179,-0.000005267,0.000079802,0.000135729,0.000083136,0.000011549,-0.000013277,-0.000061888,-0.000026561,-0.000008634,0.000136889
576.5876465,-0.000080201,0.000033703,0.000050636,-0.000014561,-0.000044465,-0.000016949,-0.000034011,-0.000009636,-0.000145038,-0.000000262,-0.000014158,0.000051286,-0.000007091,0.000057584,-0.000063167,-0.000029584,0.000012666,0.000032024,0.000148267,0.000123578,0.000086752,0.000005145,-0.00003798,0.000037931,0.000142359,0.00003464,-0.000100601,0.000001375,0.000037765,0.00000016,0.000066708,-0.00014958,-0.000180353,-0.000120734,-0.000005368,0.000041866,-0.000053343,-0.000000363,0.000018256,0.000009533,0.000145009,0.000054665,0.000053797,-0.000036042,-0.000016989,0.00004024,0.000033457,-0.000008078,-0.000078566,0.000109547,-0.000036962,-0.000113223,-0.000018307,-0.000121229,-0.000137397,0.000065797,-0.000042302,-0.000100247,-0.000056713,-0.000011322,-0.000003946,-0.00006988,0.000119948,0.000068411,-0.000014052,0.000007753,-0.00005161,-0.000028424,-0.000043173,-0.000204046,-0.000467706,0.001005278,0.000297713,-0.000359025,-0.000050557,0.000118361,-0.000047341,-0.000158932,-0.00001284,0.000125639,0.000078148,0.000066606,-0.000039018,0.000144187,0.000107698,-0.000089506,-0.000160433,-0.000044008,-0.000026903,-0.000004956,0.000131229,0.000048818,0.000006127,0.000041426,0.000088179,0.000023466,-0.000037147,-0.000275253,-0.000095707,0.000006125,0.000016732
577.1766357,-0.000218633,0.000067803,0.000013684,-0.000148134,-0.000087409,-0.000037323,-0.000083792,0.000091604,-0.000082812,0.00000851,-0.00003787,-0.000128274,-0.000014317,-0.000128305,-0.000084526,-0.000066748,-0.000016305,0.000003624,-0.000053724,0.000096056,0.000003767,-0.000002752,-0.000093801,-0.000023493,0.000103527,0.000096693,-0.000147253,0.000035891,-0.000046783,-0.000116416,-0.000006438,-0.000123742,-0.00015797,-0.000106256,-0.000103222,0.000024829,-0.000032801,-0.000020143,0.000066944,-0.000043498,0.000115687,-0.000008987,-0.000103665,-0.000127722,-0.000037608,-0.000028131,0.000082415,0.000047856,-0.000057916,0.000050497,-0.000133548,0.000020819,-0.000056274,-0.000119261,-0.000131491,0.000056635,-0.000094988,-0.000041452,-0.000011839,0.000033098,-0.000013395,0.000079635,0.000008076,-0.000038637,-0.000006841,-0.000017804,-0.000060837,0.000037648,-0.000209853,-0.000332226,-0.000474659,0.001141534,0.000363154,-0.000115913,-0.000100892,-0.000010851,-0.000014743,-0.000042106,-0.000163562,0.000052459,0.000031071,-0.000080457,0.000003141,0.000173671,0.000102349,-0.000040767,-0.000067752,-0.000000711,-0.00005208,-0.000003717,0.000027189,0.00011349,0.000068982,0.000015042,0.000077573,-0.000009735,-0.000030659,-0.000094239,-0.00002504,-0.00004025,0.000002693
577.765625,-0.000081239,-0.000016275,-0.000015591,-0.000128286,-0.00009207,-0.000041647,0.000105703,-0.000070861,0.000034787,0.00006374,-0.000060352,-0.000136358,-0.000011631,-0.000032151,-0.000049737,-0.000070288,-0.000070827,-0.000040677,0.000003441,0.000079197,0.000080364,-0.000128579,-0.000125653,-0.000015598,0.000070133,0.000072514,-0.000095706,0.000075857,-0.000116126,-0.000117619,-0.000086306,0.000000131,-0.000041316,0.000059951,-0.000016222,-0.000036445,-0.00003949,0.000044097,0.000066114,-0.000126101,-0.0000267,-0.00005569,-0.000074879,-0.000039404,-0.000158119,-0.000048986,-0.000004566,-0.000026878,0.000010099,0.000043396,-0.000025637,-0.000032122,-0.000121595,0.000023016,-0.000084522,0.000018497,0.000007392,-0.000069903,-0.000156577,0.000138457,0.000058973,0.000036945,-0.000000401,-0.000056391,-0.000001413,-0.00005089,-0.000005825,0.000010385,-0.000186998,-0.000224042,-0.000439286,0.001188765,0.000341352,-0.000217864,-0.000067909,0.00004276,-0.000056739,-0.000103542,-0.000248032,0.0000977,0.000030142,0.000132993,0.000068059,0.000116199,0.000035226,-0.000098992,-0.000047855,-0.000022532,-0.000002672,0.000064708,0.000055804,0.000040919,0.000026692,-0.000019316,0.00004951,-0.000004401,-0.000087437,-0.00003359,0.000043409,-0.000078194,0.000019466
578.3547363,-0.000025635,-0.000035564,0.000029565,-0.000087516,-0.000038879,-0.000084467,-0.000005878,-0.000005838,0.000013418,0.000118261,-0.000040526,0.000092546,-0.000087221,0.000001864,-0.000066698,0.000048651,-0.000084547,-0.000046966,0.00003301,0.000027668,0.000101989,-0.000018927,-0.000102582,0.000007424,0.000009332,0.000015759,0.000010936,-0.000023524,0.000012934,0.000050352,-0.00005014,-0.000010364,0.000046926,0.000007344,-0.000043638,0.000014143,-0.000005339,0.000033594,-0.000021429,-0.000065111,0.000068478,0.000059177,-0.000002554,-0.000002006,-0.000110772,0.000022378,-0.000011691,-0.000032911,0.000040041,-0.000006453,-0.000076806,0.000031328,-0.000011331,-0.00011794,-0.000110368,-0.000030008,-0.000009501,-0.000056796,-0.0000693,0.000092066,0.000005422,0.000026839,0.000005532,-0.000039429,0.00014529,-0.000052389,0.000062419,-0.000065353,0.000019327,-0.000212749,-0.000442393,0.001143754,0.000318445,-0.000208082,0.000033597,0.000076378,-0.0000989,-0.000046172,-0.000080324,0.000035951,0.00006989,0.000052538,0.00015585,0.000032605,0.000058608,0.000036144,-0.000048063,-0.000156991,-0.000184587,-0.000016105,-0.000041428,0.00004682,0.000089094,0.00008342,0.000006844,0.000088341,-0.000004281,-0.000113281,0.000004518,-0.000001606,0.000002462
578.9438477,-0.000055989,0.000018463,-0.000008254,-0.000147933,-0.000100591,-0.000027506,-0.000043027,-0.00002572,-0.000067716,0.000000619,0.000038501,-0.000025678,-0.00000469,-0.000056345,0.00000897,0.000076885,-0.000168762,-0.000091858,0.000123961,0.000060012,0.000134567,-0.000012171,-0.000011887,0.000056025,0.000023104,-0.000074904,0.0000416,-0.000130018,0.000086048,0.000061309,-0.000078811,-0.00001337,0.000020244,0.000066506,-0.000021947,-0.000022156,0.000015227,0.000070224,0.000004285,0.000033675,0.000099515,-0.000036785,-0.000092517,-0.000043385,-0.000107909,-0.000024191,-0.000098481,-0.000064174,0.000052625,0.00002558,-0.000012183,0.000019046,0.000060238,-0.000261429,-0.000064369,-0.000001287,0.000072932,-0.000052014,-0.000027248,-0.00001037,-0.000027296,-0.000096558,0.000033422,-0.000017835,0.000212784,-0.000079803,-0.000023889,0.000032175,0.000057216,-0.000137569,-0.000330997,0.001112735,0.000309136,-0.000136071,0.000013477,0.000123317,-0.000046535,-0.000127623,-0.000097412,-0.000005565,0.000095086,0.000081301,0.000063419,-0.000055261,0.000017285,0.000059933,-0.000100736,-0.000047833,-0.000117821,-0.000046649,0.00009387,0.000018082,0.000036973,0.000066243,-0.000065154,0.000182359,-0.000031388,-0.000054241,0.00000231,-0.000114183,-0.000073691
579.532959,0.000012049,-0.000130158,0.000056658,-0.000123275,-0.000108106,0.000042995,-0.000008639,-0.000084677,0.000006092,-0.000021835,0.000067462,-0.000001211,0.000008175,0.000095611,-0.00001969,-0.000041507,-0.000116622,-0.000037178,-0.000002042,0.000042612,0.00014078,0.000040741,-0.000030785,0.000028644,0.000101602,-0.000068334,-0.000060902,-0.00000831,0.000052592,0.000008048,-0.000049703,-0.000057333,-0.000067301,-0.000040389,-0.000024745,0.000111391,-0.000006294,-0.000012701,-0.00002188,0.00000798,-0.00002734,-0.000085845,0.000019162,-0.000037413,-0.00007573,-0.000015327,-0.000132608,0.000089658,-0.000036226,0.000104328,0.000007789,-0.000041147,0.000102734,-0.000217027,-0.000060568,0.000079059,-0.000074426,-0.000083779,-0.000095615,0.000006206,0.000092756,-0.000022882,0.000012497,-0.000059774,-0.000036391,0.000010133,-0.000006472,0.000036665,0.000050069,-0.000108294,-0.000388375,0.001291809,0.000321843,-0.00014439,0.000003492,0.000076846,0.00002752,-0.000223672,-0.000121934,0.000051726,0.00004612,-0.000012109,0.000087535,0.000160269,0.000125308,0.000023612,-0.000060318,0.000002768,0.000010254,-0.000052252,-0.000021007,0.000038,-0.000006459,-0.0000041,0.000064903,0.000040449,-0.000070017,0.0000852,0.000003532,0.000019342,-0.000072181
580.1221924,0.000006648,-0.00007239,-0.000067202,-0.000038297,-0.000095582,-0.000060871,0.000007768,-0.000002607,0.000022517,0.000175334,0.000046696,0.00002437,-0.000064638,0.000066694,-0.000109027,-0.000039588,-0.000169803,0.000090182,-0.000060142,0.0000128,0.000099206,0.000097764,-0.000105151,-0.000054435,0.000052412,0.000006446,0.000003214,0.00000949,-0.000016536,0.000066356,0.00004342,0.000029885,-0.00000397,0.000003214,0.000001785,0.000101918,0.000021213,0.000050307,-0.000002086,-0.000084683,-0.000054855,0.000025676,0.00005942,0.000004484,-0.000089609,0.000084891,-0.000250577,0.000116895,0.000050594,-0.000007706,-0.000088081,0.000073663,-0.000012518,-0.000192511,-0.00015249,-0.000056024,-0.000001669,0.00008518,-0.000152677,-0.000016819,0.00006211,0.000089136,-0.000006361,-0.000082915,0.000051867,0.000052376,0.000062986,0.000009784,-0.000061177,-0.000202037,-0.000412015,0.00134108,0.000277763,-0.000222039,-0.000101439,0.000063151,-0.00010041,-0.000121641,-0.000030333,0.000039723,0.000077285,0.000034569,0.000145184,0.000151712,0.000171721,0.000002965,0.000188255,-0.000009138,-0.000091333,0.000007415,-0.000062351,0.000032756,0.000008814,0.000064031,0.000130702,0.000043286,-0.000087447,-0.000023332,0.000116771,0.00008274,-0.000071504
580.7114258,-0.000076563,0.000033273,-0.000000916,-0.000070783,-0.000122765,-0.000097368,-0.000061581,0.000101599,0.000068854,0.000083974,-0.000077731,-0.000014234,-0.000011709,-0.000010398,-0.000239792,-0.000080598,-0.000135841,0.00002496,-0.000010334,-0.000044271,0.000085309,0.000109305,0.000035188,-0.000136995,0.000059461,-0.00004418,-0.000097678,-0.000109097,-0.000126673,-0.000094049,-0.000083605,-0.000076356,-0.000022385,0.00000203,0.000061453,-0.000046019,-0.000023079,-0.000001218,0.000037422,0.000061616,0.000010047,-0.000009764,-0.000072564,-0.000063177,-0.000090278,0.000019203,-0.000112394,-0.000001619,-0.000008202,-0.000170538,-0.000025081,-0.000057586,-0.000003159,-0.000090812,-0.000082284,0.000054433,-0.000118388,-0.000077214,-0.000126324,0.000006912,0.000053104,0.000002341,0.000017094,-0.000076189,0.000052341,0.000029885,-0.000039849,-0.000069612,-0.000088705,-0.000226436,-0.000337976,0.001370267,0.000395845,-0.000215396,-0.000099189,0.000216104,-0.000031801,-0.000152402,-0.000231555,0.000043293,0.000055808,-0.000016186,-0.000005338,0.000127562,0.000215027,0.000051589,-0.000046241,-0.000078035,-0.000159637,-0.00002377,-0.000000243,-0.000032178,0.000047914,0.000145994,0.000043938,0.000058409,-0.000031138,-0.000082766,-0.000039639,0.000058629,-0.000043067
581.3007202,-0.000031996,-0.000143436,-0.000066871,-0.0000921,-0.00013519,-0.0001502,0.000002979,-0.000019761,-0.000123699,-0.000095906,-0.00001842,-0.000099413,-0.000140361,0.000007603,-0.000114644,-0.000013682,-0.000186824,-0.000036992,-0.000023547,-0.000107258,0.000035305,0.000015154,-0.000136315,-0.000094417,0.000042294,0.000014555,-0.000081889,-0.000141422,-0.000048711,-0.000051208,-0.000074039,-0.000148847,-0.000108548,0.000059751,-0.000130845,-0.000019754,-0.000033468,0.000100608,-0.000138354,-0.000001124,0.000059876,0.000004705,-0.000064348,-0.000029308,-0.000096681,0.000049685,-0.000086005,-0.000009835,-0.000115255,-0.000023315,0.000022977,-0.0000426,0.000005029,-0.00003951,-0.000025356,0.000034107,0.000019006,-0.000057166,-0.000085303,-0.000086599,-0.000016528,-0.000064021,-0.000006067,-0.000011633,0.00014595,0.000017982,0.000012327,-0.000149548,0.00002449,-0.000292731,-0.000387899,0.001295537,0.000374724,-0.000122857,0.000050165,0.000101014,-0.000093173,-0.000078094,-0.000195574,-0.000033323,-0.000033201,-0.000017329,0.000024066,0.000100891,0.000091175,-0.000005342,0.00006608,-0.000172627,-0.000016855,0.000004352,0.000041876,-0.000065575,0.000037369,0.000022903,-0.00007924,0.000005663,0.000002385,-0.000001982,-0.000035736,-0.000017731,-0.000026165
581.8900146,0.000028528,-0.000112634,-0.000088129,-0.000171781,-0.000138915,-0.00013673,-0.000104248,0.00000136,-0.000123281,0.000108876,0.000082514,-0.000054374,0.000015652,0.000016916,-0.000092208,0.000005513,-0.000183061,-0.000022552,0.000024571,-0.000046522,0.000096647,0.000004782,-0.000120416,0.000029448,0.000105718,-0.000029457,0.000054938,-0.00009025,0.00008043,0.000088301,0.000042115,-0.000105343,-0.000118911,-0.000009496,-0.000132717,0.000002976,-0.000005796,0.000117043,0.000026757,-0.000046426,0.000054801,-0.000060334,-0.00006284,-0.000033186,-0.000114638,0.000035057,-0.000008387,-0.000017911,-0.000008714,0.000178336,-0.000020805,-0.000051757,0.00018799,-0.000042023,-0.000034949,-0.000046666,-0.000005862,0.000042927,-0.000069483,0.000019233,0.000013958,0.000085819,0.000043202,-0.000037516,0.000052181,-0.000067635,0.000028577,-0.00006715,-0.000020858,-0.000161004,-0.000432144,0.001411935,0.00035776,-0.000076358,0.000129765,0.000170542,-0.00007436,-0.000058619,-0.00014505,-0.000051923,-0.000031105,-0.000004512,0.000002789,-0.000061073,0.000042582,-0.000002731,-0.000015371,-0.000049726,-0.000054038,-0.000068085,-0.000020885,-0.000032558,-0.000082018,0.000049903,-0.000090123,0.000017055,-0.000000193,-0.000129304,-0.000059669,-0.000019381,0.000037952
582.4793701,-0.000041056,-0.000101245,-0.000132879,-0.000182267,-0.000042272,-0.000008937,-0.000179682,0.000044405,0.000040078,0.000036678,0.00005486,0.000052616,-0.000073012,0.000068848,-0.000082523,-0.000103515,-0.000157169,0.000101093,0.000035042,-0.000029646,0.000045236,0.000014485,-0.00004346,-0.000034004,0.000180866,-0.000030043,-0.000084564,-0.000042298,-0.000003286,0.000062389,0.00003718,-0.000109508,0.000029787,-0.000191189,-0.000090135,-0.00002414,-0.00004949,0.000109795,0.0000461,0.000038292,0.000139074,-0.000144968,-0.000080371,0.000030078,-0.000055451,0.000046403,-0.000021328,-0.000066493,-0.000068937,-0.000016756,-0.000081856,-0.00006979,0.000024759,-0.000045538,-0.00001076,0.000081659,-0.000032105,-0.000061858,-0.000052931,-0.000098097,-0.000031594,0.000171152,0.000053172,-0.0001655,-0.00001829,-0.000022359,-0.000005327,-0.000109741,-0.000056724,-0.000113113,-0.000404939,0.001403886,0.000404387,-0.000037597,0.000134443,0.000140221,0.000022407,-0.000066381,-0.000145311,-0.000071192,-0.000006451,0.000090283,0.000022309,0.000077979,0.000065459,0.000029784,-0.000059752,-0.000042884,0.000077035,-0.000074789,-0.000021944,-0.000082971,-0.000057431,0.000090654,-0.000018906,-0.000038416,-0.000005756,-0.000113915,-0.000005605,-0.000044046,0.000052205
583.0687866,-0.000116164,-0.000183441,-0.000182841,-0.000059981,-0.000169485,-0.00011663,-0.000147501,-0.000085481,0.000008092,0.000010255,-0.000017004,0.000040821,-0.000047329,0.00008654,-0.0000642,-0.000036746,-0.000026527,-0.000112622,0.000062673,-0.000045056,-0.00002062,-0.000083719,0.000004748,0.000010291,0.000113324,0.000001984,-0.00010116,-0.000050876,-0.000064485,-0.000174808,0.000002017,0.000028277,-0.000054387,-0.000112058,-0.000079778,-0.000026351,0.000004703,-0.000006716,-0.00008957,-0.00010883,0.000051417,-0.000074593,-0.000001284,-0.000132513,-0.000119322,0.000037528,-0.000028423,0.000006178,-0.000014317,-0.000099711,-0.000114095,0.00003942,-0.000068471,-0.000173577,-0.000057127,-0.000085504,-0.000015744,-0.000030729,-0.000036864,-0.00006228,0.000033921,-0.000054424,-0.000038389,-0.000028248,0.000020788,0.000039531,-0.000024851,-0.000113237,-0.000100531,-0.00014526,-0.000449857,0.001312283,0.000401352,-0.000122196,-0.000008546,0.000039485,0.000036784,-0.000116971,-0.000108002,-0.000027703,0.000041202,0.000026459,0.000138761,0.00025,0.000148208,0.000060947,0.000103322,-0.000069241,0.000026736,-0.000051305,0.000000612,-0.000119431,0.000012237,0.000024186,0.000073054,-0.000031839,0.000056101,0.000016169,-0.000052788,-0.000031299,-0.000081332
583.6582642,-0.000096836,-0.000106488,-0.000170205,-0.00008987,-0.000115907,-0.000151462,-0.000020326,0.000114719,0.000007653,0.000093254,-0.000008568,0.00005535,0.000083052,0.000003441,-0.000168091,-0.000041438,-0.000085108,-0.000095375,-0.000079998,-0.000143689,0.000020209,-0.00005768,-0.000027038,0.000003271,0.000084085,0.000053462,-0.000076773,-0.000172332,0.000029102,-0.00012599,-0.000078646,-0.000103163,0.00002383,0.000036058,-0.000025376,0.000012699,0.000044723,-0.000057131,-0.000015556,-0.000123738,-0.000039032,-0.000071752,-0.000067165,-0.00007983,-0.000159632,-0.000026389,-0.000001075,-0.000054943,0.000115518,-0.000023448,-0.00012405,-0.000057772,-0.000015546,-0.000190999,-0.000044492,0.000011183,-0.000142659,0.000045306,-0.000056946,0.000026502,-0.000062086,-0.000032326,-0.000028231,-0.000021292,0.000059772,-0.000059242,-0.000102973,-0.000121725,0.000019038,-0.000129762,-0.00043031,0.001293936,0.000491754,-0.000066112,0.000040166,0.000188113,0.000116156,-0.000192518,-0.000076964,-0.000030718,0.000035639,-0.000044601,0.000067731,0.000211614,0.000262931,0.000048046,0.000007023,0.000022166,-0.000041488,-0.000126903,-0.000162234,-0.000119268,0.000029738,-0.000057884,0.000043659,0.000081522,0.000040555,0.000129363,0.000033143,0.000013723,-0.000090456
584.2477417,-0.000067665,-0.000136096,-0.000054398,-0.000028762,-0.000173877,-0.000108577,-0.00007026,0.000061185,-0.000086232,0.00007078,-0.00008806,-0.000011508,0.000011532,0.000032287,-0.000068501,-0.000042407,-0.000125937,-0.000011361,-0.000048826,-0.000014739,0.000014244,0.0000307,-0.000157501,0.000097817,0.000121087,-0.000052829,-0.000068661,-0.000157505,0.000112527,-0.000050608,-0.000108984,-0.000127667,0.000031013,0.000043521,-0.000017684,0.000061214,-0.00002528,-0.000126781,-0.000060491,0.000008115,-0.000043945,-0.000082416,-0.000050664,-0.000023319,-0.000084537,0.000033708,-0.000017424,0.000083591,0.000053863,-0.000061736,-0.000019255,-0.000090563,-0.000080533,-0.000196157,-0.000028054,0.000116624,0.000044602,-0.00000006,-0.000090548,0.000041563,-0.000031668,-0.000008494,-0.000036455,0.000058499,0.00010629,-0.00005548,-0.000007722,-0.000103418,0.000073473,-0.000010791,-0.000442638,0.001371301,0.000436697,-0.000033279,-0.000043194,0.000207863,0.000060076,-0.000146123,-0.000239493,0.000123331,-0.000022388,-0.000110961,0.000086828,0.000148515,0.000150412,0.000043934,-0.00005997,-0.000066301,-0.000084908,0.000062518,-0.000014152,-0.000139487,-0.000032394,-0.000022247,-0.000055301,-0.000032512,0.000056505,-0.000082201,-0.000031629,0.000028525,-0.00017655
584.8372803,-0.000002199,-0.000021242,-0.000085813,0.000013406,-0.00016737,-0.000028341,0.000007943,0.000013614,-0.000072293,0.000190063,-0.000024724,-0.000103256,-0.000001512,0.000046672,0.000002637,-0.000035208,-0.000030357,-0.00005217,-0.000012546,-0.000030985,0.000168067,-0.000008675,0.000027138,0.000153994,0.000074741,-0.000104674,-0.000124866,-0.000042682,0.000045653,0.000070225,0.000036439,-0.000116616,-0.00002429,-0.000032941,-0.000017316,-0.000067129,0.000031195,0.000136771,0.000037446,0.000020898,0.000097446,-0.000036721,0.000021691,0.000024775,-0.000094714,0.000148945,-0.000077536,0.000076204,0.000037725,0.000159896,-0.000067529,0.000022718,0.000009321,-0.000152179,0.000035115,0.000055884,0.000112134,0.000134465,-0.000010024,0.000079954,-0.000049614,-0.000021696,-0.00003781,0.000009167,0.000121608,0.000019045,-0.000047603,-0.000084084,0.000068225,0.000016484,-0.000256472,0.001335903,0.000275446,-0.000149902,0.000034213,0.000134053,0.000018191,-0.000183813,-0.000087973,0.000101072,-0.00004306,-0.000113791,0.000019773,0.00014878,0.000100411,0.000112903,-0.000020226,0.000001316,-0.000021857,0.000033406,-0.000055013,-0.000164907,0.000085785,-0.000005212,-0.000028378,0.000089649,0.000019961,-0.000047329,-0.000006727,0.00001432,-0.000161236
585.4268188,-0.000004804,0.000001075,-0.000072005,-0.00007809,-0.000156588,0.000110826,0.000087762,0.000080678,-0.000061255,0.000044006,0.00012996,-0.000020496,0.000043283,-0.000002198,-0.000087107,0.000087772,-0.000096198,-0.000116826,0.00005035,-0.00001028,0.000084523,-0.000028658,0.000057825,0.000021705,0.000155144,0.000018878,-0.000094681,-0.000011833,0.000027047,-0.000023305,0.000053397,-0.000002453,-0.000020646,0.000046034,-0.000152717,0.000080217,0.000055963,0.000009196,-0.000029842,0.000001679,0.000041395,-0.000058744,-0.000017853,-0.00001535,-0.000081947,0.000047782,-0.000091071,0.000125588,-0.000006755,0.000000541,-0.000063607,0.000075746,0.000021651,-0.000125577,-0.000090165,-0.000045615,-0.00000738,0.000064544,0.000069711,0.000011498,0.000006478,0.000115918,0.000025206,-0.000050291,-0.000008923,0.000033914,-0.00008333,-0.000027043,0.000145016,-0.000042567,-0.000290891,0.001271671,0.000177965,-0.000190285,-0.00005725,0.000081873,-0.000012674,-0.000149351,-0.000148559,0.00004808,-0.000063127,-0.000056721,0.000065207,0.000109751,0.00012733,0.000131713,0.000079309,-0.000038483,0.000015393,-0.000028854,-0.000054337,-0.000114514,-0.000040071,-0.000106823,0.000106391,-0.000007189,-0.000063739,-0.000013277,-0.000015008,0.00003785,-0.000056287
586.0164185,-0.000094771,0.000017332,0.000060005,-0.000143599,-0.000082829,-0.000095452,-0.000019694,0.000081913,-0.000176218,0.000057645,-0.00012353,0.000079875,0.000040045,0.000036278,-0.000182602,-0.000077821,-0.00003569,0.000000783,-0.000019017,0.000039199,0.000021432,-0.000069952,-0.000062299,-0.000034954,0.000055611,0.000020948,-0.000028774,0.000028009,0.000078422,-0.000121391,0.000051134,0.000013595,0.000011695,0.000095301,-0.000082134,0.000079305,0.000042556,-0.000061017,-0.00002575,-0.000078054,-0.000029887,-0.000144853,-0.000086799,0.000034364,-0.000078495,0.000056832,-0.000154226,0.00007417,0.000038029,-0.000048103,-0.000154412,-0.000117803,-0.000084646,-0.000147131,-0.000055353,-0.00012424,-0.000060841,-0.000005453,0.000001348,-0.000066448,-0.000074727,0.000052582,-0.000071129,0.000024994,0.000011455,-0.000026062,-0.000056539,-0.000171917,-0.00003132,-0.00006317,-0.000362363,0.001322493,0.000300303,0.000008826,-0.000103409,-0.000050164,0.000034445,-0.00013924,-0.000069022,-0.000012103,-0.000167357,-0.000018489,-0.000020331,0.000092025,0.000139723,0.000124276,0.000181039,-0.000090204,-0.000056227,-0.000137594,-0.000040601,-0.000047512,0.000083204,0.000005935,0.000008679,-0.000008782,-0.000053714,-0.000008721,-0.000039594,0.000135461,-0.000029018
586.6060791,-0.000003576,-0.000039604,0.000063163,-0.000112834,-0.000112229,-0.000075819,-0.000127783,0.000017198,-0.000103576,0.000051302,-0.000122308,-0.000031848,0.000075957,0.000003252,-0.000149125,0.000042768,0.00003592,0.00005756,0.000033158,-0.000043052,0.00010681,-0.000021287,-0.000095781,0.000158584,0.000121474,-0.000018745,-0.000015825,0.000009331,-0.000008949,-0.000084628,0.000021336,-0.000087643,0.000101052,0.00009414,-0.000057454,0.000038097,0.000010698,0.000013398,0.000024103,-0.00005002,-0.000025913,-0.000199688,-0.000152596,0.000015824,-0.000215436,-0.000129803,-0.000105979,0.000028051,-0.00002716,0.000096846,-0.000113182,0.000044252,0.000002176,-0.000193398,-0.000064758,-0.000062833,0.000057216,-0.000148855,-0.000026246,-0.000064362,-0.000068913,0.000078421,0.000039897,-0.000056402,-0.000018212,-0.00010222,0.000066193,0.000030326,-0.000013731,-0.000057682,-0.000429007,0.001184076,0.000244642,0.00005965,-0.000061256,0.000007099,0.000017943,-0.000012719,-0.000164116,0.000079319,-0.000088941,-0.000026377,-0.000055499,0.000080368,0.000186847,0.000246258,0.00007594,0.000004143,0.000000135,-0.000132185,-0.000073278,0.000026903,0.000037495,0.000048202,0.000000794,0.000023861,0.000018922,0.000071748,0.000065252,0.000096699,-0.000027484
587.1958008,-0.000064919,-0.000130187,-0.000055971,-0.000170349,-0.000001993,-0.000056457,-0.00012003,0.000022427,-0.000130807,0.000081937,0.00006223,-0.000103801,0.000201529,0.00016217,-0.000070888,0.000037512,0.000009868,-0.000080801,-0.000018295,-0.000022183,0.000168458,-0.000035064,-0.000084034,0.000161405,0.00020465,0.000048747,0.000047735,-0.000091067,-0.000008685,0.000032926,-0.000113674,-0.000166556,0.000107249,0.000043463,-0.000009315,-0.000089425,0.000022937,0.000028948,0.000031363,0.00002302,-0.000017182,0.000022509,-0.000029729,-0.000006999,-0.000210576,-0.000141729,-0.000090565,0.000121707,0.000001554,0.000067706,-0.000074335,0.000144281,-0.000163586,-0.000152014,0.000058741,0.000025767,0.000012416,-0.000029547,-0.000051718,0.000031217,-0.000049162,0.000091103,-0.000018159,-0.000038708,0.00005096,-0.000083572,0.000099092,-0.00004888,0.000011863,-0.000014294,-0.00039001,0.001300747,0.000333564,0.000071632,-0.000058742,0.000025999,0.000131686,0.000012152,-0.000163465,0.000007127,-0.000001296,-0.000057523,0.000151258,0.000175936,0.00020059,0.000029321,0.000057884,-0.000111027,0.000004728,-0.000050911,0.000015276,-0.000138135,0.000064104,-0.000061244,0.000020447,0.000119364,0.000079839,0.000044965,0.00015179,-0.00004563,-0.000024787
587.7855225,-0.00003078,-0.000031575,0.000019101,-0.000187169,-0.000105756,0.000047191,0.000017235,0.000085287,-0.000147854,0.000178285,0.000059058,-0.000037618,0.000094317,0.000213013,0.000084803,0.000051162,-0.000000967,0.000008043,-0.000082844,-0.000047735,0.000192476,0.000014293,-0.000070988,0.000053921,0.000061888,0.000074631,-0.000201402,-0.000062433,0.000016835,0.00001497,-0.000009883,-0.000008574,0.000009739,-0.000008889,-0.000071515,-0.000015815,-0.000007192,0.000053695,0.000074327,0.000023873,0.000031129,0.000147108,0.000071591,0.000075416,-0.000080405,0.000110421,0.000039902,-0.000029484,-0.000031552,0.000142555,-0.000051205,-0.000017934,-0.000098817,-0.000236436,0.000117919,0.000024048,-0.000005182,0.000084421,-0.000124808,-0.000126271,-0.000040556,0.000025443,-0.00000454,0.000004128,0.000161112,0.000123123,-0.000033713,-0.000108042,0.00007011,-0.000152139,-0.000361968,0.001262102,0.00029058,0.000036703,0.000005157,0.000176496,0.000160868,0.000066173,0.000067453,-0.000005544,-0.000110939,-0.000201061,0.000175315,0.000203666,0.000193504,0.000065028,0.000055746,-0.000065294,0.00004617,0.000008814,-0.000026216,-0.00009243,0.000096704,-0.000054696,0.000024582,0.000086074,-0.000072085,-0.00000975,0.000065896,-0.000005362,-0.000152325
588.3753052,-0.000143236,-0.000091744,0.000039962,-0.000081647,-0.000117553,-0.00008339,-0.000044854,0.000048772,-0.000156409,0.00004095,0.000100367,0.000069368,0.000050743,0.0001129,0.000055422,0.000035195,-0.000143567,0.000072441,-0.000063258,-0.000054998,0.000142488,0.000035992,-0.000158239,0.000085703,0.000000381,0.000109145,-0.000231529,-0.000064203,0.000067357,-0.000020762,0.000027159,-0.000050736,0.000042614,0.000017301,-0.000179559,0.000107618,-0.00003412,0.000146599,-0.000018298,0.000028248,-0.00013566,0.000001121,-0.000039718,-0.000000007,-0.000062227,0.000093284,-0.000032219,0.000014403,0.000000259,-0.000001996,-0.000125912,-0.00002092,-0.000087564,-0.000176747,-0.000012093,-0.000043953,0.000020045,0.0000981,-0.000045284,-0.000140988,0.00003506,-0.000050865,0.00001605,-0.000110689,-0.000002713,0.000058078,0.000057666,0.000015712,-0.00000625,-0.00012057,-0.000326416,0.001126044,0.000302743,0.000068959,-0.000077726,0.000290661,0.000116785,0.000035168,-0.000079022,-0.000004274,-0.0000806,-0.0002428,0.000165132,0.000013374,0.000221712,0.000040087,0.000145078,0.000126813,0.000008798,-0.000008852,-0.000016761,0.000054815,0.000044766,-0.000097194,-0.000073911,0.000055644,0.000034632,0.000050971,0.000041527,0.000024637,-0.000152125
588.9651489,-0.000215756,-0.000054821,-0.000077033,-0.000043894,-0.000100058,-0.000018846,0.000004269,0.000004058,-0.000054965,-0.000021619,0.000001659,-0.0000207,0.00013357,-0.000033945,-0.000186874,0.000049273,-0.000079909,-0.000173878,0.000045243,-0.000027525,0.000130596,0.000017058,-0.000102217,-0.000029605,0.000112505,-0.000012707,-0.000188153,-0.000095851,0.000008932,-0.000089331,-0.000155401,-0.000148842,-0.000019797,0.000041376,-0.000098792,0.000015862,-0.000050091,0.00002676,-0.000086989,-0.000045189,0.000001818,0.000031205,0.000054571,-0.000113669,-0.000187522,-0.000090521,-0.000044904,0.000056856,0.000098911,0.000005536,-0.000141383,0.000052163,-0.00007242,-0.000123093,-0.000009133,-0.000016717,-0.000042923,0.000097463,0.000031108,-0.000037173,-0.000002395,-0.000004504,-0.000024405,-0.000118784,-0.000057007,-0.000141495,-0.000102376,-0.000023252,-0.000073636,-0.000167116,-0.000330968,0.001185428,0.000463887,0.000064916,-0.000087383,0.000289465,0.000068322,0.000094928,-0.000228389,0.000082777,-0.000046859,-0.000016561,0.000089488,0.000078254,0.000114043,0.000096301,0.000133782,0.000106391,-0.000000346,-0.00004071,0.000047851,-0.000085556,-0.00015276,-0.000056636,-0.000036533,0.000158585,0.000088467,0.000091141,0.00003472,0.000069346,-0.000116507
589.5549927,-0.000108487,-0.000077206,-0.000047028,-0.00013009,-0.000242782,-0.000203705,0.000011638,0.000066504,-0.00015993,-0.00004624,0.000049122,0.000000149,0.000025251,0.000028018,-0.00010037,-0.000010387,-0.00016927,-0.000042467,-0.000017127,-0.000019431,0.000042714,0.00003842,-0.000057863,0.000086225,0.00017959,0.000075538,-0.000135422,-0.000062607,-0.000078313,-0.000036718,-0.000199121,-0.000088676,-0.000014897,0.000139762,-0.000066889,0.000036428,-0.000017882,-0.00011273,0.000003732,-0.00001244,-0.000045855,-0.000102184,0.000117351,-0.000074939,-0.000173964,-0.000069511,-0.000159814,0.000024491,0.000013602,0.000013102,-0.000166032,-0.000028331,-0.000146906,-0.000166193,-0.000057863,0.000022801,-0.000111259,-0.000017495,-0.000040176,0.000029579,0.000069816,0.000013776,-0.000077665,-0.000043317,-0.000058586,-0.000094528,-0.000000048,-0.00016257,-0.00002074,-0.000147345,-0.000404466,0.00102521,0.000399107,-0.00004935,-0.000121322,0.000103692,0.000153561,0.000035928,-0.00021768,0.000078821,-0.000031606,-0.000094244,-0.000012533,0.000123657,0.000090042,0.000025383,0.000134134,0.00001279,-0.000057104,-0.000144496,-0.000067895,-0.000055205,-0.000034672,0.000016524,0.000003676,0.000098254,-0.000008004,0.000188357,0.000069768,0.000038834,-0.000125159
602.5426025,-0.000089254,-0.000154663,-0.000146711,-0.000244368,-0.000293553,-0.000081899,-0.000075144,0.000070418,-0.000204675,0.000199821,0.000233918,-0.000155596,-0.000082509,0.000114309,-0.000032231,0.000034774,-0.000144628,-0.000096399,-0.000099335,-0.000029123,0.000177608,-0.000048274,-0.000021665,0.000066029,0.000094668,0.000007827,-0.0001732,-0.000055975,0.000027811,0.000013978,-0.000136939,-0.00008437,0.000018246,0.000009079,-0.000135521,0.000091692,-0.000057358,0.000102054,-0.000171772,-0.000074437,0.00008154,-0.00011174,0.000035674,0.000068975,-0.000250941,0.000028904,-0.000210004,-0.000133469,-0.000093089,0.000091381,-0.000150975,0.000032851,-0.00000784,-0.000179125,0.000069014,0.00009897,-0.000006776,0.000017077,-0.000071,-0.000119528,0.000084643,0.000223719,0.00003947,-0.000103798,0.000306992,0.000003377,-0.000045192,-0.000037314,-0.000002931,-0.000095181,-0.000158795,-0.000358585,0.000534785,0.000274824,-0.000299538,0.000107688,0.000110685,0.000042685,-0.000117458,0.000058603,0.00007293,0.000095956,-0.000099172,0.000131731,0.000042823,0.00012703,0.000063762,0.00007618,-0.00001062,-0.000025281,0.000033497,0.00002454,0.000077853,-0.00009787,-0.000115329,0.000070899,-0.000025409,-0.000033008,-0.000161815,-0.000061724,-0.000119499
603.1334229,-0.000219793,-0.00006818,0.000028959,-0.000259286,-0.000273118,-0.000101703,-0.000016804,0.00019858,-0.000086941,0.000091466,0.00018438,-0.000098367,-0.000031184,0.000103026,-0.000201846,-0.000045541,-0.000169303,-0.000127158,-0.000093789,0.000060064,0.000177428,0.000067502,-0.000090918,0.000153233,0.000067332,0.000127092,-0.000085627,-0.000107064,0.000096597,0.00001415,-0.000079015,-0.000092288,-0.000145487,-0.000052081,-0.000050056,0.000075725,-0.000080577,-0.000098043,-0.000021234,-0.000057075,0.000094219,0.00002162,0.000016891,0.000009409,-0.000262063,-0.000059266,-0.000181539,0.000057644,0.000037932,0.000121465,-0.000190592,-0.000066119,-0.000081881,-0.000263951,-0.00001628,-0.000064117,-0.000001574,0.000124531,0.000029332,-0.000082233,-0.000056445,0.000056153,-0.000097236,-0.000062407,0.000186994,-0.00005188,0.000020661,-0.000120571,-0.000068566,-0.000105852,-0.000164697,-0.000341643,0.000474041,0.000160324,-0.000264921,0.000015356,0.000109497,0.000094387,-0.000062036,0.000022923,0.000070323,-0.000016343,0.000014992,0.000151433,0.000036317,0.000024027,0.000061871,0.000012839,-0.000021754,0.000003733,-0.000004376,0.000000193,0.000040388,-0.000002192,-0.000057228,0.000189316,-0.000082669,-0.000076345,-0.00002157,0.00006955,0.00000152
603.7243042,-0.000150257,0.000001469,-0.000019024,-0.000206449,-0.000280584,-0.000190831,-0.00001199,0.000061587,-0.000076188,0.00011877,0.000131472,-0.000060302,0.000089153,0.000122081,-0.000154416,-0.000058061,-0.000217118,-0.000056435,0.000015555,-0.000075971,0.000196455,-0.000020764,-0.000034635,0.000165344,0.000051969,0.00009922,-0.000065026,0.000002136,0.00002477,-0.00006,-0.000014373,-0.000064765,-0.000139777,0.0000786,-0.00005541,0.000126835,-0.000071693,-0.000029704,0.000186854,-0.000088829,-0.000028917,-0.0001642,0.0000001,0.000010836,-0.000185526,-0.000050755,-0.000195147,0.000068188,0.000005108,0.000169898,-0.000175021,-0.000127832,-0.000069132,-0.000215634,-0.000144803,-0.000056805,0.000000428,0.000176394,-0.000058943,-0.000044908,0.000003784,0.000074205,-0.000131536,-0.00011182,0.000038761,-0.000198283,-0.000016215,-0.000160393,0.000039424,-0.000201722,-0.00015382,-0.000373456,0.000409076,0.000130813,-0.000290586,-0.000064699,0.000105834,0.000065439,-0.000099499,0.000026032,0.000207507,0.000026694,0.000139205,0.000052054,0.000091217,0.000069327,0.000095497,-0.000081989,0.000088261,-0.00004471,-0.00001311,0.000175379,0.000050291,0.000041422,-0.000112865,0.000104106,-0.000044238,-0.00000549,-0.000005793,0.000141044,0.00005515
604.3151855,0.000007638,-0.000198732,-0.000092085,-0.000243976,-0.00034569,-0.000217648,-0.000176439,0.000080369,0.000097742,0.000153842,0.000188209,-0.000152372,-0.000023872,0.000015814,-0.000302741,-0.000186285,-0.000239996,-0.000148484,-0.000083475,-0.000117517,0.000024245,-0.000062498,-0.000150608,-0.000045546,0.000095255,0.000022769,-0.000091218,-0.000102911,-0.000028889,-0.000091455,-0.000166693,-0.000010324,0.000042798,0.000035967,-0.000093724,0.000070103,-0.000142034,-0.000065922,0.000092551,0.00000309,-0.000066911,-0.000176676,0.000096059,-0.000055303,-0.000162113,0.000002443,-0.000212541,0.000018206,-0.000065103,-0.000038117,-0.000123963,-0.000164082,-0.000158739,-0.000247659,-0.000153078,0.000067064,-0.000119788,0.000073978,-0.000080361,-0.000124316,-0.00003526,-0.000035682,-0.000155039,-0.00017303,0.000064848,-0.000174199,0.000032162,-0.000114027,-0.000064833,-0.000153643,-0.000266539,-0.000589922,0.000367403,0.00035605,-0.000352691,-0.000155827,0.000086994,0.000059711,-0.000260468,0.000076878,0.000142459,0.000091541,0.000047127,0.000045752,0.000072994,-0.000027171,0.00003837,-0.000167333,-0.00001963,-0.000008012,0.000081197,0.000038219,0.00017749,-0.000122551,-0.000041891,0.000028832,-0.00016466,0.000151076,-0.000061592,0.000011933,0.000062723
604.9061279,-0.000108139,-0.000157665,-0.000090287,-0.000220574,-0.00026401,-0.000208275,-0.000235625,0.000051129,-0.000052221,0.000138512,-0.000045759,-0.000219773,-0.000058214,0.000147038,-0.000150918,-0.000125563,-0.000234302,-0.000030288,-0.000040238,-0.000072623,0.000048156,-0.000016225,-0.000001256,-0.000059436,0.000067617,-0.00001327,-0.000116892,-0.000175633,0.000055997,-0.000037225,-0.000046439,-0.000067475,-0.000029137,-0.000086661,-0.000079856,0.000015169,-0.000024873,-0.000052214,0.000023844,0.000084712,0.000109682,-0.000070343,-0.000026941,-0.000016578,-0.000161025,-0.000023447,-0.000152772,0.000058067,-0.000034355,0.000119629,-0.00019291,0.000023367,-0.000214881,-0.000168715,-0.000158534,0.000044131,-0.000036894,-0.000054272,-0.000051216,-0.000115024,-0.000000268,0.000009425,-0.000024242,-0.000100174,0.000242028,-0.000100397,0.000048423,-0.000158582,0.00008949,0.000030901,-0.000140426,-0.000674558,0.000333982,0.000419155,-0.000320944,-0.000079932,0.000075847,-0.000031623,-0.000137034,0.000011349,-0.000083951,0.000154207,0.000004194,-0.000058048,-0.000047071,0.00001801,-0.000058608,-0.000104433,-0.000091624,-0.000039234,0.000044879,-0.000058977,-0.000073033,-0.000071701,-0.000063317,0.000096794,-0.000097156,-0.000052601,-0.000046313,-0.000152719,-0.000224572
605.4971313,-0.000284763,-0.000073582,-0.000060776,-0.000171352,-0.000252788,-0.000095988,-0.000113447,-0.000057192,-0.000139805,0.000044746,0.000131836,0.000035816,0.000040723,0.000140556,-0.000148365,0.000037834,-0.000092751,0.000002083,0.000045455,0.000003834,0.000030288,-0.000152376,-0.000112402,0.0000082,-0.000130087,-0.000007421,-0.000218932,-0.000048548,0.000107327,0.000017963,-0.000060632,-0.000077027,-0.000147778,0.000076358,-0.000033003,-0.000048995,-0.000088076,0.000228136,-0.000066672,0.000026238,0.000034313,-0.000024362,-0.000091811,-0.000037238,-0.000095446,0.000017547,-0.000102267,0.000014918,0.000043185,0.000029024,-0.000162856,0.000056738,-0.000053713,-0.000181833,-0.000082155,-0.000024821,0.000020449,-0.000105266,-0.00024802,-0.000097168,-0.000125604,0.000160495,-0.000112874,-0.000089399,0.000128689,-0.000008207,0.000021693,-0.000260192,0.000075159,-0.000169851,-0.000066978,-0.00073453,0.00053349,0.000436768,-0.000342645,-0.000139914,0.000000168,-0.000021437,-0.000172479,-0.000004018,-0.00004803,-0.000074336,0.000082105,-0.000086026,-0.000061561,-0.000094072,0.000071468,-0.000135578,0.000026827,-0.00006749,-0.000023077,-0.000081185,0.000029601,-0.000193486,-0.000095443,-0.000091117,-0.000167183,-0.000166747,0.000049133,-0.000028338,-0.000153645
606.0881958,-0.000180194,0.00000902,-0.000075352,-0.000205601,-0.00019316,-0.000029869,-0.00015199,0.000021711,-0.000159567,0.000071841,0.000179436,0.000012723,0.000166244,0.00001252,-0.000241184,0.000057738,-0.000294629,-0.000080652,-0.000119536,0.000043882,0.000076709,0.000052869,-0.000066296,0.000137204,-0.000074485,0.000005485,-0.000282671,-0.000131831,-0.000010628,-0.000076222,-0.00008441,-0.000015635,-0.000055472,-0.000022839,-0.000125075,0.000089058,0.000139103,-0.000028402,0.000102432,0.000096789,-0.000180992,0.000184133,-0.000094845,-0.000067328,-0.000243369,-0.000019465,-0.000234287,0.000111395,0.000115333,-0.000042349,-0.000224053,0.000060235,-0.000016966,-0.00016782,-0.000160564,-0.000085864,-0.000167537,0.00000553,-0.000064892,-0.000186343,-0.000109575,0.00019068,-0.000124672,-0.000121516,-0.000013083,-0.000043655,-0.00004628,-0.000100328,-0.000000921,-0.00020186,-0.000085219,-0.000639742,0.000583787,0.000394979,-0.000269301,-0.000085709,0.000110256,-0.000052016,-0.00014923,0.000216206,0.000087205,-0.000090237,0.000013813,0.000076236,0.000069951,-0.000084626,0.000116624,-0.000084469,0.000021035,-0.000145314,0.000005849,0.000105088,0.000222603,-0.000122525,-0.000119886,-0.000161191,-0.000207119,-0.000078973,-0.000108087,0.000040833,-0.000099344
606.6792603,-0.000031804,0.000050406,-0.000127021,-0.000213278,-0.000240078,-0.000090557,0.000133102,0.000146583,-0.000157778,0.00013258,0.000067061,0.000051895,0.000012722,0.000032167,-0.000281753,-0.000061537,-0.000324889,-0.00016181,-0.000044388,0.000067463,0.00009899,-0.000052633,-0.00015025,0.000036642,-0.000027986,0.000113228,-0.000273114,0.000027224,-0.000078673,-0.000064104,-0.000195606,0.000029625,-0.000101037,0.000019881,-0.000006741,0.000016732,-0.000031802,-0.000033808,0.000076045,0.000098919,-0.000204592,0.000117764,0.000113209,0.000018675,-0.000209907,-0.000077268,-0.000185099,-0.000012981,0.000249397,0.000079663,-0.000129201,-0.000079034,-0.000167403,-0.000201944,-0.000113607,-0.000066908,-0.000022906,0.000030113,-0.000142122,-0.000052113,0.000044465,0.000050328,-0.000044599,-0.000130829,0.000125736,-0.000116526,0.000089129,-0.000005776,0.000076655,-0.000213261,-0.000122826,-0.000693426,0.000557789,0.000429817,-0.000231979,-0.000128475,0.000113043,-0.000112493,-0.000177281,0.000116325,0.000094644,0.000052263,0.000111729,0.000087461,-0.000011514,0.000063212,-0.00000545,0.000038303,-0.000076412,0.000007668,0.000036121,0.000129162,0.000172862,-0.000002854,0.000064891,-0.000031865,-0.000110125,0.000052984,-0.000056975,0.000043573,-0.000061694
607.2703857,0.000015731,-0.000042323,-0.000102179,-0.00015813,-0.000240502,-0.000189691,0.000075446,0.000063154,-0.000219182,0.000013734,0.000181216,-0.000003334,0.000133462,0.00009358,-0.000147872,-0.000167585,-0.000105035,-0.00014784,-0.000174045,0.000061517,-0.000047612,-0.000000017,-0.000080519,-0.000011299,0.000026105,0.000181737,-0.000144462,-0.000161302,0.00017174,-0.000084791,-0.000207256,-0.000135141,-0.000026125,0.000108793,0.000030491,-0.000075453,-0.000014956,0.000069034,0.000068366,-0.000031231,-0.000077572,-0.000039565,-0.000147606,-0.000090318,-0.000214631,0.000019352,-0.000123127,0.000046053,0.000174667,0.000183809,-0.000250449,-0.000064787,-0.000168832,-0.000285136,-0.00005213,0.000050475,0.000052907,-0.000014078,-0.000138529,0.000002321,0.000064833,-0.000021923,-0.000165983,-0.000141612,0.000155653,-0.000256317,0.000018702,-0.000143605,0.000034224,-0.000247028,-0.000157359,-0.000738505,0.00065139,0.000403658,-0.000182406,0.000008335,-0.000004458,0.000019312,-0.000182722,0.000220861,-0.000078846,-0.000015507,0.000112441,0.000227406,0.000086174,0.000028281,0.000005176,-0.000152801,0.000023084,0.000013732,0.000009587,0.000044156,0.000161312,-0.000192627,-0.000089207,0.000055072,-0.000106554,0.000211393,-0.000057313,0.000062842,-0.000073581
607.8615112,0.000018411,-0.000206976,-0.000100828,-0.000249812,-0.000272622,-0.000145443,-0.000174814,0.000081269,-0.00011074,0.000026188,0.000065215,-0.000042349,0.000033062,0.000073888,-0.000059756,-0.00000511,0.000062301,-0.000181473,0.000007389,0.000055865,0.00002973,0.000126814,0.000052461,0.000008984,0.000075407,-0.000004118,-0.000093491,-0.000043461,0.00019088,0.000034398,-0.000124259,-0.000320971,-0.00006563,-0.00002649,-0.000129456,-0.000037509,-0.000085607,0.000085692,0.000004878,-0.00005801,-0.00009523,-0.000006323,-0.000121597,-0.000059193,-0.000216358,-0.000079088,-0.000027955,0.000115223,0.00001871,0.000057779,-0.000336296,0.000068807,-0.000057778,-0.000155519,0.00004778,0.000025889,-0.000072381,0.000060114,-0.000099752,0.000141244,0.000083915,-0.000088689,-0.000046675,-0.000323651,0.000300336,-0.000208821,-0.00014926,-0.000261063,0.000216849,-0.000123207,-0.000072196,-0.000736794,0.000571633,0.000304304,-0.000123817,0.000027256,0.000078751,-0.00020702,-0.000312557,0.000091702,-0.000007349,-0.000014866,0.000094704,0.000207476,0.000041874,0.000017309,-0.000045824,-0.000296061,0.000031128,-0.000086665,0.000190462,0.000052915,0.000132583,-0.000064448,-0.000090168,-0.000085563,-0.00019612,-0.00005988,-0.000104274,-0.000070753,-0.000270783
608.4526978,0.000004021,-0.000244886,-0.000018643,-0.000167695,-0.000171381,-0.000038042,-0.000190976,0.000057519,-0.000144644,0.000289038,-0.000032369,0.000002215,-0.000147414,-0.000008608,-0.000045855,-0.000021571,-0.000007489,-0.00011386,-0.000130382,0.000066406,0.000101045,0.000159643,-0.000029327,0.000103655,-0.000100185,-0.000115093,-0.000148905,-0.000039753,0.000190054,0.000070047,-0.000143485,-0.000206804,-0.00010635,-0.000077653,-0.000302427,-0.00001011,-0.000158696,0.000020903,-0.000014539,-0.000070159,-0.000083009,-0.000058329,0.000080475,-0.000015916,-0.000294697,0.000039584,-0.000152656,-0.00004603,-0.000109085,-0.000010309,-0.00032297,-0.00002655,0.000073173,-0.000223718,-0.000075507,-0.000012635,0.000051614,0.000025282,-0.000126576,0.000007701,-0.000034793,-0.000068645,0.000102863,-0.000271492,0.000011271,-0.000034404,-0.000174862,-0.00025689,-0.000024344,-0.000129504,-0.000086371,-0.000772302,0.000574812,0.000472142,-0.00011938,-0.000032997,0.000117834,0.000009574,-0.000371514,-0.000101673,-0.000039558,0.00005368,0.000002073,-0.000046124,-0.000031658,0.000120658,-0.000057394,0.000008154,0.000010756,0.000013963,-0.000077248,0.000187604,0.000040891,-0.000033687,-0.000114605,-0.000104963,-0.000077663,-0.000164242,0.000140558,-0.000077086,-0.000220382
609.0439453,-0.000077009,-0.000088771,0.000091001,-0.000191508,-0.000137078,-0.000048436,-0.000129536,-0.000068854,-0.000229033,0.000245509,0.000066419,-0.000051109,-0.000108684,0.00015433,-0.000041492,0.000060173,-0.000172037,-0.000093023,-0.000037233,0.000024564,0.000176021,0.000012233,-0.000077181,0.000026656,0.000091891,-0.00008689,-0.000197121,-0.000058396,0.000140094,0.000052613,-0.000010058,-0.000065517,-0.000146639,-0.000164459,-0.000152613,-0.000105361,-0.000030584,-0.000072586,0.000030683,0.00009354,0.000108841,-0.000090409,0.000108734,-0.000106948,-0.000224026,0.000134457,-0.00033885,-0.000040675,-0.000014658,-0.000044046,-0.000283879,0.000063977,-0.000023123,-0.000180417,-0.00018217,0.000003788,-0.000016796,-0.000032156,-0.000168405,-0.000036751,-0.000068991,0.000074826,0.000071521,-0.000231248,-0.000021213,-0.000064897,-0.000061116,-0.000175915,0.000126807,-0.000209264,-0.000155644,-0.000773578,0.000749751,0.000504769,-0.000196694,-0.000012558,0.000158236,0.000059211,-0.000360002,-0.000094053,-0.000079063,0.00005078,0.000083021,0.000089157,0.000166393,-0.000004404,0.000042741,-0.000121407,0.000027786,-0.000067794,0.000105529,-0.000069231,0.000253906,0.000045807,-0.000090943,0.000018062,-0.000137886,-0.000005571,0.000177233,-0.00000114,-0.000170598
609.6352539,-0.00006008,-0.000120234,-0.000032491,-0.000001758,-0.00022537,-0.000110884,-0.000020813,-0.000054142,-0.00017654,0.000292146,0.000156243,0.000007055,0.000116275,0.000044292,-0.000077344,0.000048741,-0.000066103,-0.000143233,-0.000016431,-0.000066881,-0.000008585,-0.000093483,-0.000135462,0.000163869,0.000237285,-0.000002528,-0.000276927,0.000045181,0.000126775,-0.000111571,-0.00011877,0.000068827,-0.000025022,0.000079099,-0.000025261,0.000003608,-0.000109618,0.000025283,0.000031565,-0.00007072,-0.000071583,-0.000229858,-0.000019476,-0.000105249,-0.000276005,-0.000014021,-0.000194948,0.000069417,0.000070544,0.000088696,-0.000221655,-0.000071036,-0.000026577,-0.000283034,-0.000013469,0.000075989,-0.000055987,0.0000408,0.000040769,0.000235634,-0.00010102,0.000048382,-0.000073265,-0.000111493,-0.000070268,-0.000241411,-0.000043473,-0.000039851,0.000025071,-0.000250955,0.00000219,-0.000747292,0.000862418,0.000545441,-0.000304938,-0.000084934,0.000102262,-0.000062049,-0.000351898,0.00009294,-0.000007658,0.000142259,0.000012822,0.000176718,0.000089508,0.000056012,0.000081115,-0.000261931,-0.000079037,-0.000075579,0.000112695,-0.000026557,0.000181792,0.000052546,-0.00001109,0.000070223,-0.00026121,0.000296598,0.000096829,0.000151111,-0.000112484
610.2265625,-0.000098344,-0.000207333,-0.000109793,-0.000115695,-0.000335728,-0.00015095,-0.000176691,0.000046807,-0.000200995,0.000041524,0.000101838,-0.00005793,0.000229354,0.000011167,-0.000069796,0.000030265,-0.000024769,0.000030307,0.000054046,-0.000036362,0.000051214,0.000065398,-0.000035264,0.000016099,0.000320351,0.000062039,-0.00025084,-0.000182762,0.000062695,-0.000212731,-0.000131083,-0.000041554,0.000164789,0.000099691,-0.000079114,-0.000005872,-0.000086186,-0.000045236,0.000030629,-0.000002574,-0.00016463,-0.000187251,-0.000053222,-0.000043689,-0.000205469,-0.000063627,-0.000214884,0.000028729,-0.000009025,0.000188539,-0.000113973,0.000008707,-0.000075688,-0.000238613,-0.000041713,0.000087,-0.000090912,0.00002418,-0.000088935,0.000198425,-0.000033564,0.000031263,-0.000044257,-0.000063632,-0.000029622,-0.000147496,0.000123867,-0.000022642,-0.000093986,-0.000169153,-0.000190002,-0.000809293,0.000874815,0.000587074,-0.000205294,-0.000030685,0.000031222,0.00004216,-0.000252546,0.000028219,-0.000003848,0.000153494,0.000121713,0.000189076,0.000067306,0.000070765,0.000036326,-0.000060642,-0.000048048,-0.000159022,0.000073446,0.000087862,0.000121835,-0.000189088,0.000031728,0.000011115,-0.000225522,0.000153882,-0.000008334,0.000043833,0.000002956
610.8179321,-0.000175744,-0.000149996,-0.000181903,-0.000271847,-0.000219378,-0.000156709,-0.000189306,-0.000117198,-0.000260566,0.000122579,0.000189723,-0.000132472,0.000048004,0.000080839,-0.000062493,-0.000135324,-0.000162597,-0.000115197,-0.000018725,-0.000081263,0.000104494,0.0000701,0.000030012,0.000144554,0.000160284,-0.00008569,-0.000174125,-0.000227338,-0.000020878,-0.000008417,0.000036124,-0.000115703,0.000027887,0.00009283,-0.000080866,0.000013615,0.00002584,-0.000038583,0.000087049,-0.000004657,-0.000197591,-0.000094215,-0.000160556,-0.000007684,-0.000187655,0.000017787,-0.000050035,0.000132499,0.000026802,0.000237049,-0.000327912,0.000048126,0.000047679,-0.00027655,0.000031885,0.000089366,-0.000125368,0.000038855,-0.000103722,0.000129006,0.000084775,0.000045452,-0.000097954,-0.000276614,0.000349524,-0.000047671,-0.000071571,-0.000271139,0.000070574,-0.000034437,-0.000196829,-0.000729578,0.000867305,0.000614524,-0.000123535,-0.000066772,0.000073112,-0.000088205,-0.000330765,-0.000028805,-0.000103917,0.000146749,0.000183608,0.000125046,-0.000008943,0.000138031,0.000053552,-0.0001241,-0.000017507,-0.000114326,0.000134167,-0.000068383,0.000126278,-0.00013993,-0.000028758,0.000004252,-0.000039492,-0.000196821,0.00003337,0.000110102,-0.000128889
611.4093628,-0.000159648,-0.000073893,-0.000157596,-0.000219106,-0.0002025,-0.000033746,-0.00006217,-0.000138947,-0.000027493,0.000273211,0.00025675,-0.000097626,0.000038804,0.000120262,0.000117149,-0.000116099,0.000027547,-0.000058896,0.00000446,-0.000022905,0.000129823,0.000119902,-0.000162503,0.000282502,0.000162412,0.000098856,-0.000255333,-0.000050601,0.000236931,-0.000038551,0.0000653,-0.000151406,-0.000068971,0.000039754,-0.000242932,0.000144184,-0.000087844,0.000001182,0.000132057,0.000092284,0.000008669,-0.00013933,-0.000028668,0.000101398,-0.000078295,0.000107948,-0.000059649,-0.000000863,0.000062129,0.000191338,-0.000303912,0.000044135,0.000027488,-0.000081294,0.000162272,0.000160232,-0.000014762,0.000164437,0.000039225,0.000014689,0.000069495,0.00019528,0.000002399,-0.000191133,0.000093235,-0.000079254,-0.000010054,-0.000178565,0.000027897,-0.000130581,-0.00004046,-0.000705158,0.000921794,0.000445185,-0.000052545,0.000190539,0.000248888,-0.000099918,-0.000229377,-0.000013781,0.000037938,0.000114864,0.000001101,0.00003551,0.000108579,0.000004267,0.000076852,-0.000129345,-0.000085921,0.000006373,-0.000009069,-0.000036746,0.000011447,-0.000015063,-0.000109613,0.000123079,-0.00001055,-0.000031936,-0.000013205,0.000012532,-0.000095771
612.0007935,0.00007802,-0.000116357,-0.000112852,-0.000115067,-0.000305009,0.000101739,-0.000028784,-0.000084013,0.000022466,0.000205362,0.000109418,-0.000142673,0.000013233,0.000233569,-0.000125848,0.000117391,-0.000030291,-0.000014117,-0.000000299,-0.000062741,0.000090793,0.000128111,-0.000103758,0.000064918,0.000127406,0.000020718,-0.000184049,0.000037037,0.000136514,0.000032605,-0.000013744,0.000079862,-0.000189979,-0.000167652,-0.000088438,-0.000074961,-0.000069985,-0.000032111,0.000113205,-0.000010259,0.000036643,-0.000075749,0.000030013,0.000010536,-0.000132448,0.000309822,-0.00016335,-0.00005742,0.000069418,0.000215398,-0.000296733,-0.000091497,-0.000006866,-0.000139705,0.00007547,0.000062429,0.000042538,0.000118258,-0.000026613,0.000091127,-0.000024916,0.000314499,-0.000003056,-0.00014182,-0.00005733,-0.000018521,-0.000033327,-0.000004539,-0.000006732,-0.000027625,-0.000016117,-0.000837088,0.000989987,0.000484274,-0.0000503,0.00006821,0.000193185,-0.000028203,-0.00023428,0.000023501,0.000199161,-0.000035704,0.000028333,0.000101472,0.000145839,0.00010537,0.000188582,-0.000152403,-0.000154077,-0.000134835,0.000032706,0.000087963,-0.000007113,-0.000199269,0.00005226,0.00009845,0.000006231,-0.000145596,0.000012703,0.000000752,-0.000078336
612.5922852,0.000042991,-0.000149253,-0.000172134,-0.000059439,-0.000344182,-0.000171026,-0.000046025,-0.000041214,-0.000081464,0.000100857,0.000090137,-0.000199778,-0.000086754,0.000134161,-0.000322327,-0.000018763,-0.000087725,-0.000098148,0.000028214,-0.000203395,0.00007768,-0.000070888,-0.000069089,0.000026162,-0.000046446,0.00002921,-0.000259116,-0.000032029,-0.00005313,-0.000004252,-0.000157744,-0.000014471,-0.000145932,-0.000006935,0.000009366,-0.000061123,-0.000105245,0.000043884,0.0001545,0.000034328,-0.000117215,-0.000109517,0.000064906,-0.000057441,-0.000240473,0.000254446,-0.000188983,-0.0000037,0.000060117,0.000071801,-0.000121298,-0.000100221,-0.00008707,-0.000133952,0.000012202,-0.000299624,0.000023738,0.000026899,0.000116862,0.000097596,0.000003192,0.000249925,-0.000016035,-0.000091926,0.000093986,0.000027767,-0.000105761,-0.000153922,0.000026093,-0.000138188,-0.000310855,-0.000724392,0.000833476,0.000407937,-0.000175485,-0.000032233,0.000044468,-0.000204775,-0.000352906,0.000107816,0.000059062,-0.000092637,0.000068205,0.000078661,0.000083254,0.000244407,0.000057707,-0.000186831,-0.000131242,-0.00022718,0.000181738,0.00007322,-0.000042286,-0.000022449,0.000046633,0.000253231,-0.000266654,0.00012153,0.000139649,0.000013039,-0.000183676
613.1838379,-0.000151527,-0.000082295,-0.000107571,-0.000111394,-0.000349333,-0.000242904,-0.000093505,-0.000082312,-0.000042659,0.000154965,0.000071543,-0.000197083,-0.000110725,0.000019726,-0.000081123,-0.000121787,0.000004204,-0.000060291,0.000066627,-0.000167867,0.000027567,-0.000185287,-0.000092508,0.000035904,0.000003036,0.000004152,-0.000252659,-0.0000368,0.000019816,-0.000186701,-0.000095369,-0.000270344,0.000004487,0.000051281,0.000016662,-0.000037915,-0.000034237,-0.000086326,0.000008585,-0.000083997,0.000047325,-0.00003168,-0.000007462,0.000107599,-0.00029041,0.000057453,0.000046609,0.000117168,0.000104355,0.00003734,-0.000184552,0.000027518,-0.000163457,-0.000099846,-0.000137457,-0.000123037,-0.000215611,-0.000005527,-0.000073923,-0.000006236,-0.000022731,0.000040844,-0.000141848,-0.000214166,0.000180372,-0.000101353,0.000034383,-0.00031502,0.000052255,-0.000115627,-0.000276999,-0.000720608,0.000848927,0.000546303,-0.000364652,0.000076079,0.000271316,-0.000175621,-0.000344781,0.000220363,-0.000114082,0.000006869,0.000097019,0.000199914,0.000135335,0.000045543,-0.000030397,-0.000248951,-0.00019078,-0.000054682,0.000041997,-0.000040266,0.000067883,-0.000159664,-0.000159216,0.000131984,-0.00001671,0.000051193,-0.00000435,-0.000042601,-0.000076454
613.7753906,-0.000070568,-0.000103167,0.000017346,-0.00007158,-0.000200062,-0.000059626,-0.000239496,-0.00011554,-0.000255109,0.000031763,0.000240904,-0.000198091,-0.000123496,0.000006694,-0.000102316,0.000027151,-0.000096514,-0.000165166,0.000119755,-0.000286315,0.000119112,0.000036877,-0.000024308,0.000032999,-0.000018422,-0.00003813,-0.000278687,0.000000215,0.00010722,-0.000030132,0.000072245,-0.00006578,-0.000031079,-0.000030816,-0.000098869,-0.000058145,-0.000088568,-0.000012319,-0.000016222,-0.00007591,-0.000083412,-0.000117064,-0.00006735,0.000040406,-0.000062439,0.000113681,-0.000251264,0.000096664,0.000053713,-0.000092311,-0.000212651,-0.000056116,-0.000206487,-0.000234489,0.000132859,0.000055237,-0.000149858,0.000020526,-0.000047126,0.000032378,0.000001347,-0.000080481,-0.000169677,-0.000082897,0.000192388,-0.00008165,0.000087719,-0.00030867,0.000114736,-0.000252177,-0.000073583,-0.000738159,0.001011963,0.000460014,-0.000082746,0.000099521,0.000314123,-0.000266037,-0.000201538,0.000025918,-0.00008426,0.000128844,0.000229682,0.00006568,0.000199001,0.000149723,-0.000046532,-0.000125498,-0.000113784,-0.000014037,-0.000096575,-0.000089902,-0.000055191,-0.000027607,-0.000186842,0.000002238,-0.000111462,-0.000122888,0.000065394,-0.000039564,-0.000202847
614.3670044,-0.000140724,-0.000091727,-0.000032028,-0.000315794,-0.000230618,-0.000045825,-0.000150458,-0.000143363,-0.000181371,-0.000064883,0.000135553,-0.000172827,-0.000150463,0.000135736,-0.000096997,0.000116487,-0.000213697,-0.000202169,-0.000280794,-0.000078737,0.000081786,-0.000017033,-0.000103242,-0.000033447,-0.00002234,-0.000103962,-0.000336613,-0.000074148,0.000123614,0.000007797,0.000042085,-0.00002139,-0.000197615,-0.000067332,-0.000275452,0.00017137,-0.000011446,0.000060905,0.000198155,0.000031217,-0.000085914,0.000003778,-0.000000452,0.000078819,-0.000075968,0.000138033,-0.000154829,0.000036393,-0.00015136,0.000177171,-0.000196521,-0.000029645,0.000064426,-0.000322959,0.000106214,0.000044984,-0.00017416,-0.000038483,-0.000151004,-0.00012684,-0.000140082,0.000010718,-0.000025505,-0.000045537,0.000119532,-0.000205998,-0.000040931,-0.000127547,0.000060178,-0.000228575,-0.000050813,-0.000703315,0.000849343,0.000307113,-0.000101949,0.000213579,0.000048572,-0.000241946,-0.000225699,-0.000170332,-0.000079743,-0.000077406,0.000172926,-0.000088692,0.000066223,0.000227192,-0.000019827,-0.000258762,-0.000121926,-0.00017589,0.00003603,-0.000028252,-0.000037172,0.000044528,-0.000030229,0.00004695,-0.000184015,-0.000097167,-0.000071352,-0.000142784,-0.000083335
614.9586792,-0.000159464,-0.000058084,-0.000027017,-0.000218483,-0.000226647,-0.000061632,-0.000202896,-0.000013593,-0.000061768,0.000195779,-0.000057509,0.000036075,0.000008112,0.000233634,-0.000168642,-0.000044289,0.000036128,-0.000220592,-0.000041485,0.000081168,0.000097583,-0.00003758,-0.000186727,0.000002855,0.000203935,-0.000016912,-0.000289857,0.000049643,0.000002843,-0.000075398,0.00000159,0.00000569,-0.000071303,-0.000001046,-0.000216518,0.000012988,-0.000234169,0.000048779,-0.000070623,0.000038508,-0.000106337,-0.000115377,-0.000105022,-0.000099149,-0.000236617,0.000007496,-0.000173085,0.000037739,0.00001828,0.000202897,-0.000243857,-0.000070223,0.000125394,-0.000188041,0.000016189,-0.000055838,-0.000110054,0.000056873,-0.000016855,-0.0002088,0.000046445,0.00003463,-0.000022057,-0.000175932,0.000015582,0.000073467,-0.000136074,-0.000157873,-0.000011665,-0.000129176,-0.00004623,-0.000635655,0.000881801,0.000402895,-0.000156323,0.000091134,-0.00004889,-0.000159022,-0.000376759,-0.000018851,-0.000125006,-0.000254247,0.00001592,0.000005401,0.000085737,0.000203071,0.000035908,-0.000277991,-0.000163464,-0.000064398,0.000025909,-0.000079849,0.000053685,-0.000230331,0.000139402,0.000174468,-0.000184608,0.000068437,-0.000092057,0.000017025,-0.000179393
615.550354,0.000057485,0.000014279,0.000018953,-0.000041031,-0.000453317,-0.000023027,-0.000033659,0.000093804,-0.000026786,0.000296224,-0.00000891,-0.00016155,0.000016173,0.000274367,-0.000346764,-0.000039634,-0.000135889,-0.000248352,0.000044584,0.000029096,0.000010047,0.000133696,-0.000072892,-0.000035118,0.000181706,0.0001812,-0.000211712,-0.000070391,-0.000133875,-0.000149098,-0.000103399,0.000013333,0.000016223,-0.000070133,-0.000107858,0.000005433,-0.000213391,-0.000004441,0.00011641,0.000076394,-0.0001695,-0.000072364,0.000120824,-0.000098223,-0.000287239,0.000068821,-0.00022412,-0.000026916,0.000171979,0.00014203,-0.000201546,-0.000023965,-0.000111186,-0.000167098,0.000033962,-0.000064543,-0.00011186,0.000221206,0.000037711,0.000031039,0.000087727,0.000119404,-0.000101601,-0.000225023,0.000216312,0.000003175,0.000065504,-0.000254278,-0.000007409,-0.000175559,-0.000090481,-0.000784795,0.000973293,0.000616519,-0.000168458,0.000010156,0.00008073,-0.000104966,-0.000485242,0.000071514,-0.000134753,-0.000073734,0.000011674,0.00008925,0.000034682,0.00039718,0.000124408,-0.000248183,-0.000082494,-0.00007026,-0.000010597,-0.000010415,0.000028941,-0.000070874,0.000066571,0.000015918,-0.000037321,0.000102417,0.000110306,0.000034959,-0.000037293
616.1421509,0.000071856,-0.000094875,-0.000014971,-0.000072196,-0.000292939,-0.000214083,-0.000122722,0.000114807,-0.000121432,0.000159315,0.00004841,-0.000137983,-0.000172402,0.000077837,-0.00017108,-0.000046662,-0.000133646,-0.000098786,-0.00001153,0.000002504,0.000016266,-0.000075665,-0.000168297,0.00007188,0.000066608,0.000064156,-0.000049134,-0.00023378,0.000037221,-0.000108042,-0.000123782,-0.000216859,0.000101258,0.000024632,-0.000048171,-0.000015436,-0.000109169,0.00003391,-0.000014254,0.000066421,-0.000109917,-0.000136646,-0.000016458,-0.000058164,-0.000425192,0.000030091,-0.000163964,-0.000046341,-0.000017453,0.000154728,-0.000258933,-0.000043517,-0.000127804,-0.000193503,0.000063631,-0.000031435,-0.000124839,0.000271284,-0.00012777,-0.000026321,-0.000056865,-0.000042444,-0.000048179,-0.000227192,0.000263966,0.000042376,0.000151503,-0.000284969,0.00006163,-0.000120734,-0.000148446,-0.0008768,0.001034697,0.000614175,0.000024095,0.000066087,0.00023679,-0.000167337,-0.000358714,0.000159845,-0.000059967,0.00007947,0.000061307,0.000161476,0.000102213,0.000073828,0.000116857,-0.00020805,0.000063635,-0.000171526,0.000059808,-0.000019464,0.000113538,-0.000164796,-0.000107111,0.00013055,-0.000182342,-0.000062644,-0.000045588,-0.000051433,-0.000104216
616.7338867,-0.000143773,-0.000273477,-0.000049046,-0.000140931,-0.000143669,-0.000108202,-0.000247943,-0.000120036,-0.000134061,0.000076382,0.000127179,-0.000022529,-0.000028487,0.00010388,-0.000120595,-0.000094331,-0.000061311,-0.000073454,0.000187273,-0.00001099,0.000068585,-0.000087152,-0.000214995,-0.000013197,0.000084844,-0.00002705,-0.000180896,-0.000137828,-0.000070506,-0.000022349,-0.000030642,-0.000190062,-0.000132296,0.000034157,-0.000163139,-0.000030548,-0.00017919,0.000108734,-0.000219306,0.000110022,0.000066458,-0.000212816,0.000143325,-0.000047955,-0.000120618,0.000032657,-0.000193965,-0.000098559,0.000084907,0.000069787,-0.000346342,0.000005543,-0.00005096,-0.000163017,0.000045855,0.000041399,-0.000040699,0.000090159,-0.000160027,0.000004695,-0.000072919,-0.000072414,0.000030414,-0.000165809,0.000309529,-0.000172283,0.000029825,-0.000304971,0.000268082,-0.000337475,0.000022431,-0.000592734,0.001085941,0.000681273,0.000125686,0.000059598,0.000051114,-0.000064181,-0.000313437,-0.000186449,0.000044814,0.000057098,0.000108172,-0.000094307,0.000180695,0.000045219,0.000034474,0.000116965,-0.00013549,-0.000146173,0.000149488,0.000061214,0.000073659,-0.000036269,-0.000073331,0.000120325,-0.000077695,-0.000156275,-0.000034797,-0.000204091,-0.000183256
617.3257446,-0.000224163,-0.000184762,-0.000064224,-0.000269153,-0.000088246,-0.00006991,-0.000078214,-0.000042823,-0.000234035,0.000118884,0.000218349,-0.000091825,-0.000061805,0.000155118,-0.000193623,-0.00001076,0.000094466,0.000140478,-0.000059446,-0.000101377,0.000019361,0.000056026,-0.000098633,0.000136252,0.000139104,-0.000041088,-0.000278939,0.000133867,0.000161892,0.000041173,0.000147963,0.000027547,-0.000159588,0.00010724,-0.000350122,-0.000070993,-0.000115566,0.000165682,-0.000001028,0.000045865,0.000016665,-0.000073028,0.000136661,-0.000009371,0.000045619,0.000122842,-0.000184761,0.000007716,-0.000016726,0.000083571,-0.000426909,0.000098937,-0.000057718,-0.000299904,-0.000033181,0.000242466,-0.000026587,-0.000005034,0.000037264,0.000007524,0.00002334,-0.000043445,0.000058604,-0.00010454,0.000175656,0.000051013,-0.000180304,-0.000219171,0.000160031,-0.000101634,0.000113083,-0.00072517,0.000984281,0.000804532,0.000103072,0.000027577,0.000078089,-0.000068555,-0.000292715,0.000000055,0.000236116,-0.000074429,0.000041,0.000013596,0.000189267,0.000105043,0.000144228,-0.000002122,-0.000138206,-0.000069995,0.000165052,0.000024106,0.000167906,-0.000020652,0.000045164,0.000073906,-0.000020901,-0.000246249,0.000010247,0.000018141,-0.00005851
617.9176025,-0.000069718,0.00013626,0.000037541,-0.000243596,-0.000213841,-0.000032688,-0.000035263,0.000157408,-0.000189454,0.00017411,0.000052221,-0.000046,0.000020827,0.000172313,-0.000225036,-0.000025477,-0.000061299,-0.000248516,0.000057621,0.00002327,-0.000072086,0.000172233,-0.000096581,0.000138425,0.000088521,0.000015476,-0.000269569,0.000184242,0.000157278,-0.000171732,-0.000040895,-0.000054475,-0.000085964,-0.000083535,-0.000028051,0.000104077,-0.000046532,-0.000048932,0.000090947,-0.000053635,-0.000109291,-0.000059265,0.000161737,0.000121923,-0.000067631,0.00004049,-0.000181757,-0.000087409,0.000143159,0.000089696,-0.000329782,0.000013188,-0.000147643,-0.000200487,-0.000113617,0.000056615,-0.000074788,0.000078529,0.000073675,0.000090927,0.00012029,0.000344995,-0.000073251,-0.00013034,0.000130827,-0.000085283,0.000062148,-0.000138394,-0.000015741,-0.000117334,-0.000104092,-0.000614631,0.000918029,0.000572857,0.000108937,0.000144171,0.000149574,0.000002685,-0.000383672,0.000113382,0.000019245,-0.000015718,-0.000136364,0.000085189,0.000005126,0.000221071,0.000229273,-0.000302716,0.000034281,0.00000441,0.00007284,-0.000108225,0.0001699,-0.000020199,0.000035607,0.000222284,0.000050581,-0.000108566,-0.000103778,-0.000023437,-0.000062188
618.5095215,-0.000190467,0.000010331,0.000024419,-0.000149455,-0.000297307,-0.00023902,0.000040714,-0.000015571,-0.00001549,0.000196914,0.000089305,-0.000104524,0.000052543,0.000129754,-0.000271627,0.000065557,-0.00008171,-0.000327058,-0.000143054,-0.000066333,0.000055176,0.000004365,-0.000093189,0.000132696,-0.000059155,0.000010237,-0.000263993,-0.000028962,-0.000045431,-0.000139558,-0.000013331,0.000018394,-0.000030194,0.000022512,0.000115017,0.000076111,-0.000118846,-0.000035138,0.000243446,-0.000013856,-0.000125822,0.000118661,0.000051181,0.000023738,-0.000333985,-0.000045563,-0.000088096,-0.000011548,0.00015917,0.000001621,-0.000207299,-0.000114382,-0.000176648,-0.000088184,0.000041421,-0.000031817,-0.000129036,-0.000005439,-0.000014741,-0.000171054,-0.000001788,0.000291706,-0.000057532,-0.00012832,-0.000007622,-0.00004786,0.000231612,-0.000157236,0.000003165,-0.000240917,-0.000204248,-0.000548371,0.000901041,0.00035896,-0.000049285,0.000181842,0.000201193,-0.00023108,-0.000405083,0.000071356,0.000123871,-0.000031982,-0.000193378,0.000148307,-0.000007332,0.000123355,0.000100461,0.000033335,0.000004713,-0.000107376,0.00011403,-0.000114313,0.00014661,0.000086847,0.000188976,-0.000057538,-0.000108115,-0.000064108,-0.000014209,-0.000002757,-0.000183986
619.1014404,0.000060146,-0.000146563,-0.000003521,-0.000074145,-0.000301781,-0.000339818,-0.000034185,0.00008047,-0.000128719,0.000077175,0.000159305,-0.0001169,0.000071915,0.000100003,-0.00014073,-0.000023987,-0.000023038,-0.000128137,-0.000071363,-0.000002173,0.000197989,-0.000038968,0.000067743,0.000068013,0.0001246,-0.000082156,-0.00014376,-0.000201842,0.000003231,-0.000026023,-0.000031088,-0.000109507,-0.000027172,0.000180076,0.000122384,-0.00007892,-0.00012382,0.000039549,0.000112004,0.000024072,0.000081803,0.00008918,-0.00004336,0.000014492,-0.000139032,0.000023436,-0.000155117,0.000275113,0.000254937,0.000239478,-0.000158053,0.000055458,-0.000076815,0.000073805,-0.000092595,0.000050235,-0.00004025,-0.000153546,0.000024903,-0.000013009,0.00006461,0.00005271,-0.000118982,-0.000162152,0.00012153,-0.000134258,0.000139011,-0.000110818,0.000061808,-0.000065761,-0.000117876,-0.000670958,0.001034385,0.000529979,-0.000014089,0.000053791,0.000238989,-0.000091895,-0.000184297,0.000084558,0.00005342,0.000070958,0.00001156,0.000360802,0.000151448,0.000186833,0.000100047,-0.000148344,-0.000133415,0.000020718,0.000143324,-0.00014064,0.00009091,-0.000011488,0.000198898,0.000044264,0.000047531,0.000015616,-0.000150988,0.000119689,-0.000185776
619.6934814,-0.000063654,-0.00024471,-0.000038799,-0.000256758,-0.000234369,-0.00007344,-0.000162254,0.000136392,-0.000251706,0.000133627,0.000291419,-0.000250125,0.000076456,-0.00006214,-0.000125809,-0.000037977,-0.000100288,-0.000140685,0.000026983,-0.000092929,0.00006165,0.000011847,0.000028593,-0.0000732,0.000136349,-0.000125824,-0.0000826,-0.000236239,0.000076381,-0.00013886,0.000075222,-0.000264571,-0.000215211,0.000112306,-0.00007711,-0.000042032,-0.000085888,0.000086598,0.000063868,-0.000072401,-0.000000489,-0.000184121,-0.000065922,-0.000022455,-0.00025378,-0.000073915,-0.000093789,0.000010656,0.000065923,-0.000076329,-0.000301665,0.00000569,-0.000127043,-0.000082486,0.000023923,-0.000010694,-0.000139605,-0.000123589,-0.000090671,-0.000000375,0.000028635,0.000107502,-0.000002831,-0.000291601,0.000184315,-0.000324545,-0.000115203,-0.000216323,-0.000113975,-0.000005948,-0.000010108,-0.000775224,0.000843463,0.000437415,0.000187823,0.000122656,0.000135666,-0.000083032,-0.000359789,-0.000276505,-0.000031389,0.000127384,-0.000086818,0.000030655,0.000158982,0.000186113,-0.000080942,-0.00020239,-0.000101626,-0.000101945,0.000069595,-0.000167673,0.000160604,0.000008028,-0.000015186,0.000010686,0.00003687,-0.000078125,-0.000074387,-0.000003296,-0.000255532
620.2855225,-0.000459244,-0.000029657,-0.000027304,-0.000227536,-0.000161501,-0.000123123,-0.000200848,0.000117792,-0.000242646,0.000147603,-0.000006717,-0.000158192,-0.000027371,0.000244769,-0.000114727,0.000062728,-0.000166069,-0.000129645,-0.000022728,0.000016629,0.000222777,-0.000097528,-0.000146813,0.000010778,0.000228897,0.000000434,-0.000414226,-0.000393277,0.000117075,-0.000161778,0.000006567,-0.000164926,-0.000230459,-0.000164984,-0.000161594,-0.000176759,-0.000046172,-0.000078411,0.000122171,-0.000158907,-0.000177541,-0.000173473,0.000029448,0.000042945,-0.000146024,-0.000045335,-0.000254807,0.000011266,0.000031662,-0.000063843,-0.000029731,-0.000049627,-0.000259475,-0.000236881,-0.000125813,0.000050315,-0.000188721,-0.00002885,-0.000125931,-0.000188347,0.000001078,0.000136712,-0.000003896,-0.000351643,0.00001202,-0.000243408,-0.000147044,-0.000302246,-0.000126883,-0.000332245,0.000037522,-0.000694202,0.000925527,0.00051663,-0.000084648,0.000076393,0.000094308,-0.000100873,-0.000278741,-0.000034863,-0.000144995,-0.000102347,-0.000256056,-0.000119238,0.000010116,0.000069914,0.000005775,-0.000122637,-0.000095647,-0.000157354,-0.000017935,-0.000044202,-0.000111951,-0.000067897,0.000098417,0.000109425,-0.000108486,-0.000117128,0.000052119,-0.000251248,-0.000101111
620.8775635,-0.00037679,0.000066943,-0.000087282,-0.000221518,-0.000199432,-0.000167094,-0.000116095,0.000070767,-0.00018614,0.000027933,0.000087645,-0.000028426,0.000006142,0.000144552,-0.000146747,-0.000209897,-0.000270248,-0.000076554,-0.00015554,-0.000105381,0.000074791,0.000081383,-0.000075747,0.000233064,0.000127671,-0.000098151,-0.000366133,-0.000153504,0.00013037,-0.000136569,-0.000104203,-0.000010024,-0.000273147,-0.000254061,-0.000107573,0.000002816,0.000005729,-0.000104385,0.000053877,0.000057948,-0.000064697,-0.000138514,0.000000568,0.000071036,-0.000235836,-0.000097638,-0.000305165,0.000085882,-0.000066697,0.000052599,-0.000224275,0.000001942,-0.000014901,-0.000053093,-0.000078427,-0.000012946,-0.000062681,-0.000054631,-0.00010941,-0.00019041,0.000046956,0.00005749,-0.000113204,-0.000257513,0.000025553,-0.000111169,0.000004914,-0.000085653,-0.000030128,-0.00031767,0.000063363,-0.000484259,0.001229505,0.000672986,0.000067719,0.000048563,0.000112554,-0.000106818,-0.000123568,0.000131665,-0.000106716,-0.000153315,-0.00012572,0.000185179,-0.000006516,-0.000062478,0.000134332,-0.000193771,-0.000024358,-0.000206628,-0.000244815,-0.000250006,-0.000108423,-0.000015665,0.000068515,-0.000029749,-0.000142394,0.000059477,-0.000065496,0.000037839,-0.000090722
621.4696655,0.000026163,-0.000095511,-0.000272386,-0.000257757,-0.000241267,-0.000196419,0.000044304,0.000222358,0.00003691,0.000056558,0.00004606,-0.000252153,0.000075503,-0.000085282,-0.000196699,-0.00002741,-0.00029348,-0.000081894,0.000161058,-0.000147336,0.000133964,-0.000200922,-0.000103727,0.000254982,0.000005524,-0.000337949,-0.000345881,0.000009504,-0.000058967,-0.000116603,0.000009608,-0.000017215,-0.000197388,-0.000033709,-0.00000536,-0.000052433,0.000055744,0.000046425,-0.000004922,0.000204354,0.000018073,-0.000213572,-0.000007537,-0.000077862,-0.000390494,-0.000070708,-0.00004917,0.000170847,0.000043662,0.000100099,-0.000127552,-0.000080502,-0.000033701,-0.000295883,-0.000021525,-0.000058347,-0.000114948,-0.00000227,-0.000017074,-0.000154577,0.000121175,0.00000293,-0.000045108,-0.000217467,0.000109947,-0.000057348,0.00007672,-0.000180638,0.000099828,-0.000235884,-0.000001406,-0.000662228,0.001072189,0.000447966,-0.000096299,-0.000069617,0.000144596,-0.000060448,-0.000275808,0.000085944,-0.00005383,-0.000134811,-0.000136084,0.000094072,0.000188989,-0.000004289,-0.000011007,-0.000110792,-0.000136866,-0.000005438,-0.000065786,-0.000098338,0.000082308,0.000030248,0.000227544,0.000129534,-0.000115697,0.000147595,0.000038578,0.000117228,-0.00015264
622.0618286,0.000032243,-0.000075887,-0.000316666,-0.000178043,-0.000187528,-0.000115467,-0.000203153,0.000022101,0.000059173,0.000091832,0.000188302,-0.000148031,0.000083902,0.000184409,-0.000084283,-0.000098158,-0.000034968,-0.000004344,0.000176481,0.000071639,0.000105671,0.000018703,-0.000031716,0.000141262,0.000225659,0.000017719,-0.000110133,-0.000128988,-0.00015733,-0.000096408,-0.000004015,-0.000125477,-0.00001943,0.000198657,0.000258866,-0.000037838,0.00007177,0.00000609,-0.000010831,-0.000022183,-0.000149161,-0.000060228,0.000026255,0.000000158,-0.000118511,0.000189955,-0.000034492,-0.000041265,0.000107578,0.000078683,-0.000042629,-0.000135175,-0.000123957,-0.000252201,-0.000058239,0.000113015,0.000231451,-0.000017799,0.000103311,0.000003221,-0.000130709,0.000150372,-0.000029809,-0.000257499,0.000123974,-0.000079277,0.000024091,-0.000198203,0.00010079,0.00001962,-0.000168151,-0.000637034,0.001240559,0.000247361,0.000057719,0.000022623,0.000237285,-0.000077576,-0.000312939,0.000165725,0.000075873,0.000057515,0.000223115,-0.000003025,0.000181525,0.000074332,0.00005483,-0.000251586,-0.000015563,0.000162832,-0.000001895,-0.000118012,0.00017982,0.000133463,-0.000028122,0.000240719,-0.000110753,0.000059767,-0.000043562,-0.000086989,0.000018903
622.6540527,-0.000085831,-0.000176644,-0.00016515,-0.000006845,-0.000219132,0.000225939,-0.000206782,-0.000090949,-0.000113135,-0.00004108,0.000093917,-0.000245154,0.000159866,0.000231837,0.000000779,0.00012094,0.00017372,-0.000048003,0.000200252,0.00009101,0.000083613,-0.000018063,0.000034444,0.000161709,0.000041211,0.000099101,-0.000324604,-0.000158915,0.000214328,-0.000050719,-0.000049117,-0.000301298,-0.000152757,0.000176507,0.000008911,0.000032999,0.000153751,0.000286196,-0.000190492,0.000070253,-0.000065179,-0.000060384,-0.000064048,0.000079696,-0.000101525,0.000155457,-0.000121877,0.000024838,0.000095127,-0.000036872,-0.000247564,-0.000065952,-0.000043282,-0.00008479,-0.000001288,-0.000047121,0.000071886,-0.000058429,-0.00008249,0.000033138,0.000129385,0.000234291,0.000100463,-0.000003938,0.00000191,-0.000010252,0.000043342,-0.000210625,0.000051916,-0.000008132,-0.000131796,-0.000612756,0.001154117,0.000423938,0.000250827,0.000159171,0.000315631,-0.000000277,-0.000254533,0.00021328,-0.000073503,-0.000013763,0.00008578,-0.000074901,0.000016992,0.000352649,0.000175209,-0.000120026,-0.000152936,0.000070949,-0.000283072,-0.000193802,0.000058157,-0.000035408,0.000043512,0.000283175,-0.000151466,-0.000083209,-0.000032233,-0.00016717,-0.000012388
623.2462769,-0.000095608,-0.000033342,-0.000064762,-0.000138839,-0.000303789,0.000046459,-0.000099339,-0.000031827,-0.000213967,0.000218134,0.000176164,-0.000123779,0.000032404,0.000216068,-0.000090916,0.000049284,-0.000122316,0.000149067,-0.000078249,-0.000100413,0.00004526,-0.000101512,-0.000120349,0.000011288,0.000053818,-0.000130729,-0.000204451,-0.000126018,0.000109833,-0.000129832,-0.000041267,-0.000016836,-0.000253278,-0.000123883,0.000003231,-0.00000962,0.000094473,0.000260975,-0.000050559,0.000029526,0.000058706,-0.000161065,0.000151844,0.000065201,-0.000080068,0.0001618,-0.000312503,-0.000032251,-0.000060776,-0.000012097,-0.000105642,-0.000046557,-0.000042111,-0.000184747,-0.000046356,-0.000043934,-0.000027591,-0.000016013,-0.000199431,-0.000177012,0.000081405,-0.000020589,0.000028942,-0.000098037,0.000074595,0.000033395,-0.000162033,-0.000297131,0.000094521,-0.000026787,0.000062341,-0.000577579,0.000773877,0.000478257,0.000105091,0.000229973,0.000266697,0.000055057,-0.000235574,0.000048676,-0.000115473,0.000053791,-0.000205027,-0.000189127,0.000208917,0.000194382,0.000139798,-0.000043949,0.000048418,0.00005207,-0.000086981,0.000025632,0.000011072,0.00003733,0.000086284,0.000146113,-0.000134991,-0.000066918,-0.000032816,0.000189878,-0.000078345
623.838562,-0.000076348,-0.000077098,0.000090205,-0.000334698,-0.000200972,-0.000140926,-0.000049091,0.000122549,-0.000049629,0.000169983,0.000047458,-0.000015723,0.000061916,0.00015503,-0.000195768,0.000090769,-0.000310462,-0.0000466,-0.000138607,-0.000078888,-0.000145788,-0.000007636,-0.000041915,0.000225545,0.000096181,0.000062394,-0.000186329,-0.000139896,-0.000078436,0.000027162,0.000021374,0.000121812,-0.000362074,-0.000137144,-0.000160483,-0.000027032,0.000062077,-0.00012115,0.000062607,-0.000104233,-0.000038462,0.000090038,0.000195397,0.000058311,-0.000085181,0.000013525,-0.000202819,-0.000023399,0.000035771,0.000188804,-0.000021412,0.000127733,0.000001226,-0.000092508,-0.00013451,-0.000264162,0.000045687,0.00024419,-0.000084004,-0.000126007,-0.000003557,0.000057329,-0.000143888,-0.00011051,0.000008757,-0.000276139,-0.000014151,-0.00010295,0.000025187,-0.000140445,0.000016004,-0.000454314,0.000952067,0.000537995,0.000035712,-0.000086238,0.000357994,-0.000006585,-0.000385651,0.000113993,-0.000041748,-0.000042516,-0.000147429,-0.000012259,0.000363895,0.000070884,0.000062672,-0.000097527,-0.000016787,0.000006035,-0.000072363,-0.000051594,0.000056772,0.000019089,0.000016834,0.000053845,-0.00013275,-0.000163993,-0.000014744,0.000076185,-0.000154218
624.4309082,-0.000090759,-0.000004814,-0.000143504,-0.000152732,-0.000062924,-0.000200837,-0.000074133,0.000118132,-0.000070889,0.000312003,0.000145567,-0.000123119,-0.000073759,-0.00000626,-0.000246888,0.000132036,-0.000080295,-0.000220368,0.000021456,-0.000102368,-0.000120396,-0.000042711,-0.00008849,0.000232761,0.000177538,0.000047579,-0.00008548,-0.000085573,-0.000056819,-0.00002057,-0.000030876,0.000117581,-0.000103314,0.000003485,-0.000248341,-0.000062765,-0.000164575,-0.000050954,0.000169765,0.000182156,-0.000137315,-0.000016973,-0.000067908,-0.000093834,-0.000353929,0.000033466,0.00003988,-0.00000232,0.000158286,0.000150224,0.000045875,-0.000003387,0.000108054,-0.000169202,-0.000083839,-0.000112767,0.000068922,0.000164692,-0.000001272,-0.000167898,-0.000018881,0.00014024,-0.000007115,-0.000072174,-0.000004348,-0.000179711,0.000082116,-0.000232689,0.000014358,-0.000278014,0.000007555,-0.000512807,0.00092632,0.00036718,0.000088575,0.000007864,0.000049589,-0.000026626,-0.000276546,-0.000008612,0.000134572,0.000010303,-0.000154034,0.000257093,0.000202679,0.000307475,0.000093315,-0.000317107,-0.00002268,0.000004654,-0.000041099,-0.000055811,-0.000050398,0.000091538,0.000113445,-0.000008492,-0.00017227,0.000016974,-0.000135413,0.000071915,-0.000149977
625.0232544,0.000061467,-0.000006548,-0.000260441,-0.000224896,-0.000244978,-0.000237374,-0.000314536,0.000086293,-0.000216163,0.000151194,0.000062323,-0.000035732,0.000007926,0.000026638,-0.00025231,-0.000001477,0.000039055,-0.000062885,0.000104253,-0.000154691,-0.000003198,0.000129871,-0.000023316,0.000047107,0.000126037,0.00003826,-0.00009071,-0.000219074,0.000097467,0.000043294,0.000023342,-0.000004418,0.000063033,0.000225013,-0.000120144,0.000014826,-0.000124238,-0.00001603,0.00018396,0.000000026,-0.000256541,0.000000666,-0.000033524,0.000050445,-0.000212474,0.000095407,-0.000027973,0.000174834,0.000070474,-0.000017964,-0.000234603,-0.000162217,-0.000256511,-0.000223601,0.000021581,0.000273274,0.000196482,-0.000186339,-0.000030511,-0.000112729,-0.000055025,0.000222895,-0.000311076,-0.000342432,0.000160373,-0.000085992,0.000055908,-0.000091592,0.000098424,-0.000169282,0.000034477,-0.000541107,0.000679295,0.000361291,0.000246475,0.000015135,0.000148632,0.000040365,-0.000262612,0.000207718,-0.000044953,-0.00003626,-0.000166634,0.000179067,0.000161998,0.00016394,0.000158921,-0.000263684,0.000015021,0.000054168,-0.000054649,-0.000358826,0.000149174,-0.000113999,0.000044409,0.000071734,-0.000160563,0.000116124,-0.000093307,0.000030032,-0.00020559
625.6156616,-0.00013826,-0.000105556,-0.000040109,-0.000207497,-0.000351376,-0.000270401,-0.000264943,0.000127685,0.000009347,0.000071407,0.000018042,-0.000104316,0.000050778,-0.000001278,-0.000147643,-0.000197012,-0.000081791,0.000021556,-0.000120514,-0.000082368,0.000087354,-0.000145083,-0.000019072,0.00013098,0.000148622,-0.000165702,-0.000324777,-0.0001633,-0.000026639,0.000181497,-0.000048356,-0.00000875,-0.000002027,0.000093848,-0.000151628,0.00016518,-0.000193503,0.000028299,0.000101184,0.000069235,-0.000231451,-0.000040318,0.000011123,0.000132404,0.000051715,0.000012842,-0.000107323,-0.000207893,0.000238736,0.000005817,-0.000359725,-0.000072152,-0.000078685,-0.000164644,0.00014803,0.000095056,-0.00011645,-0.000036638,0.000074957,0.000080077,-0.000033196,0.000268419,-0.000224465,-0.000238436,0.000204132,-0.000103603,-0.000119737,-0.000153387,-0.00006797,-0.000105732,-0.000055634,-0.000458573,0.000777263,0.000410626,0.000160598,-0.00011422,0.000216117,0.00010597,-0.000137517,-0.000101706,-0.000041339,-0.000018107,-0.000129155,-0.000220181,0.000097644,0.000143475,-0.000108108,-0.000015991,0.000031611,-0.000153451,0.000029264,-0.000238841,0.000140473,-0.000074346,-0.000160803,0.000148627,-0.000088777,-0.000156715,0.000093112,-0.00004861,-0.000059227
626.2081299,-0.000257145,-0.000007863,-0.000045155,-0.000160985,-0.000376287,-0.000126737,-0.000224216,0.000171732,-0.000123209,0.000154596,0.0001306,0.000023862,0.000002204,0.000193793,-0.000001452,-0.000353006,-0.000138799,-0.00003459,-0.000065483,0.000320097,0.000060262,0.000044537,-0.000090567,0.000026294,0.000100547,-0.00000732,-0.000634828,-0.000098251,0.000203739,-0.000065544,-0.000189462,-0.000029947,-0.000294744,-0.000293341,-0.000218951,0.000021265,-0.000038708,-0.000052469,0.000046397,0.000139164,-0.000136356,-0.000023663,-0.000207284,0.000045777,-0.000017459,0.000119753,-0.000302966,-0.000160458,0.000182197,0.000111298,-0.000242343,0.000134591,-0.00009161,-0.000284854,0.000003178,-0.000104316,-0.000205681,-0.000029406,-0.000012131,-0.00004157,-0.000090129,0.000178409,-0.000068296,-0.000220763,0.000040641,-0.000219461,-0.000289559,-0.000115946,-0.000097123,-0.000304875,-0.000188175,-0.000491024,0.000894552,0.000248175,0.00005714,0.000020305,0.000232817,-0.000159014,-0.000309958,0.000091986,-0.000040447,-0.00010429,-0.000140497,-0.000071335,0.000115794,-0.000005626,-0.00010977,0.000166671,-0.000081784,-0.000179152,-0.00000765,-0.000316504,-0.000057492,-0.00008132,-0.00021629,0.000102828,-0.000078843,-0.000241139,0.000029191,-0.000243349,-0.000187811
626.8006592,-0.000100119,0.000016431,0.000001582,-0.000225335,-0.000256997,-0.000137765,-0.000244598,-0.000013315,-0.000064935,0.000219589,0.00000632,-0.000238959,-0.000122167,0.000327456,-0.000270762,-0.000160205,-0.000230862,-0.000357191,0.000099933,0.000054552,0.000120417,-0.000085125,-0.000121536,-0.000038039,0.000041444,-0.000172834,-0.000413967,0.000003069,-0.000001385,-0.00009925,-0.000159092,0.000034849,-0.000221251,-0.000153734,-0.000059096,0.000071388,-0.000090569,-0.000078694,0.000046405,-0.000109967,-0.000161491,0.000034163,-0.000289629,0.000020164,-0.000131825,0.000080927,-0.00035605,-0.000056209,0.000216797,-0.000053633,-0.00019064,0.000063785,-0.000001246,-0.000206453,-0.000111736,-0.000066165,-0.000072532,0.000164156,-0.000009957,-0.000065628,-0.000030652,0.000069659,-0.000220074,-0.00011949,0.000059896,-0.000248132,-0.000225424,-0.000157574,0.000011422,-0.000482746,-0.000313769,-0.00044577,0.000858789,0.000154296,-0.000189854,0.000083261,0.000453183,-0.000025933,-0.000234698,0.000274711,-0.000083118,-0.000207357,-0.000121693,0.000030544,0.0002196,-0.000039214,0.000105074,0.000061683,-0.000008651,0.000001901,-0.000036683,-0.000347826,0.000078492,-0.000054256,-0.000080095,0.000074685,0.000015141,-0.000111523,0.000048179,-0.00002084,-0.000191768
627.3931885,-0.000032374,-0.000147665,0.000138391,-0.000023232,-0.000535017,-0.000302264,-0.000135807,0.000007809,0.000029692,0.000147478,0.000063498,-0.000307628,-0.000217115,-0.000004092,-0.000265608,-0.000141151,-0.000162169,-0.000204544,0.000002224,-0.000156205,-0.000051501,-0.000158883,-0.000201109,-0.000044641,0.000000287,-0.000031965,-0.000300068,-0.000163035,0.000108156,0.000037217,-0.000154771,-0.000158717,-0.000222172,-0.000033085,0.000092584,0.000233262,-0.000064548,-0.000192819,0.00003979,-0.000030071,-0.000266779,-0.000012646,-0.000014882,0.000050196,0.000045782,-0.000034544,-0.000046832,-0.000219937,0.000062924,0.000142307,-0.000045012,-0.000217861,-0.000107004,-0.000085389,-0.000087562,-0.000205077,0.000038792,-0.000042905,-0.000074654,-0.000069821,-0.000176524,0.000083276,-0.000292131,-0.000166135,0.000145804,-0.000225309,-0.000108264,-0.000314584,-0.000007964,-0.000232376,-0.000081543,-0.000476598,0.000776829,0.000265616,-0.000108578,-0.00007318,0.000272081,-0.000084982,-0.000227646,0.00015979,-0.000033222,-0.000017437,-0.000193154,0.000077022,0.000216983,0.00025869,0.000119898,0.000043196,0.000003257,-0.000263902,0.000052983,-0.000047459,-0.000040784,-0.000040065,-0.000008042,-0.000084798,-0.000132761,0.000244831,0.000047012,0.000077994,-0.000147527
627.9857788,-0.00016327,-0.000147238,-0.000148939,-0.00016428,-0.000267029,-0.000243927,-0.000407033,0.000143712,-0.000194895,0.000316073,0.000132097,-0.000103713,-0.000149432,0.000110352,-0.000022749,0.000083903,-0.000085932,-0.000073249,-0.000019557,-0.000087891,0.000111981,-0.000033273,-0.000053359,0.000192849,0.000067937,0.00000476,-0.000130691,0.000056068,-0.000068937,0.00000854,-0.000165885,-0.000280241,-0.000141952,0.000024159,-0.000032198,0.00028945,-0.000096107,0.000001451,0.000031749,-0.00013755,-0.00018857,-0.000093979,-0.00009893,0.000144906,-0.000137497,0.000010439,-0.000115631,0.000156978,0.00006795,0.000079939,-0.000138802,-0.000050552,-0.000105254,-0.00000897,-0.000104423,-0.000110069,-0.000019015,-0.000134868,-0.000068352,0.000131114,-0.000188633,0.00001164,-0.000098264,-0.000120158,0.000365183,-0.000020824,-0.000108445,-0.000333849,0.000304993,-0.000124938,-0.000067172,-0.000405964,0.000653565,0.000418333,0.000065922,-0.000120064,-0.000117138,-0.00007976,-0.00025357,0.000102011,-0.000092663,0.000056353,-0.000056241,0.000116184,0.000156214,0.00017052,0.00006228,0.000008793,0.000031326,0.000039321,-0.000044842,-0.000163332,0.000021477,0.000032114,-0.000103693,-0.000011171,-0.000055047,0.00008847,-0.000150639,0.00003094,-0.000126949
628.5783691,-0.000182767,-0.000022005,-0.000139546,-0.000118125,-0.000138434,-0.000169577,-0.000251193,-0.000114309,-0.000198094,0.000359485,0.00019561,-0.00015654,-0.000106581,0.000086947,-0.00010465,0.000024006,-0.000189196,-0.000077695,-0.000248399,-0.000222937,0.000231015,-0.000064874,-0.000067664,0.000100961,-0.000009478,-0.000092522,-0.000326213,0.000133949,0.000047317,0.000091088,-0.000040747,-0.000049976,-0.00027708,0.000098056,0.000115044,0.000086009,-0.00008563,0.000001492,0.00005513,-0.000093655,-0.000065483,0.000029591,0.000181832,0.000147454,-0.000081604,-0.000083258,0.00003008,0.000058179,0.000204067,-0.00011942,-0.00009625,0.000038778,0.000031439,-0.000067284,0.000019742,0.000172944,-0.000031656,-0.000205193,0.000033095,-0.000055857,-0.000189388,0.000082587,-0.000015396,-0.000170541,0.000370612,-0.00017696,-0.00014286,-0.000206048,-0.00001458,0.000084725,-0.000128891,-0.000408613,0.000809624,0.00050594,0.000173883,0.000084471,0.000100681,-0.00006922,-0.000101895,-0.000032769,0.000081745,0.000073994,-0.000072163,-0.000092648,0.000048012,0.000039537,0.000039938,0.000065422,0.000123287,0.000013186,-0.00008403,-0.000217241,-0.00016255,-0.000093382,-0.000023997,0.000140673,-0.000298166,-0.000033954,-0.000006214,-0.000098068,-0.000189207
629.1710205,-0.000211844,0.000025158,-0.000093192,-0.000139829,-0.000142814,-0.000133002,-0.000345929,-0.000174325,-0.000352505,0.000381087,0.000042747,-0.000142763,0.00007855,0.000251247,-0.000110228,0.000189157,-0.000052232,-0.000063829,0.000048086,0.000127845,0.000198832,-0.000025252,-0.000074195,0.000120371,0.000137118,0.00000325,-0.000301641,-0.000187223,0.000180384,-0.000010707,0.000039753,-0.000024384,-0.000146073,-0.000193014,-0.000006305,0.000155807,-0.000176603,0.000087771,0.000107847,0.000131293,0.000071219,0.000004949,0.000117243,0.000035251,-0.000116732,0.000022242,-0.000022231,0.000076817,0.000191926,0.000193189,-0.000227501,0.000003345,-0.000302605,-0.000061366,0.000021333,-0.000005337,0.000118763,-0.000082752,0.000063873,-0.000158497,-0.000069668,0.000089428,-0.000029125,-0.000142677,0.000284611,-0.000203248,0.000072281,-0.000149109,-0.000014128,0.000022027,0.000040338,-0.000448244,0.000860426,0.000515684,0.000169612,0.000191715,0.000247038,-0.000029383,-0.000145372,-0.000083415,0.000068625,-0.000119462,-0.000106817,-0.000080506,0.000029873,0.000052597,0.000094966,0.000021843,-0.000056232,-0.00000165,0.000006769,-0.000122569,-0.000069497,-0.000139016,0.00004754,0.000166542,-0.000262949,-0.000043797,-0.000159245,0.00008857,-0.000020969
629.7637329,-0.000215434,-0.000005074,0.000057611,-0.000184934,-0.000114483,-0.000225487,-0.000162154,0.000064778,-0.000197262,0.000087871,0.000073738,-0.000149208,0.000129462,0.000275566,-0.000325298,-0.000048718,-0.000267517,-0.000197196,0.000103792,0.000122491,-0.000021854,0.00001182,-0.000056313,0.000186546,0.000230806,-0.000178768,-0.000252402,-0.000302796,0.000134434,-0.00010027,0.0000148,0.000101675,-0.000256123,-0.000085617,-0.000099979,0.000107979,-0.000002654,-0.000187103,0.000357003,-0.000028,0.000014485,-0.000061227,-0.000069382,-0.000090165,-0.000284526,0.000062173,-0.000356529,0.00021973,0.00016711,0.000201961,-0.000143521,-0.000118073,0.000032684,-0.000109842,0.000103621,-0.000032262,-0.000010511,0.000063151,0.000134299,-0.00000008,0.000085761,0.000166813,-0.000230016,-0.000059006,0.000065047,-0.000217176,-0.000068269,-0.000168494,0.000143121,-0.000019829,0.000011623,-0.000536556,0.000741407,0.000364343,0.000105042,0.000165924,-0.000030161,-0.000010428,-0.00016431,0.000134444,-0.000017778,-0.000147994,-0.000058314,-0.000003505,0.000013042,-0.000194795,0.000153758,-0.000051358,-0.000057136,-0.000136808,-0.00002396,-0.000112529,-0.000061515,0.000001417,0.000153491,0.000043184,0.000037924,0.000032075,-0.000030351,0.000142014,-0.000040592
630.3565063,-0.000195942,-0.000005302,-0.000135375,-0.000162319,-0.000286267,-0.000047301,0.000173757,0.000122203,0.000086629,0.000002818,-0.000090166,-0.000267239,-0.000041856,0.000023799,-0.000185631,0.000042685,-0.000291058,-0.000155496,-0.000118203,0.000075914,0.000137403,-0.000051214,-0.000113902,-0.000007179,0.000131133,-0.000017335,-0.000276075,-0.000106251,-0.000300683,-0.000251787,0.000070112,-0.000265788,-0.000053619,0.000003747,0.000044629,0.000049233,0.00009939,0.000167011,0.000146689,-0.000072225,-0.000094532,-0.000078627,-0.000063414,0.000040396,-0.000245813,0.000000628,-0.000032618,-0.000069746,0.000071298,0.000083934,-0.000188347,-0.000310535,0.000127907,-0.000172234,0.00012455,-0.000051497,-0.000060789,0.000132593,-0.000027299,0.000035288,0.000047527,-0.000006657,-0.000154989,-0.000110354,0.0001269,-0.000080088,-0.000050644,-0.000508922,-0.000052515,-0.000237056,-0.000097553,-0.000537033,0.00048382,0.000191836,-0.000078505,-0.000205935,-0.00016796,0.000009908,-0.000344831,0.000179763,-0.000056201,0.000013394,-0.000175975,-0.000137938,0.000239816,-0.000066196,0.000130436,-0.000051552,-0.000048941,-0.000006872,-0.000178083,0.000061379,-0.000046248,-0.000114683,0.000063375,0.0000555,-0.000210867,0.000147734,0.000087328,0.000156457,-0.00000448
630.9492798,-0.000273483,-0.000239436,-0.00011473,-0.000226134,-0.000414355,0.000030968,0.000039382,-0.000099138,0.000122946,0.000139057,0.000082028,-0.000016851,-0.00007708,0.000119153,-0.000070693,0.000018979,-0.000014975,0.000016061,-0.000080088,0.00021022,0.00011175,-0.000078965,-0.000062608,0.00005731,0.000146889,0.000051246,-0.00010191,0.000018503,-0.000240077,-0.000049888,0.000026411,-0.000400393,-0.000075771,-0.00001942,-0.00001528,0.000011258,-0.000103076,0.000064125,-0.000110905,-0.00011054,0.000125151,-0.000158573,-0.000145016,-0.000002129,-0.000137698,0.000115463,-0.000099641,-0.000047252,0.000058634,0.000120152,-0.000108364,-0.000110101,-0.00005335,-0.000115822,0.000107228,0.000327239,0.000027621,0.000157056,-0.000036126,-0.000029,0.000091948,-0.000075075,-0.000053434,-0.000241922,0.00026446,-0.000091227,0.000134929,-0.000305058,-0.000031141,-0.000143435,-0.000112192,-0.000702626,0.000668589,0.000068851,-0.000033354,0.0000668,0.000110171,0.000078644,-0.000229956,0.000133288,-0.000021663,0.000108795,-0.000029192,0.000073701,0.000118397,0.000022234,-0.000045665,0.000107985,0.000167094,0.000201634,-0.000021619,-0.000101395,0.000223821,-0.000088269,-0.000174198,-0.00001822,-0.00012098,-0.000001804,0.000065701,-0.000003348,0.000111541
631.5421143,-0.000227026,-0.000208943,-0.000060407,-0.000019371,-0.000154865,0.000045107,0.000060662,0.00003169,-0.000152158,0.000168595,0.000030287,-0.000138495,-0.000181681,0.00029305,-0.000242006,-0.000162949,-0.000031094,0.000062458,-0.000129969,-0.0000019,0.000067112,-0.000024091,0.000158026,0.000198654,0.000111638,-0.000106643,-0.000232965,0.000006496,0.000028368,0.00019098,0.000263944,-0.000210306,-0.000226809,0.000026347,-0.000041118,0.000008885,0.000045924,-0.000007945,0.000002555,0.000020457,-0.000074658,0.00009935,0.000049988,0.000025374,-0.000235085,0.000170493,0.000108068,0.000147257,0.00008621,0.000323817,-0.000043043,0.000013109,-0.000011005,-0.000430239,0.000311897,0.000139185,0.000024534,0.00010179,-0.000082598,-0.000108013,0.000158099,0.000167425,0.000155119,-0.000079164,0.000183238,-0.000113936,-0.000186733,0.00000657,-0.000100612,-0.000100763,-0.000187899,-0.00048697,0.000412138,0.000344087,0.000205006,-0.00006595,0.000144449,0.000001548,-0.00018389,-0.000175019,-0.000027207,-0.000073311,-0.000010999,-0.000021863,0.000025935,0.000064711,-0.000209945,-0.000032168,-0.000003885,-0.000018626,-0.000123106,-0.000095912,0.000061451,-0.000152854,-0.000021425,-0.000093854,-0.000344948,-0.000204458,-0.00001377,-0.000128788,0.000188292
632.1349487,-0.000244818,-0.000146364,0.000083708,-0.000252418,-0.000231569,0.000060761,-0.000021274,0.000033532,-0.000190835,0.000173578,0.000094275,-0.000100282,-0.000160796,0.000310132,-0.000078979,-0.000073663,-0.000095649,-0.000016542,-0.000273577,-0.00005753,-0.000153417,0.000052985,0.000041282,0.0001257,0.000078165,-0.000061222,-0.000079656,0.000096951,0.000073033,0.000012832,-0.000056505,-0.000130618,-0.000128249,-0.000041401,-0.000215164,-0.000012091,-0.000101579,-0.000016519,0.00005081,-0.00016157,-0.000035414,0.000080527,-0.00010857,-0.000149305,-0.000094019,0.000174885,-0.000091606,0.000176593,0.000056401,0.000285835,-0.000194888,0.000007359,-0.000066134,-0.000338685,-0.000115564,-0.000121132,-0.000135449,0.000063017,-0.0002729,-0.000132982,-0.00001531,0.000097817,-0.00024193,-0.000070764,0.000051991,-0.000011297,-0.000083402,-0.000118547,0.000232537,-0.000154055,-0.000075388,-0.000364378,0.000229526,0.000479619,0.000180788,-0.000006021,0.000097381,-0.000087646,-0.000041107,0.000163947,0.000101127,-0.000100951,-0.000292354,-0.000124588,0.000027294,-0.000073498,0.000077901,-0.000192557,-0.000033944,-0.000096456,-0.000011418,0.000068185,-0.000062411,-0.000088642,0.000058417,-0.0001046,-0.00024053,-0.000173742,-0.000156731,0.000110158,-0.000281955
632.7279053,-0.000250046,-0.000070412,-0.000060396,-0.000426541,-0.000273934,0.000015637,-0.000107813,-0.000069386,-0.000226493,-0.000068027,-0.000013506,-0.000149865,-0.000069654,0.000135053,-0.000135298,-0.000253781,-0.000335565,-0.00036163,-0.00002552,-0.000068347,-0.000015202,-0.000012152,-0.000167015,0.000065879,0.000082831,-0.00009798,-0.000028709,0.000115832,0.000015593,-0.000114316,-0.000137381,-0.000123345,-0.000073819,-0.000106319,0.000031492,0.000079228,-0.000194445,-0.000091879,0.000150428,-0.000194862,-0.000046041,-0.000101049,-0.000060869,0.000033736,-0.00004611,-0.000033448,-0.000277094,-0.000110279,0.000116043,-0.000173352,-0.00022522,-0.000202012,-0.000223264,-0.000247306,-0.000113929,-0.000223201,-0.000164685,0.000089773,-0.000202025,-0.000156805,0.00006279,0.000271798,-0.00024761,-0.000043082,0.000152269,-0.000212982,-0.000325563,-0.000090216,0.000151522,-0.000311358,-0.000208401,-0.00041116,0.000481041,0.00038425,-0.000157141,-0.000003012,0.000019202,-0.000015841,-0.000230399,0.000122625,0.000072327,-0.000117387,-0.00026737,0.000017269,0.000148851,0.000020914,0.000236853,0.000046983,-0.000108643,-0.000041803,0.000039153,0.000105062,-0.000038418,-0.000078428,-0.000030288,-0.000002374,0.000000152,-0.000014274,-0.000169297,0.000101331,-0.000100079
633.3208618,-0.000232743,-0.000003493,-0.000104749,-0.000371473,-0.000234892,-0.000345189,-0.000034181,0.000121514,-0.000029771,0.000009437,-0.000040061,-0.000052808,0.00005775,0.000022829,-0.000298611,-0.000057131,-0.000109376,-0.000345566,0.000070244,-0.000030099,0.000172127,-0.000046102,-0.000226328,0.000027906,-0.000101183,0.000025364,-0.000112567,-0.000026244,0.000035841,-0.000223903,-0.000004031,-0.000166598,-0.000207334,0.000109133,-0.000041553,-0.000072644,-0.000281372,-0.000049577,0.000188879,-0.00008266,-0.000036676,-0.000043934,-0.000086269,-0.000079432,-0.000153472,-0.000094292,-0.000126597,0.000025618,0.000200406,-0.000235715,-0.000072846,-0.000261076,-0.000112566,-0.000137975,-0.000019351,-0.000087418,-0.000085291,0.000110629,-0.000327414,-0.000184894,-0.000032305,0.000133409,-0.0001718,-0.00003411,0.000187494,-0.000174282,-0.00012573,-0.000187755,-0.000053474,-0.000079413,-0.000138334,-0.000523892,0.0001463,0.000283509,-0.000005114,-0.000114258,0.000061839,-0.000196918,-0.0002866,0.000161533,-0.000181569,0.000002218,-0.000168445,-0.000148968,0.000088672,0.000097412,-0.000067341,0.000130552,0.000184251,-0.000096684,-0.000157193,-0.000057988,0.00003751,0.000026595,-0.000066846,0.000056671,-0.000355362,0.000225101,-0.000040975,-0.000279826,0.000007624
633.9138184,-0.000024311,-0.000075143,-0.000223634,-0.000153106,-0.000212343,-0.000224262,0.000058755,0.00008599,-0.000101411,0.000199389,0.000361613,-0.000211934,-0.000021196,0.000137494,-0.000109825,0.000069317,0.000003176,0.000111771,0.000039179,0.000029612,0.00016823,0.000016112,-0.000213334,0.000195785,0.000088188,0.000110485,0.00002958,-0.000096817,-0.000251461,0.000041208,-0.000077703,-0.000308239,-0.000188977,-0.000065677,-0.000098765,0.00019448,-0.000209779,-0.000005057,0.000375565,0.000014697,0.000029605,-0.000078026,-0.000156869,-0.000021926,-0.000201031,0.000056025,-0.00001882,0.000205391,-0.000116192,-0.000156755,-0.000161394,0.000006785,-0.000085432,-0.000083997,-0.000116775,0.000149504,-0.000048738,0.000107993,-0.000181322,-0.000108237,0.000052348,0.000070664,-0.000062045,-0.000027169,0.000195994,-0.000131516,-0.000140816,-0.000227576,0.000028449,-0.00012106,-0.000087683,-0.000267308,0.000398425,0.000280119,-0.000116221,-0.000213344,0.000148964,-0.000040007,-0.000333295,0.000377191,0.000022008,0.000022681,0.00000462,-0.000031962,-0.00004698,0.000138761,0.000123723,-0.000078826,0.000271468,-0.000076364,-0.000016462,-0.00007639,0.000094799,-0.000037245,-0.000065296,0.000048113,-0.000099604,0.000068741,0.000079184,-0.000119826,-0.000150653
634.5068359,0.000033724,-0.000148886,-0.000064819,-0.000197225,-0.000187351,-0.000077537,0.00000085,0.000045696,-0.000160504,0.000115443,0.000177884,-0.000183374,0.000019172,0.000211917,-0.000121303,0.00018123,-0.000212594,0.000174835,-0.000141159,-0.000136506,0.00001799,0.000017802,-0.000015042,-0.000036964,0.000155584,-0.000132588,-0.000025907,-0.000168979,0.000109947,0.000128262,-0.000047765,-0.000282133,-0.000054843,0.00009374,-0.00016996,-0.000002832,-0.000125116,-0.000002645,0.000232379,0.000004004,-0.000029115,-0.000115326,-0.000181034,0.000133777,-0.000174559,0.000130384,0.000029982,0.000134939,0.000058489,-0.000147223,-0.000182837,-0.000133671,-0.000084422,-0.00004273,0.000199773,0.000271936,-0.000008947,0.000034759,-0.000376643,0.000127835,0.000115348,0.000161177,-0.000143825,-0.000115844,0.000106247,-0.00024868,-0.000059922,-0.000307315,0.000128573,-0.000236613,0.00006729,-0.00030547,0.000470507,0.000177048,0.000308552,-0.000047807,0.000028048,-0.000029461,-0.000137798,0.000378614,0.000157063,-0.000163575,-0.000067368,-0.000158185,0.000026441,0.000036378,0.000021705,0.000162361,0.000028864,0.000032885,-0.000110714,-0.0000741,0.000065234,-0.000066458,-0.000024403,0.000120278,-0.000207076,0.000028889,0.000123076,-0.000259067,-0.000181114
635.0999146,-0.000104284,-0.000141204,-0.00012576,-0.000135716,-0.000120668,-0.000021926,-0.000096855,-0.000053895,0.00005549,0.000107958,0.000125481,-0.000091505,-0.000178949,0.000276331,-0.000216852,0.000271142,-0.000149703,0.000323576,-0.000252959,-0.000051184,0.000020952,-0.000120078,-0.000181533,0.000105857,0.000139527,-0.000108469,-0.000321096,0.000088569,0.000172544,0.000043501,-0.000121825,0.000001831,-0.000027904,0.00005098,-0.000063885,0.000163418,-0.000099455,-0.000056258,0.000015317,0.00012448,-0.000274344,0.000045765,0.00010048,-0.000043364,-0.00015311,0.00018986,-0.000214641,0.00009512,0.000232859,0.000163774,-0.000076502,0.00005052,0.000166303,0.000006926,-0.000006273,0.000095441,0.000064279,0.000065206,0.000068202,-0.000064704,-0.000002973,0.00012104,0.000026022,-0.000152581,-0.000068821,-0.000045403,-0.000069705,0.000074353,0.000010776,-0.000393735,-0.000005195,-0.000430005,0.000499953,0.000123967,0.000182079,-0.00016965,-0.000099934,-0.000125978,-0.000030871,0.000117031,-0.000047442,-0.00002009,-0.000204694,-0.000126587,-0.000050737,-0.000280437,-0.000017749,0.000169034,0.000068387,-0.000207701,-0.000014106,0.000046737,0.000017004,-0.000109111,0.000306597,0.00008217,-0.000187389,0.00000109,-0.000006906,-0.000090224,-0.000162673
635.6930542,-0.000009061,0.000034198,-0.000181682,-0.000143412,-0.000127402,-0.000092576,0.000046793,0.000115651,-0.000295632,0.000031936,-0.000030676,-0.000068819,-0.000155768,0.00037744,-0.000292847,0.000166996,-0.000048507,-0.000282095,-0.000083788,-0.000046243,0.000107361,-0.000197287,-0.000070693,0.000023656,0.000031102,-0.000094933,-0.000057435,-0.000010559,0.000257544,0.000071901,0.000143051,-0.000058731,-0.000178024,-0.000157199,-0.000090128,0.000105133,-0.000053123,-0.00023603,0.00018567,0.000079655,-0.000219357,0.000239399,-0.000029641,-0.000052399,-0.000157467,-0.000037754,-0.000280903,0.000029162,0.000287211,0.000187746,-0.00001249,0.000070107,0.000046024,-0.000158609,0.00003212,0.000110844,-0.000248316,0.000159897,0.000203232,0.000023992,0.000138647,-0.000028522,-0.000082303,-0.000059384,0.000187656,0.000055226,0.000009268,-0.00016409,-0.000025176,-0.000191735,0.000016858,-0.000347514,0.000322211,0.000305791,-0.000105878,-0.000179925,0.000025459,-0.000142401,-0.000144598,0.000279349,0.000030513,-0.000094012,0.000075353,0.00011005,-0.000040442,-0.000268378,-0.000023365,0.000132383,-0.00004746,-0.000007316,0.000124934,-0.000177509,0.000066393,-0.000066074,0.000178878,-0.000332501,-0.000328789,-0.00010715,0.000082931,0.000154527,-0.000127228
636.2862549,-0.000372003,-0.000129659,-0.000206054,0.000074508,-0.000328117,-0.000099612,-0.00009484,0.000227403,-0.000270747,0.000123852,-0.000137772,-0.000071406,0.000062332,0.000105611,-0.000271761,0.000003912,-0.000167649,-0.000070978,-0.00016454,-0.000066519,-0.000106164,-0.000164997,-0.000046892,0.000051332,0.000163709,-0.000107578,-0.000107236,-0.000069943,-0.000248075,0.000024937,0.000009395,-0.000103905,-0.000083412,0.000043383,-0.000136834,-0.000025262,-0.000107243,-0.000198072,0.000048181,-0.000161445,-0.000136734,-0.000055059,0.000086283,0.000066263,-0.000280248,-0.000019896,-0.000025688,0.00006563,0.000313697,0.000041652,0.000186608,-0.000061011,-0.000170105,-0.000358119,0.000007696,0.000173749,-0.000055766,0.000249456,-0.000172017,-0.000045066,-0.000078973,0.000298829,-0.000139094,0.000017924,0.000161878,-0.00000874,0.000190694,-0.000133007,-0.000099512,-0.000272982,-0.000163775,-0.000562595,0.000179982,0.00043261,-0.000130349,-0.000272965,-0.000018328,-0.000125821,-0.000291676,0.000211961,0.000157934,-0.000005816,-0.000240543,0.000001839,0.000141334,0.00008528,0.000246943,0.000180688,0.000057159,-0.000007985,0.000099012,-0.000151088,-0.00005687,-0.000132944,-0.000070414,-0.000296521,-0.000235434,0.000129477,-0.00015736,0.000141375,-0.000051794
636.8794556,-0.000133185,-0.00001351,-0.000262232,-0.000062909,-0.000129126,-0.000209193,-0.000247346,0.000035743,-0.00013363,0.000303093,0.00014001,-0.000158761,0.00002695,0.000025014,0.000102646,0.000014229,-0.000143786,0.000102246,0.000091873,-0.000131977,-0.000018821,-0.000279018,0.000023934,0.000122836,-0.000008122,-0.000062405,-0.000282991,-0.000154236,0.000073955,0.000033871,-0.000051684,-0.000225693,-0.000097337,0.000076107,0.000123633,0.000123127,0.000007362,-0.000214435,-0.000046209,-0.000231843,-0.000254396,-0.000142394,-0.000429515,-0.000023373,-0.000105468,0.000087881,0.000089668,0.000108781,-0.000076997,0.000047015,-0.000207466,0.000019023,-0.000112115,-0.000079216,-0.000056928,0.000266893,-0.000173657,0.000133984,-0.000027307,0.000116712,-0.000134016,0.000237559,-0.000156328,-0.000117977,0.00020416,-0.000182763,-0.000069113,-0.000380231,0.000009815,-0.000180959,0.000087203,-0.000620204,0.00005387,0.00021217,0.000046546,-0.000133534,0.000049691,-0.000169111,-0.000170596,0.000185369,-0.000096412,-0.000195414,0.000004599,0.000160147,0.000127874,0.000127984,0.000050266,0.000099885,-0.000188002,-0.000003481,0.000074791,0.00012074,0.000016199,0.000010448,-0.000334522,-0.000122035,-0.000018604,-0.000073743,-0.00018303,-0.000223989,-0.000240136
637.4726563,-0.000206698,0.000014008,0.000170637,-0.000440329,-0.000016667,-0.000260461,-0.000128433,-0.00006674,-0.000041454,0.000010092,0.000073757,-0.000232807,-0.000069923,-0.000019487,-0.000177035,0.000035015,0.000073946,-0.000293312,0.00001088,-0.000044118,-0.000029285,-0.000195754,-0.000163037,0.000208847,0.000038987,-0.000181087,-0.000275283,-0.0000431,0.000299971,-0.00028814,-0.000305595,-0.000065545,-0.00015946,0.000200472,-0.000040239,0.000002803,0.000036779,-0.000131645,-0.000141638,-0.000095754,-0.000272829,-0.00020737,-0.000209713,0.000049403,-0.000246024,0.000076504,0.000063153,0.000067843,0.000173191,0.000017887,-0.000323443,0.000028179,0.000059032,0.000040124,0.000162749,0.000154439,-0.000027374,0.000259037,-0.00016098,-0.000105909,-0.000197066,-0.000089923,-0.000013692,-0.000095935,0.00021833,-0.00027601,-0.000084343,-0.000196739,0.000298133,-0.000053291,0.000112888,-0.000291,-0.00002555,0.00014413,0.000186364,-0.000163739,-0.000069469,-0.000199344,-0.000319848,0.000063468,-0.000025415,-0.000250964,-0.000067748,-0.000236283,-0.000087831,-0.000174561,-0.000223025,0.000020458,0.000060874,-0.000243927,-0.000084122,-0.000052633,-0.000026083,-0.000011833,-0.000449508,-0.000078953,-0.000288318,-0.000233268,0.00009576,-0.000305621,-0.000141532
638.065979,-0.000276641,0.000006611,0.000024063,-0.000334621,-0.000044141,0.000048817,-0.000430667,0.000015012,-0.000265753,-0.000087241,0.000060784,0.000156579,-0.000020824,0.000305938,-0.000093325,-0.000115108,-0.000160918,-0.000048183,0.000079159,-0.000108284,-0.000091639,0.000162593,-0.000130319,0.000242065,0.000100723,-0.000043585,-0.000363644,0.00000304,0.000305531,-0.000264888,0.000083776,-0.000172468,-0.000247472,-0.000150205,0.000070583,-0.00013234,-0.000150212,-0.000228038,0.000105251,-0.000066105,0.000052633,0.000010325,0.000044165,-0.000029214,-0.000009222,0.000133722,-0.000022032,0.00011739,0.000070245,-0.000018489,-0.000295371,0.000067886,-0.000085501,-0.000016726,-0.000016375,0.000126008,-0.000050859,0.000205776,-0.00018273,-0.000147392,-0.000493876,0.000025387,-0.000181515,-0.000185706,-0.000024913,-0.00018344,0.000123499,-0.000230328,0.00004167,-0.000093453,0.00001511,-0.000395119,-0.000147004,0.000244115,0.000180649,0.000070146,0.000178382,0.000096942,-0.000106854,0.000118768,0.000084257,-0.000183518,-0.000209104,0.000064675,0.000081181,-0.000194294,-0.000033303,-0.000017023,-0.000035334,-0.000321099,-0.000135453,-0.000094733,-0.000016849,0.000092304,-0.000282746,-0.000236764,-0.00022937,-0.000205953,0.000124637,-0.000020208,-0.000040705
638.6593018,-0.000076505,-0.000055337,-0.00027737,0.000054494,-0.00007294,-0.000299865,-0.00028007,0.000113909,-0.000496955,-0.000016127,-0.000197049,-0.000150382,-0.000183962,0.000092833,-0.000161202,-0.000107161,-0.000080356,-0.00016738,0.000080475,-0.0002173,0.000117336,0.000030985,-0.000158757,-0.000123409,0.000189799,-0.000197712,-0.000373341,-0.000151735,0.00010215,-0.000045176,0.000058612,-0.000049355,-0.000136223,-0.000235187,-0.000116617,0.000025912,0.000110011,-0.000091747,0.000314054,0.000141232,0.000011159,-0.000104312,-0.000030812,-0.000172715,-0.00015118,-0.000051256,-0.000097974,-0.000073136,0.000036053,-0.000009485,-0.000158671,-0.000113731,-0.000043865,-0.000266117,-0.000293742,-0.000254749,-0.000029084,0.000038036,0.000047828,0.000059148,-0.000324559,0.000242466,-0.000124623,0.000053069,-0.000058738,-0.000013834,0.000127783,-0.000117988,0.000219228,-0.000222885,-0.000184678,-0.000376117,-0.000021809,0.000158925,0.000021845,-0.000098447,0.000039861,-0.000274428,-0.000233575,0.000067636,0.000058239,-0.000223447,0.000055656,0.000234713,0.000118009,-0.000188896,0.000217976,-0.000122468,-0.000054168,-0.000000335,-0.000232127,-0.000026024,-0.00001203,0.000155084,0.000140947,-0.000199578,-0.000219772,0.000107874,-0.000090685,-0.000028216,-0.000008432
639.2526855,-0.000249421,-0.000301733,-0.000190946,-0.000138032,-0.000039176,-0.000131823,-0.000184843,-0.000133039,-0.000328383,0.000209859,-0.000202341,-0.000146157,-0.000038749,0.0000248,-0.000090229,-0.000312587,0.000009458,-0.000025321,-0.000261927,0.000015863,0.00002114,-0.000047436,-0.000217959,0.000091329,0.000207054,0.000053424,-0.000085169,-0.000230279,-0.000076886,0.000052952,0.000019061,0.000108278,-0.000102791,0.000183595,-0.000042772,0.000127369,0.000114388,0.000119843,0.000163802,0.000110633,-0.000031216,-0.000285358,-0.000225524,0.000157125,-0.000032031,0.000007609,0.000100835,-0.0002205,0.000261695,0.000223336,0.000064013,-0.000056243,-0.000111345,-0.000048039,0.000132048,-0.00016257,-0.000175854,-0.000049842,-0.000218621,0.000112842,-0.000109844,0.000117208,0.000002305,-0.000282127,0.000160154,-0.000023177,0.000203472,-0.000125243,0.000242681,-0.000106367,-0.00006227,-0.000311575,-0.00001291,-0.000091744,0.000121644,-0.000178628,0.000017223,-0.000137058,-0.000281032,0.000064991,0.000129182,-0.000318799,-0.000271658,0.000206976,0.000025457,0.000022491,0.000073907,0.000002959,0.000004005,0.000026415,-0.000140925,-0.00005849,0.000162391,-0.000078326,0.000079529,-0.000063644,-0.000158847,0.000272471,0.000114998,0.000034479,0.000031283
639.8460693,-0.00003259,-0.000303539,-0.000130245,-0.00029024,-0.000287178,0.000175238,-0.0002598,-0.00017768,-0.000431641,0.000235881,0.000141924,-0.000129705,0.000051062,-0.000030106,-0.000178432,-0.000002303,0.000080475,-0.00000293,-0.000158622,-0.000013859,0.000105338,0.000169595,-0.00009695,0.000049443,0.000229948,0.00008241,-0.000472186,-0.000200844,-0.000070892,0.000067333,0.000031674,0.000003357,0.00006857,0.000011913,0.00012454,-0.000044918,-0.00000029,-0.000089725,0.00000026,-0.000201002,0.00002429,-0.000180644,-0.000211616,0.000163933,0.000053554,0.000106329,-0.000212637,0.000073133,0.000225762,0.000231322,-0.000261064,-0.000006857,-0.000009445,-0.000187447,0.00016904,0.000137034,-0.000093605,0.00020731,-0.000035117,-0.000076894,0.000005505,-0.000042496,0.000022781,-0.000443127,0.000387737,-0.00020589,0.000100537,-0.000484174,0.000106845,-0.000323865,-0.000119127,-0.000402067,-0.000193227,0.000342103,0.000130926,-0.000376775,-0.000132059,-0.000004044,0.000085827,0.000016027,0.000129242,0.000046726,-0.000115173,0.000122278,0.00000575,-0.000095108,-0.000028744,-0.000250016,0.000070017,-0.000051391,0.000011859,-0.000118431,0.000156523,-0.000018686,-0.000003776,-0.00006832,-0.000204307,0.00011193,0.000010801,-0.000101819,-0.000133448
640.4395142,-0.000135676,-0.000009958,-0.000216133,-0.000223847,-0.000039508,-0.000164001,-0.000438478,-0.000124668,-0.000133117,0.000127149,-0.000050917,-0.000405009,-0.000119259,0.000215382,-0.000219428,-0.000199208,0.000013809,0.000064588,-0.000093722,0.000033715,-0.000004596,0.000144428,-0.000065628,0.000115448,0.000263589,-0.000005083,-0.000265386,-0.000150013,0.000174014,-0.000068584,-0.000101938,-0.000183043,-0.000159027,0.000022479,-0.000190513,-0.000336595,-0.000003588,0.000066065,0.000193594,0.00009149,-0.000141076,-0.000028202,-0.000084631,0.000085464,-0.000056075,0.000107315,-0.000328727,0.000121389,0.000028542,0.000036671,-0.000266871,0.000123932,-0.00003112,-0.000149719,0.000113854,0.000008872,-0.000061761,0.000083884,-0.000036412,-0.00019234,0.000130749,0.000154731,0.000132522,-0.000272319,0.000204629,-0.000247287,-0.000064932,-0.000444928,0.000260196,-0.000178036,-0.000087835,-0.000432864,-0.000039878,0.00026122,0.000019593,-0.000543657,-0.000098687,-0.000229813,-0.000096305,0.000065576,-0.00007242,-0.000097037,0.000045955,-0.000321623,-0.000024843,-0.000283507,-0.000217631,-0.000105467,0.000040638,-0.000126609,-0.000126119,0.000085166,0.000013235,0.000133319,-0.000178488,-0.000053918,-0.000527438,0.000086572,0.000017826,-0.000274191,-0.00037698
641.03302,-0.000488624,0.000046396,-0.000114115,-0.000442833,-0.000280031,-0.000235718,-0.000329056,-0.000085639,-0.000331459,-0.000022103,0.000082478,-0.000109367,-0.000113547,0.000275858,-0.000348885,-0.000339155,0.000037499,-0.000058314,-0.000383766,0.000100928,-0.000026621,0.00000892,-0.000240252,-0.000100825,0.000564874,-0.00001645,-0.000377296,0.000006664,0.000007332,-0.00033201,-0.000136222,-0.000286809,-0.000199575,-0.000238738,-0.000311758,-0.00005452,0.000040692,-0.000111207,0.000178306,-0.000113928,-0.000128248,-0.000120298,-0.000099022,-0.000227503,0.000003874,0.000063538,-0.000246034,-0.000030415,-0.000142148,-0.000011112,-0.000282124,0.000012521,-0.000080546,-0.000133577,-0.000000142,-0.000176712,-0.000297162,-0.000006029,-0.000091325,-0.00032854,-0.000003707,0.000173032,0.00006559,-0.000193159,0.000098303,-0.000010766,-0.000012232,-0.000272354,-0.000024669,-0.000243206,0.00007164,-0.000193349,-0.000188152,0.000150284,0.000069795,-0.000268005,0.000053902,-0.000232399,-0.000274869,0.00003827,0.000279156,-0.000078566,-0.000297587,-0.000076016,-0.000061281,-0.000047117,-0.000010091,-0.000122415,0.000137589,-0.000546028,0.000083607,-0.000088643,-0.00012723,0.000051112,-0.00019199,-0.000209536,-0.000262361,-0.000015037,-0.000015024,-0.000019802,0.000070214
641.6265869,-0.000317602,0.000092674,0.000046777,-0.000348094,-0.000208414,-0.000309946,-0.000327739,0.000131829,-0.000306035,0.000089955,-0.000152438,-0.000155892,0.000021638,-0.000033149,-0.000286261,0.000034746,-0.000150109,-0.000377224,-0.000151381,-0.000058921,0.000038935,0.00012486,-0.000172496,-0.000268599,0.000146963,-0.000183724,-0.000516229,-0.000156072,-0.000036857,-0.000262101,-0.000165109,-0.000175116,-0.000228761,-0.000151418,-0.000126402,0.000021038,-0.00001094,0.000019597,0.000216503,-0.000136581,-0.000189882,-0.000078531,-0.000205069,-0.000164359,-0.000411405,0.000037136,-0.000226629,-0.000028823,0.000022933,-0.000175532,-0.000179676,-0.000003411,-0.0001563,-0.000318462,0.000027091,-0.000189248,-0.000176704,0.00000358,-0.00017823,-0.000133771,-0.000247483,0.00003982,-0.000219383,0.000171313,0.000027197,-0.000216051,0.000007331,-0.000038074,0.000027715,-0.000268376,0.000022756,-0.000379602,-0.000325134,0.000094522,-0.000329864,-0.000210467,0.000117432,-0.000141174,-0.000313301,0.000030478,0.000114926,-0.000097295,-0.000197258,0.000065337,0.000000515,-0.000212114,-0.000301125,-0.000375516,0.000190533,-0.000190989,0.00001335,-0.000264899,-0.000188014,0.000176224,-0.000059401,-0.000038225,-0.0003831,-0.000125217,0.000108515,-0.000059501,0.000036243
642.2201538,-0.000081221,-0.000306793,0.000050355,-0.00038274,-0.00029399,-0.000170823,-0.000281602,0.000067901,-0.000208994,0.000166227,-0.000180481,-0.000414426,0.000042717,-0.000126606,-0.000552018,0.000099502,-0.000166115,-0.000098221,0.000027166,0.000088247,0.000077009,0.000064596,-0.000423345,0.000016834,0.000105759,0.000158505,-0.0001275,-0.000276915,-0.000286218,-0.000113941,-0.000162312,-0.000111343,-0.000199384,0.00015629,-0.000001283,0.000012771,-0.000047665,-0.000147872,0.000155794,0.000191772,-0.000207863,-0.000252825,-0.000087208,-0.000016772,-0.000197602,0.00029982,-0.000054732,-0.00015804,0.000177923,0.000062421,-0.000262699,-0.000372757,-0.000349878,-0.00024882,0.000216295,-0.00015087,-0.000037481,-0.000236234,0.000005761,-0.000302202,-0.000290801,0.000158749,-0.000201497,-0.000015467,-0.000111888,-0.000269579,0.00008024,-0.000168075,0.00026379,-0.000007078,-0.000118272,-0.000810462,-0.000159958,0.00027964,0.000109205,-0.000447481,-0.000043537,-0.000048083,-0.000268804,0.000085618,0.00008789,-0.000070892,-0.000246881,-0.000137267,0.000104393,-0.000072107,-0.000110893,-0.000105188,0.000021059,-0.000005556,-0.000034737,0.000134068,0.000052285,-0.0000192,-0.000065135,-0.000043737,-0.000055158,0.000025451,0.000104555,0.00005192,-0.000028084
642.8137817,-0.000063025,-0.000154235,0.000097746,-0.00027828,-0.000322969,-0.00019549,-0.000390124,-0.000017955,-0.000164477,0.000067932,0.000143118,-0.000344992,-0.000042532,-0.00011736,-0.000278306,0.000083792,0.000030867,-0.000186434,0.000107896,0.000134332,-0.000191487,-0.00017978,-0.000180091,0.000092789,0.000280159,0.000148128,0.00011965,-0.000178077,0.000035541,-0.000192273,-0.000061897,-0.000474818,0.000007111,0.000154273,-0.000048635,-0.000027516,-0.000004991,-0.000162844,0.000262978,0.000026685,-0.000155057,-0.000225908,-0.000230605,0.000066828,-0.000274068,0.000390904,0.000070749,-0.000087944,0.000071529,0.000052404,-0.000257516,-0.000249911,-0.000250432,0.000019327,-0.000108318,0.00007184,-0.00011355,-0.00004959,-0.000027755,-0.000206869,-0.00011125,0.000204543,-0.000078631,0.000110804,0.00024297,-0.000361787,0.000179407,-0.000268632,0.000116629,0.000077098,-0.000247667,-0.000197164,-0.000294679,0.000411794,0.00013,-0.000166377,0.000096663,0.000087148,-0.000126707,0.000083544,0.000039453,-0.000086689,0.000063614,-0.000006181,-0.000039077,0.000138417,0.000068783,-0.000133304,-0.000093421,-0.000158743,-0.000132268,0.000091256,0.000185937,-0.000086796,-0.00026534,0.00006213,-0.000007232,0.000037877,0.000048579,-0.000058727,0.000052028
643.4074097,-0.000374811,-0.000183236,-0.00007924,-0.000326913,-0.000084175,-0.000119476,-0.000150366,-0.000073353,-0.000167254,0.000020935,0.000028636,-0.000121857,-0.000018469,0.000116975,-0.000085856,0.0001108,0.00010336,0.000083009,-0.000028939,-0.00009969,-0.000083472,0.00003927,-0.000065448,0.000081955,0.000147706,-0.000005826,-0.0002953,-0.000104513,0.000096401,-0.000062258,-0.000122661,-0.000162785,-0.000205657,-0.000123699,-0.000230245,-0.00014788,0.000147994,0.000092869,-0.000055879,-0.000014422,-0.000053553,-0.000049568,-0.000259269,0.000068168,-0.000384462,0.000232562,-0.000141379,-0.000152619,-0.000046985,-0.000003183,-0.000416742,0.000007803,-0.000133643,-0.000175108,-0.000021437,0.00006375,-0.000049588,-0.0000697,-0.000227759,-0.000235608,-0.000159842,0.000006384,0.000225254,0.000062058,0.000241392,-0.000449491,0.0001646,-0.000367704,0.000028735,-0.000123769,0.000039611,-0.000365829,-0.000423975,0.000181712,-0.000119672,-0.000077941,0.000098405,0.000011485,-0.00040456,-0.000196036,0.000049659,0.000047759,-0.000259403,-0.000026265,0.000050244,-0.000128681,-0.000009641,-0.000108905,-0.000187567,-0.0000492,-0.000008224,-0.000065939,0.00017867,0.000142141,-0.000015544,-0.00014077,-0.000075765,0.000162977,-0.000000811,0.000000223,-0.000004975
644.0011597,-0.000299167,0.000009443,-0.000187639,-0.000200648,0.000035332,-0.000089128,-0.000196598,0.000192402,-0.000261266,0.000141321,0.000085256,-0.000205534,0.00006302,0.000114397,0.000058933,0.000155814,-0.000107029,-0.000145013,-0.000302306,0.000120044,-0.000118778,0.000186873,-0.000074744,0.000145765,0.00009426,0.000075899,-0.000339376,0.000106839,0.000125253,0.000136413,0.000069987,-0.00015197,-0.000190247,-0.000165113,-0.000122792,0.000079941,0.000200687,-0.000025195,0.000313776,-0.000011834,-0.000041317,-0.0001477,-0.000115477,-0.000040504,-0.000115327,0.00007598,-0.000084626,-0.000176129,-0.000035274,-0.000015662,-0.000328743,0.000141826,0.000123043,-0.000296875,0.000217159,0.000033802,0.000039411,0.000109018,0.000050093,-0.000206101,-0.000119421,0.000417853,0.000065806,-0.000159991,-0.000041434,-0.00044888,0.000086195,-0.00018983,0.00034216,-0.000256164,0.000029688,-0.000295576,-0.000183162,0.000211017,-0.000143899,-0.00018812,-0.000053596,-0.00002654,-0.000306769,0.00003813,0.000270783,-0.000313563,0.000059053,-0.000169638,0.00023295,-0.000200877,0.000109176,-0.000036098,-0.000335487,-0.000178913,-0.000072095,-0.00028977,0.000172869,-0.000104447,0.000119152,0.000065576,-0.000027534,-0.00002055,-0.000018429,0.000012613,0.000054575
644.5949097,-0.000108976,-0.000186156,-0.000089429,-0.000211999,-0.000212037,-0.000446773,-0.000044831,0.000140398,-0.000183568,0.000036465,-0.000222383,-0.000222042,0.000117221,0.00002424,-0.000174683,0.000025797,-0.000205088,-0.000179763,-0.000020967,0.000027416,0.000138039,-0.000134497,-0.000074144,0.000130412,0.000253688,-0.00002098,-0.000140407,-0.000059147,-0.000055682,0.000120908,-0.000026705,0.000023949,-0.000079168,0.000085944,0.000002666,0.000113268,-0.000154918,0.00004588,0.000235168,0.000109104,-0.000045651,-0.000024425,-0.000000171,-0.000187023,-0.000114094,-0.000077725,0.000158609,-0.00013752,0.000003682,-0.000056081,0.000010782,-0.000047475,0.000259397,0.000019016,0.000057855,0.000053741,-0.000071911,0.000289746,-0.000039877,-0.000016357,0.000041839,0.00037091,-0.000183265,0.000114151,0.000103775,-0.000100465,-0.000003086,-0.000145112,0.000231446,-0.000046184,0.000155024,-0.000237383,-0.000120476,0.000328501,0.000098662,-0.000190737,-0.000147796,-0.000105213,-0.000237256,-0.000099751,0.000345849,0.000122911,-0.000029701,0.000149529,0.000284991,0.000057543,-0.000000524,0.000048182,0.000113087,-0.000141711,0.000181107,-0.000184221,0.000189155,0.000249135,0.000281175,0.000163879,0.000048901,0.000151147,0.000097377,-0.000035704,-0.000002208
645.1886597,-0.00007527,-0.00024468,-0.000132943,-0.00041678,-0.000230643,-0.000129194,0.000036839,0.000276017,-0.000120249,0.000060224,-0.000030054,0.000024269,0.000207338,-0.000039337,-0.000268834,-0.000046224,-0.000221183,-0.000103817,-0.000049525,0.000020473,0.000086595,-0.000057282,-0.00000099,-0.000015602,0.000202815,-0.000103022,-0.000072768,-0.000039482,-0.000098289,0.000115038,-0.00015675,-0.000224759,-0.000061165,-0.000023382,-0.00010039,0.000168174,0.000013098,-0.000074377,-0.000074518,0.000085621,-0.000146041,-0.00015973,-0.000202457,-0.000172439,-0.000346969,0.000211615,0.000091105,0.000162087,0.000076195,0.000009405,-0.000188833,-0.000270161,-0.000160209,-0.000187464,0.000177743,-0.000064968,-0.000203214,0.000164207,0.000068679,-0.000068475,-0.000099451,-0.00011395,-0.000009045,0.000087001,0.000240982,0.000030827,0.000057113,-0.000103936,0.000113184,-0.000243802,0.000003561,-0.000318388,-0.000248709,0.000397935,0.000093601,-0.000038302,0.000109019,0.00000167,-0.000371495,0.00008779,0.000060027,0.000318742,-0.000183701,0.000390879,-0.000074883,0.000024962,-0.000210433,-0.000212692,-0.000026301,-0.000224512,0.000243803,-0.000028491,0.000167225,-0.000017812,0.000159068,0.000164388,-0.000207093,0.000135809,-0.000060932,0.00026589,-0.000278665
645.7824707,-0.000129892,-0.000049353,-0.000016134,-0.000246481,-0.000303006,-0.000177224,0.000115553,0.000064764,-0.000490668,0.000073245,0.000045766,-0.000174733,0.000139825,-0.000074314,-0.000164731,-0.000082803,-0.000131257,-0.000062964,-0.00016802,0.000065681,0.000095219,-0.000088596,0.000042875,-0.000053401,0.000098225,-0.000030666,-0.000154038,-0.000032674,-0.000261092,0.000051834,-0.000372927,-0.000502131,-0.000010179,-0.000060223,-0.000049372,0.000081898,0.000076837,-0.000156632,0.000017976,0.000131129,0.000097091,-0.000132244,-0.000040523,0.000018246,-0.000310042,0.00004324,0.000160971,0.000168713,0.000066309,0.000129391,-0.000230522,0.000018686,0.000049449,-0.000305014,0.000311077,0.000109782,-0.000025542,-0.000082284,-0.000016546,-0.000067714,0.00010402,0.000230319,-0.000006348,-0.000124877,0.000314044,-0.000154981,-0.000033327,-0.000061098,-0.000018777,-0.000185137,-0.000009215,-0.000160041,-0.000098786,0.000287472,0.000072387,-0.000061776,-0.000215159,0.000053223,-0.000114178,0.000201164,-0.000084699,-0.000048943,-0.000041994,0.000154333,-0.000077929,-0.00016875,-0.000351754,0.000021974,0.000076345,-0.000018947,0.000092637,-0.000018787,0.00018551,0.000062437,-0.000280738,-0.000104675,-0.000269245,-0.000079127,0.00011998,0.000034252,-0.000040933
646.3763428,-0.000427027,-0.000155674,0.000032843,-0.00017626,-0.000355431,-0.00017319,-0.00006815,-0.000266921,-0.00028855,-0.000009308,0.000115657,-0.000319332,-0.00004432,0.000159692,-0.000161266,-0.000098097,-0.00001379,0.000164558,-0.000115846,0.000124219,0.000247924,-0.000064387,-0.00025591,0.000170419,0.000071235,-0.000092828,-0.000209837,-0.000099326,0.000019683,0.000162708,-0.00007796,-0.000525981,-0.00045216,-0.000416435,-0.000112239,-0.000011104,-0.000056045,-0.000126242,0.000029147,0.000089022,-0.000167435,-0.000181498,0.000077278,0.000028964,0.000083847,0.000048445,-0.000129886,-0.000014988,0.000074116,-0.000123739,-0.000245391,0.00001095,-0.000032636,-0.000005067,0.000046092,0.000185358,0.000090988,0.000155266,0.000040934,0.000104285,-0.000006407,0.000321424,-0.000074966,-0.000046131,0.000202377,-0.000229545,0.000040929,-0.000438264,-0.000157455,-0.000151028,0.000053289,-0.000148408,-0.000043441,0.000374224,0.000292081,-0.000332611,-0.000063535,-0.000130258,-0.000048379,0.000003164,0.000077096,0.000008035,-0.000173121,-0.000023068,-0.000173218,-0.000404527,-0.000100424,0.000126611,-0.000203789,0.000076538,0.000036428,-0.000334184,-0.000096584,-0.000008849,-0.000172778,-0.000225335,-0.000388934,-0.000209776,0.000121995,-0.00018612,-0.000087576
646.9702759,-0.000518484,0.000018458,0.000016853,-0.000327632,-0.000286044,-0.000151582,-0.000210094,0.000142908,0.000059467,-0.000041667,0.000137399,-0.000121068,-0.000041847,0.000321245,-0.000182861,-0.000214671,-0.000109983,0.000008391,0.000010249,0.000061717,0.00023465,-0.000030653,-0.000035666,0.000163917,-0.0000281,-0.000228641,-0.000267013,-0.000010595,0.000364749,-0.000029163,-0.000040495,-0.000058795,-0.000324316,-0.000468226,0.000065529,-0.000055234,-0.000178464,-0.000148388,0.00012581,-0.00005736,-0.000169292,-0.000259219,-0.000097304,-0.00012579,0.000204047,0.000126102,-0.000234101,-0.000064029,0.000077899,0.000116374,-0.000304211,-0.00013707,-0.000233236,-0.000259257,-0.000117105,-0.000285407,0.000228642,0.000128889,0.000005634,-0.000052307,-0.000217654,0.000089612,-0.000106842,-0.000194217,0.000228658,-0.000070123,0.000039335,-0.000321582,-0.000135623,-0.000621764,-0.000033879,-0.000242115,-0.000186539,0.000271515,0.000084422,-0.00038519,-0.00000932,-0.000205164,-0.000041816,0.000053533,-0.000077547,-0.0002332,-0.000272616,0.000119605,-0.000095104,-0.0000901,0.000191132,0.000155235,-0.000269684,-0.000154734,-0.00006937,-0.000086516,0.000154274,-0.000163237,-0.000113334,0.000120555,-0.000459126,0.000055805,-0.000088549,-0.000074805,-0.0001749
647.564209,-0.000451465,0.000019092,-0.000055948,-0.000316104,-0.000302129,-0.00034735,-0.000347769,0.000232436,-0.000071456,0.000031488,-0.000072108,-0.00016871,0.000017,0.000157487,-0.000150823,-0.000166654,-0.000144078,-0.000381204,-0.000032475,-0.000013159,0.000053237,-0.000266847,-0.000245525,0.000248522,0.000229335,-0.000054736,-0.000162869,-0.000090365,-0.000072728,-0.000113184,0.000083998,-0.000198614,-0.000238455,-0.000256465,-0.00005964,-0.00009898,-0.000058019,0.000009733,0.000081318,0.000345863,-0.000204532,-0.000225315,-0.000312052,-0.000090798,-0.000007268,-0.000139237,-0.00020759,0.000167919,0.000176408,-0.000014359,-0.000212738,-0.000331815,-0.000230288,-0.000150223,0.000287746,-0.000160177,-0.000102051,0.000137346,0.000007377,-0.000221242,-0.000027668,0.000096144,-0.000343301,-0.000132919,-0.000073812,0.000082813,-0.000070562,-0.000222776,-0.000127062,-0.000419962,-0.000039728,-0.000287275,-0.000312431,0.000192331,-0.0000021,-0.00015326,-0.000175683,-0.000225603,-0.000348171,0.000190877,0.000174913,-0.000310769,-0.000280014,0.000216131,0.000030278,-0.000132093,0.000290879,-0.000019205,-0.000264469,-0.000182292,-0.000078943,0.000056918,0.000145901,-0.000046587,-0.000042606,-0.00020107,-0.000131706,-0.000017208,0.000016838,-0.000212449,-0.000259064
648.1582642,-0.00018562,0.000191297,-0.00024551,-0.000280446,-0.000491065,-0.000160782,-0.000298971,-0.000136637,-0.000068335,0.000275614,-0.0000474,-0.000187225,-0.000049008,-0.000068966,-0.0000872,-0.000182919,0.000022297,-0.000216184,0.000051737,0.000240359,0.000293253,0.00004288,-0.00013827,-0.00003701,-0.00013205,0.000242897,-0.000142949,-0.00021804,-0.000035142,-0.000007867,0.000070067,-0.000269345,-0.000134722,0.000135178,0.000101319,0.000039104,-0.000003119,-0.000010663,0.000066866,0.00019354,-0.000090405,-0.000067988,-0.000181079,-0.000142984,-0.000132356,-0.000119492,-0.000268715,-0.000153863,0.000123803,0.000135197,-0.000339507,-0.000064907,-0.000000188,-0.000070215,0.000060546,-0.000080989,-0.000097231,0.000190413,-0.000246418,-0.000191978,-0.000377664,0.000129568,-0.000198726,0.000031087,0.000011789,-0.000195035,0.000014726,-0.000508793,0.000052477,-0.000315593,0.000034733,-0.00017332,-0.000104175,0.000075479,0.000138786,-0.000492652,-0.000273692,-0.000168873,-0.000611038,-0.00001035,-0.000194725,0.000237477,-0.000104173,0.000157931,0.000353395,0.000170444,-0.000025706,-0.000117346,-0.000183219,-0.000110035,-0.000187631,-0.000396765,0.000140508,-0.000167076,-0.000252199,-0.000121139,-0.000196212,0.000055781,0.000047771,-0.000182439,-0.00034754
648.7522583,-0.000322462,-0.000062131,-0.000225627,-0.000246034,-0.000449391,-0.000131924,-0.000230351,0.000039193,-0.000373071,-0.000039409,0.000269852,-0.000002403,-0.000202913,-0.000011253,-0.000038661,-0.000078405,0.00018397,-0.000160818,0.000094535,-0.000122885,0.000227379,0.000048516,0.000149961,0.000110571,0.000004028,-0.000149692,0.00006479,-0.000514721,0.000101501,0.000129357,-0.000064276,-0.000306282,-0.000024415,0.000024291,0.000145778,0.000038981,-0.000166961,0.000280118,0.00028504,0.000043526,-0.000046261,-0.000009587,-0.000181194,0.00006152,-0.000220459,-0.000017883,-0.000126328,0.000031417,-0.000064017,0.000179972,-0.000552795,0.000185165,0.000068712,-0.000209522,-0.000148402,-0.000121163,0.000002344,0.000174162,-0.000205207,0.000123793,-0.000004483,0.000091221,0.00012515,-0.000127747,0.000465215,-0.000035808,-0.0000144,-0.000581832,0.000104818,-0.000298015,-0.000227159,-0.000171126,-0.000209483,0.000213955,0.000059054,-0.000171391,0.000168673,0.000093068,-0.000237541,0.00016903,-0.000089657,0.000233907,-0.000117035,-0.000028864,0.000068106,0.000087371,-0.000040105,0.000071546,-0.000167164,-0.000229405,-0.000058834,-0.00012313,0.000028785,-0.00015969,-0.000169302,0.000039815,-0.000274608,-0.000314043,-0.000069408,-0.00001105,0.000007993
649.3463745,-0.000247784,-0.000419778,0.000331749,-0.000101553,-0.00018974,-0.000232164,-0.000138412,-0.000060284,-0.000281296,-0.000109697,-0.000037714,-0.00001359,-0.000152111,0.000142268,0.000043855,-0.000030452,0.000166781,0.000013961,0.000110929,0.000043196,0.000186503,-0.000042009,0.000028152,-0.000038608,0.000147498,-0.000233724,-0.000075713,-0.0001617,0.000325698,0.000310651,0.000088034,-0.000237851,-0.000208674,-0.000294956,-0.000070095,-0.000132745,-0.00001139,-0.00001111,-0.00001136,0.00030275,-0.00000817,-0.000070469,0.000014624,-0.00002025,-0.000362782,0.000010386,-0.000158888,-0.000112581,0.000279006,0.000216383,-0.000151546,-0.000081081,-0.000009448,-0.000017717,-0.000002754,0.000062524,0.000189445,0.000147377,-0.000335353,-0.000109432,-0.000241282,0.000196658,0.000132773,-0.00004825,0.000345568,-0.000094553,0.000212625,-0.000195827,0.000260262,-0.000153782,-0.00005678,-0.000361563,-0.000218173,0.000365748,0.000258877,-0.000312435,-0.000054261,0.000056385,-0.000086568,0.000085562,0.000063411,-0.000160749,-0.000218749,0.000299856,-0.000147282,-0.000208031,-0.000419199,0.000165047,-0.000104317,-0.000223906,-0.000004413,-0.000069839,-0.000140483,-0.000063312,-0.000041319,0.000235639,-0.000489102,-0.000343791,-0.000084072,-0.000144018,-0.000079339
649.9404907,-0.000324947,-0.000252676,0.000026202,-0.000240105,-0.000122651,0.000013401,-0.000248828,0.000210715,-0.000271331,-0.000063252,-0.000043671,0.000025938,-0.000008663,0.000377632,-0.00021986,-0.000084066,-0.000058616,0.000172865,-0.000108038,-0.000007872,-0.00023721,-0.000015899,-0.000133799,-0.000085448,0.000332896,-0.000288447,-0.000040736,-0.000147651,0.000198541,0.000181545,-0.000129025,-0.000153679,-0.000337819,-0.000205981,-0.000281083,-0.000224353,-0.000028375,0.000072832,0.000055324,0.000025792,-0.000133018,-0.000286435,0.00003082,-0.000311176,-0.000362685,0.00015361,-0.000238613,0.00015461,0.000328413,-0.000030392,-0.000230445,-0.000056479,0.000010641,-0.000289051,-0.000248039,0.000041529,-0.000177362,0.000242044,-0.00003407,-0.000267968,-0.000246883,0.000012005,0.000062335,-0.000087945,0.000068439,-0.000125056,0.000071794,-0.000095004,0.000188867,-0.000242981,0.000267943,-0.000359295,-0.000218288,0.000495143,0.000218143,-0.000153853,-0.000141354,-0.000248435,-0.000154277,0.000046662,-0.000106301,-0.000281644,-0.000429348,-0.000017799,0.000096093,-0.00033477,-0.000291224,0.000061502,0.000017712,-0.000353537,-0.000407395,0.000005501,0.000117706,-0.000110869,0.000185743,0.000086742,-0.000261746,-0.000110886,-0.000298318,-0.000193665,-0.000005278
650.534668,-0.000230566,-0.000086147,-0.000151284,-0.000036684,-0.000133967,-0.000014536,-0.000171396,0.000326202,-0.000249522,-0.000003156,0.000073355,-0.000189629,-0.000046946,0.000228391,-0.000275905,-0.000047204,-0.00017332,0.000052836,0.00009178,-0.000000128,-0.000145437,-0.000005837,-0.000196667,-0.000086274,0.000247453,-0.000088078,-0.000085034,-0.000145255,-0.000176113,0.000061102,-0.000128701,-0.00023929,-0.000059705,-0.000097148,-0.000092436,0.000237014,-0.000144622,0.000023655,0.000405047,0.000127127,-0.000143425,-0.000109939,0.000039285,0.000056956,-0.000258538,0.000105909,-0.000108834,0.000110284,0.000140626,0.000122779,-0.000324412,-0.00005613,-0.000035148,-0.000431753,-0.000120901,-0.000114521,-0.000243887,-0.000006071,-0.000190427,0.000014733,-0.000262063,0.000266683,-0.000062517,0.000028699,-0.000106517,-0.000176608,0.000114419,-0.000089287,0.000202877,-0.000411895,-0.000047593,-0.000500099,-0.000250619,0.000327369,0.000171731,-0.000313358,-0.000099935,-0.000185296,-0.000135718,0.000037849,-0.000040057,-0.000012126,-0.000334007,-0.000119455,0.000120721,-0.000274068,-0.00012896,0.000047309,-0.00020242,-0.00016962,-0.000183859,-0.000078186,0.000159734,-0.000032965,0.000075488,0.000136483,-0.000461451,0.000359267,-0.000072623,0.000161176,-0.000197824
651.1288452,-0.00028226,-0.000216653,-0.000304771,-0.000089681,-0.000079281,-0.000234668,-0.000280998,-0.000142724,-0.000204783,0.000066984,0.000097148,-0.000309691,-0.000050164,0.000110711,-0.000072173,-0.000106279,-0.000088455,-0.000080889,-0.000069297,0.000085007,0.000070681,-0.00009508,-0.00035994,0.000035147,0.000209944,0.000159577,-0.000309709,-0.000248017,0.000031158,-0.000259791,-0.000361864,-0.000231289,-0.000208485,0.000002891,-0.000161564,0.000105836,-0.000170859,0.000116821,-0.000057528,0.000237332,-0.000059557,-0.000083049,-0.000033388,-0.000155885,-0.000284949,0.000002653,-0.000058565,-0.000201615,0.0000816,0.000269066,-0.000437216,-0.000080865,-0.000060422,-0.000284304,0.00025173,0.000054802,-0.000116654,-0.000073164,0.000020658,-0.000091332,-0.000375843,-0.000051775,-0.000212957,0.000233979,-0.000201796,-0.00036776,0.000081151,-0.000190424,0.00031946,-0.000347186,-0.000261406,-0.000017592,-0.000352892,0.000542307,0.000309168,-0.00037428,0.000029769,-0.000000983,-0.000506154,0.000148726,-0.000067921,0.000152132,-0.00008064,0.000033624,0.000170728,-0.000122978,0.000098911,-0.000343436,-0.000141189,-0.000415712,-0.000512646,-0.000442422,0.000305787,-0.000044423,0.000059271,0.000188625,-0.000162205,0.000373107,0.000114705,-0.000012488,-0.000203828
651.7230835,-0.000167356,-0.000198103,-0.000170497,-0.000125579,-0.000012201,-0.000304766,-0.000245859,-0.000007722,-0.000186354,0.000039662,0.000101615,-0.000366608,-0.000280966,-0.000117166,-0.000317391,0.000082612,-0.000072817,0.000122287,-0.000085978,-0.000052848,0.000096663,0.00014637,-0.000097587,-0.000083543,0.000303536,0.000040084,-0.000174625,-0.000367607,-0.000102734,-0.000179728,0.000101169,-0.000170267,0.000052564,-0.000306685,-0.000074155,-0.000014862,-0.000028534,-0.000153268,0.000055886,0.000052848,-0.000043531,-0.000395749,-0.000142859,0.000038864,-0.00009876,-0.00002183,0.000057319,0.000059739,0.000330945,0.000327526,-0.00051707,0.000048932,-0.000271592,-0.000282187,-0.000038365,0.000246978,-0.000299276,-0.000059433,0.00001482,-0.000243755,-0.000207922,-0.000021025,-0.000216356,-0.00029956,0.000487696,-0.000292477,0.00028423,-0.000321987,0.000282789,-0.000257825,-0.000080141,-0.000075513,-0.000452814,0.000624287,0.000248841,-0.000324368,-0.00003758,-0.000209925,-0.000416047,0.000378131,-0.000198217,0.000251862,-0.000041699,0.000083128,0.000004784,-0.000223336,-0.000139024,0.000094759,-0.000219023,-0.000134404,-0.000182485,-0.00016443,0.000048523,0.000063723,-0.00027181,-0.000115255,-0.000107206,0.00002358,-0.000016419,-0.000127716,-0.000192502
652.3173828,-0.00065444,0.000236429,0.00015027,-0.000334119,-0.000164765,-0.000094625,-0.000305443,-0.000256555,-0.00045326,0.000063592,-0.000230406,-0.000194163,-0.000106918,0.00001137,-0.000230403,-0.000199608,0.000258924,0.00025616,-0.000273469,-0.000035298,0.000171875,-0.00006466,0.000020976,0.000016692,0.000265243,-0.000407864,-0.000229361,-0.000323779,0.00023176,-0.0000928,0.000124226,-0.000266849,-0.000424523,-0.000194345,-0.000333408,-0.000130513,-0.000169705,-0.000073346,0.000019621,0.000032075,-0.000128306,-0.000101368,-0.000003936,0.000211974,-0.000269947,-0.000076438,-0.000070986,-0.00012609,0.000243343,0.00021639,-0.000196589,0.000163144,-0.000022878,-0.000290299,-0.00009059,-0.000041365,0.000010748,0.000010316,-0.000188788,-0.000139156,-0.000331807,0.000115699,-0.000041723,-0.000129251,0.000244553,-0.000206932,-0.000025326,-0.000135114,0.000285906,-0.000390126,0.000001637,-0.00033636,-0.000267149,0.000393649,0.000184657,-0.000315366,-0.000125567,-0.000187343,-0.000250357,0.000219386,-0.000223586,-0.000078171,-0.000351273,-0.000213032,-0.000314497,-0.00038309,-0.000231155,0.000120082,0.000053572,-0.000173469,-0.000002874,-0.000246136,0.000145658,-0.0000235,-0.000406335,-0.000061969,-0.000323921,-0.000385461,-0.000028227,-0.000048036,-0.000132568
652.9117432,-0.000595282,0.000200894,0.00018353,-0.000019123,-0.000065384,-0.00056308,-0.000371471,0.000038488,-0.000638175,0.000090413,-0.000040201,0.000059751,-0.000270165,0.000071923,-0.000353099,-0.000270203,-0.000247478,-0.000022745,-0.000242269,0.000049639,0.000134684,-0.000046038,-0.000335722,0.000013229,0.00031879,-0.000451576,-0.000213978,-0.000107224,0.000251582,-0.000224896,0.000128542,-0.00019258,-0.000575855,-0.000191211,-0.000050838,-0.000131317,-0.000140377,-0.000292429,0.00007834,-0.000001112,-0.000116826,-0.000066234,0.000074373,0.000038912,-0.000191229,-0.000071822,-0.000417661,-0.000296307,0.000219656,-0.000004954,-0.000291873,0.000011685,-0.000138372,-0.000360998,-0.000251914,-0.000188894,-0.000075625,0.000245224,-0.000263189,-0.000177717,-0.000530858,0.000033644,0.000017953,0.000096507,-0.00002248,-0.000303736,-0.000113569,-0.00025688,0.000078458,-0.000428382,0.000068323,-0.000094501,-0.000266723,0.00047815,-0.00005289,-0.000400599,-0.00000542,-0.000139978,-0.000254442,0.000148124,0.000166248,-0.000130858,-0.000458096,-0.000133847,0.000165707,-0.00026382,-0.000089529,-0.000259953,0.00012124,-0.000291594,-0.000129822,-0.000264241,0.000045232,-0.000185362,0.000028788,-0.000079997,-0.000233266,0.0001151,0.000097502,-0.000019803,-0.000165534
653.5061035,-0.000206249,0.000168164,0.00002797,-0.000149499,-0.000411232,-0.00044553,-0.00012014,0.000258635,-0.000262078,-0.000097414,-0.000289015,-0.000052304,-0.000132233,-0.000080983,-0.000407767,-0.000016357,-0.000092255,-0.000184404,-0.000008519,0.000131194,-0.000161018,0.000027301,-0.000153401,-0.000061264,0.000288599,-0.000311461,0.000163529,-0.000192272,-0.000026404,-0.000187638,0.000103085,-0.000055705,-0.000508865,-0.000144125,0.000108774,0.000200347,-0.000009697,-0.000299451,-0.000078263,0.000230794,0.000092998,-0.000054679,-0.000132012,-0.000063761,-0.000111274,-0.000043594,-0.000121852,-0.000222915,0.000251493,-0.000191108,-0.000226113,-0.000190745,-0.000119764,-0.000240266,-0.000207172,-0.000228623,-0.000292516,0.000198505,-0.000108523,-0.000117892,-0.000549572,0.00017847,0.00002055,0.000093395,0.000102314,-0.00016305,-0.00010766,0.000022688,0.000243674,-0.000353892,-0.00002898,-0.000220325,-0.000231487,0.000566614,-0.000052689,-0.000498334,-0.000217951,-0.000318669,-0.000332292,0.000025556,0.000208656,-0.000074429,-0.000300474,0.00019161,0.000212234,-0.000042472,0.000155883,-0.000162707,0.000077153,-0.000052121,-0.000082,-0.000551774,0.000056805,-0.000079431,-0.000060935,-0.00008696,-0.000530898,-0.00003806,0.000065684,-0.000119452,-0.000257195
654.1005249,-0.000378537,-0.000213834,-0.000359123,-0.000212742,-0.000411706,-0.000276774,-0.000178802,0.000160521,-0.000206318,0.000101382,-0.000156098,-0.000148036,-0.000471133,0.00000685,-0.000456514,0.000092296,-0.000064076,-0.00015486,0.000058929,0.000177335,0.000027454,-0.000009197,-0.000196069,-0.000186282,0.000535763,-0.000051528,-0.000106323,-0.000053358,-0.000120238,-0.000350259,-0.000106337,-0.000139768,-0.000207232,-0.000144905,-0.000231306,-0.000073011,-0.000066788,0.000138802,-0.000024087,0.000187558,0.000012054,-0.000110446,-0.000271421,-0.000060787,-0.000226981,0.000182175,0.000043483,0.000032627,0.00003955,-0.000017824,-0.000465954,-0.000277755,-0.000274745,-0.000471147,-0.000017382,0.000126059,-0.000078961,-0.000063546,-0.000099794,-0.000327366,-0.000165447,0.000103131,-0.000060097,0.000073564,0.000314486,-0.000150284,0.000032915,-0.000046927,0.000153037,-0.000330935,-0.000026137,-0.000287869,-0.000100028,0.000775207,-0.000121478,-0.000206675,-0.000305548,-0.000049003,-0.000401125,0.000151639,0.00024231,-0.000024966,-0.000014344,0.000089033,0.000157919,-0.0002278,0.000045789,-0.00014533,0.000082611,-0.00002969,-0.000044257,-0.000199081,-0.000000651,0.000012098,-0.000156206,-0.00010819,-0.000460855,-0.000037832,-0.00021413,0.000004414,-0.00030272
654.6949463,-0.000101547,-0.000128505,-0.00017752,-0.000220615,-0.000265429,-0.000219005,-0.00010295,-0.000216683,-0.000342687,-0.000109153,-0.000153616,-0.000268042,-0.000051762,0.000058569,-0.000297351,0.000077226,0.000120777,-0.000259935,0.000001212,0.000044831,0.000000872,-0.000152892,-0.000063037,-0.000242154,0.000181807,-0.000136771,-0.000181485,-0.000183265,0.000127357,-0.000162049,-0.000077002,-0.000411772,-0.000129251,-0.000140572,-0.0002145,-0.000015659,0.000210945,0.000000217,0.000203208,0.000163366,-0.000124021,0.000154377,0.000019664,-0.000097559,-0.000387333,0.00027745,-0.00020375,-0.000103048,0.000011506,0.000260431,-0.000426485,0.000051464,-0.000100356,-0.00016608,-0.000178117,0.000178356,-0.000106594,-0.000275139,-0.000250872,-0.000318295,-0.000230934,0.000263978,0.00020983,0.000041621,0.00013705,-0.000156559,0.000165876,-0.000302582,0.000105578,-0.000199928,-0.000023834,-0.000574792,-0.000392387,0.00060844,0.000070798,-0.000240896,-0.000116956,-0.000257118,-0.000495301,-0.000073301,0.000093266,-0.000040521,-0.000051855,-0.000102848,-0.0000529,-0.000169916,0.000092605,-0.000361338,-0.000297403,-0.000295891,-0.000101393,-0.000346186,0.000343431,0.000175321,-0.000072575,-0.000291638,-0.000148899,-0.000261096,-0.000166586,0.000017598,-0.000221327
655.2894287,-0.000235033,-0.000132845,-0.0000679,-0.000382991,-0.000215136,-0.000256046,-0.000399029,-0.000270519,-0.000479933,-0.000231444,-0.000211507,-0.000158153,-0.000134036,0.000103672,-0.000251462,-0.000261306,-0.000188272,0.000116131,-0.000337835,0.000104979,-0.00019674,-0.000158189,-0.000256792,0.000119883,0.000174523,-0.000269833,-0.000143382,-0.000238644,0.000184419,-0.000290385,-0.000198368,-0.00003997,-0.000364381,-0.000242048,-0.000230242,-0.000231423,-0.000034926,-0.000204163,-0.000115927,0.000171878,-0.000022937,0.000278978,-0.000112072,-0.000184907,-0.000313677,-0.000025234,-0.000227562,-0.000276445,0.000162254,0.000441538,-0.00005438,0.000111199,-0.000055824,-0.000157514,-0.000051073,-0.00021733,0.000006179,-0.000181308,-0.000412369,-0.000427742,-0.000181375,0.000260557,0.000217589,-0.000116404,0.000188161,-0.000004928,-0.000019373,-0.000130043,0.000104818,-0.000286204,-0.000128402,-0.000241149,-0.000311957,0.000848524,0.000218302,-0.000212967,0.000090564,-0.000309723,-0.000603437,-0.000057281,-0.000009814,-0.00019746,-0.000124295,-0.000004044,0.000008485,-0.00039309,0.000007871,-0.000087312,-0.000225218,-0.000229886,-0.000193114,-0.000167809,0.000225419,-0.000102149,-0.000048403,-0.000152539,-0.00029433,-0.000357868,-0.000127847,-0.000017036,-0.000274337
655.8839722,-0.000504311,-0.000067342,-0.000210989,-0.000342822,-0.000153799,-0.000448513,-0.000197556,0.000134349,-0.000284756,0.000042714,-0.00012354,0.000022576,-0.000285736,0.000160933,-0.00045083,-0.000144001,-0.000379487,-0.000024447,-0.000109073,0.000256494,-0.000015491,0.000258508,-0.000385234,0.00033766,0.000388865,-0.000002543,-0.000517672,-0.000154049,0.000228643,-0.000319519,-0.000222428,-0.000173676,-0.000363429,-0.000344555,-0.000094,0.000067229,-0.000125203,0.000090281,0.000275455,0.000046287,-0.000091959,0.000145192,-0.000092882,-0.000207281,-0.000055486,-0.00014064,-0.000210524,-0.000044987,0.000213602,-0.000057289,-0.000277683,-0.000228112,0.000152767,-0.000423054,-0.000174059,-0.000340071,-0.000207167,0.000024058,-0.000026666,-0.000193961,-0.000217916,0.000033969,-0.000016539,0.000118607,0.000130578,0.000052334,-0.00006171,-0.00020389,0.000090977,-0.000199235,-0.00009933,-0.000140158,-0.000358933,0.000585568,-0.000085163,-0.000262845,-0.000038269,-0.000205562,-0.000252286,0.000191683,-0.000074915,-0.00034611,-0.000331209,-0.0000032,0.000001165,-0.00046933,0.000073769,-0.000029761,-0.000048241,-0.000223321,-0.000149109,-0.000219781,-0.000103297,-0.000188111,0.000135412,0.000052396,-0.000359487,-0.000198259,-0.000054575,-0.000201217,-0.0003467
656.4785767,-0.000283862,-0.000172649,-0.000058683,-0.000088417,-0.00012861,-0.00060898,-0.000131675,0.000059435,-0.000238922,-0.000086493,-0.000144745,-0.000155899,-0.000128455,-0.000096129,-0.000439476,0.000182515,-0.000305139,-0.000048345,-0.000007738,0.000267782,0.000102849,0.000313679,0.000059316,-0.000099094,0.000399709,-0.000180315,-0.000277323,-0.000048611,0.000005556,-0.000211956,-0.0000468,-0.000173401,-0.000326659,-0.000023556,0.00015272,-0.000018431,-0.000004804,-0.000132807,0.000122999,-0.00002885,-0.000240159,-0.000181649,0.000016987,0.000018314,-0.000116511,-0.00002708,-0.000125749,-0.00015424,0.000075131,0.000025624,-0.000471638,-0.000415047,0.00007058,-0.000158764,0.00009216,-0.000417385,-0.000180802,-0.00032807,-0.000379454,-0.00019304,-0.000241567,0.000126076,-0.000097602,0.000121794,0.000194309,-0.000210588,-0.000169145,0.000031404,-0.000076885,-0.000431821,-0.000099693,-0.000037002,-0.000307785,0.000724323,0.00016574,-0.000282523,-0.000023299,-0.000261339,-0.00041021,0.000019458,0.000065346,0.000114812,-0.000199972,0.000362233,0.000005978,-0.000250805,0.000161181,-0.00001431,0.000045917,-0.000395135,-0.000077165,-0.00039398,-0.000099585,0.000038605,-0.000051648,-0.000092331,-0.000073606,-0.000070868,0.000114535,-0.000208479,-0.000041507
657.0731812,-0.000279695,-0.000227989,0.000005585,-0.00046971,-0.000198797,-0.000350941,-0.000270895,-0.000045666,-0.000211692,-0.000008563,-0.000073294,-0.000063845,0.0000628,-0.000155316,-0.000339474,-0.000021339,-0.000045926,0.000234552,0.000012096,0.000066073,0.000160757,-0.000173063,-0.000303172,-0.000076238,0.000146421,-0.000007246,0.000094514,-0.000114076,0.000022817,-0.00011442,-0.000320515,0.000013161,-0.000301532,0.000106221,0.000254032,0.000115019,0.000036658,-0.000007388,0.000045122,0.000139259,-0.000196923,0.000039626,-0.000271441,0.000005958,-0.000200866,-0.000098776,-0.00025373,-0.000214528,0.00004775,0.000024093,-0.000354029,-0.000152223,-0.000093617,0.000074925,-0.000039563,-0.000321387,-0.000196284,-0.000233165,-0.000247851,-0.000247615,-0.000092436,-0.000027998,-0.000039715,-0.00015828,-0.000064957,-0.000233808,-0.000166139,-0.000157365,-0.000052999,-0.000272972,-0.00012084,-0.000328995,-0.000520809,0.000761865,0.000204833,-0.00014397,-0.000045315,-0.000268043,-0.000132459,-0.00014487,0.000039004,0.000125424,-0.000139387,-0.000022876,0.000217989,0.0000232,0.000092749,0.000001979,0.000002121,-0.000132076,0.000063658,-0.000049831,0.000229323,-0.0000375,-0.000150643,-0.000067153,-0.000251268,0.000022914,0.000089972,0.000093735,0.000151164
657.6678467,-0.000041268,-0.000103745,0.000088733,-0.000222292,-0.000133719,-0.000282299,-0.000259633,-0.000085021,-0.000304115,0.000071569,0.000086139,0.000196177,0.000025247,-0.000126584,-0.000303045,0.000259345,-0.000099951,-0.000004352,-0.00007276,0.00008206,0.000033257,-0.000058457,-0.000117096,-0.000021532,0.000339551,0.00004138,-0.000170335,-0.000137428,0.000259512,0.000069919,0.000024715,-0.00014258,-0.000283727,0.000165446,0.00007758,-0.000042689,0.000307832,0.000310084,0.000017537,-0.000189754,0.000023332,0.000130494,0.000078478,-0.000117288,0.000054333,0.000030986,-0.000064118,0.000022667,0.000026359,-0.000146808,-0.000370881,0.0001646,0.000047074,-0.000113406,-0.000119398,-0.000163079,-0.000195927,0.000071597,-0.00015687,-0.000217713,-0.000096102,0.000359403,-0.000013516,-0.000351856,-0.000068786,-0.000147751,-0.000172098,-0.000287634,0.000074514,-0.000271801,0.000216456,-0.000196912,-0.000372155,0.000698058,0.000387475,-0.000279033,0.000153646,0.000008078,-0.000302699,-0.000181466,-0.000179772,0.000176948,0.000019416,-0.000201373,-0.000078996,-0.000189991,0.000143507,-0.000127794,0.000117233,-0.00004113,-0.000194653,-0.000191755,0.000120342,0.000213012,-0.00008405,-0.000060765,-0.000352991,0.000048203,-0.000107294,-0.000102863,-0.00014409
658.2625732,-0.000281619,-0.000149789,0.000063823,-0.000109565,-0.000071925,-0.000139334,-0.000359722,0.000002539,-0.000199485,-0.00014427,-0.000202878,0.000149019,-0.000123874,0.000044986,-0.000168909,-0.000071156,-0.000125586,-0.000060762,-0.000081802,0.000129824,0.000135677,-0.00013083,-0.000068853,0.000105829,0.000457661,0.000195101,-0.000197348,-0.00006781,-0.000041842,-0.000286453,-0.000146595,-0.000144328,-0.000033051,-0.000005778,-0.000245055,-0.000124277,0.000019592,0.000098698,0.000022903,-0.000073511,0.00021221,-0.000030128,0.000034818,-0.000222884,0.000148684,0.000201464,0.000021572,-0.000127688,0.000173715,0.00021378,-0.000039471,-0.00002046,0.000081664,-0.00006878,0.00010537,-0.000059627,0.0000427,0.000286415,-0.000380751,-0.000562419,-0.000212634,0.00029082,0.000194183,0.000144414,-0.000005978,0.000032279,0.000001776,-0.000047375,0.000132542,-0.000196843,0.000112853,-0.000414749,-0.000258374,0.000525204,0.000150338,-0.000194894,-0.000044768,0.000060954,-0.000498935,-0.00018251,-0.000192262,-0.000053981,-0.000237157,-0.000170917,-0.000000764,-0.000203243,0.000024672,0.000003731,0.000031786,-0.000277951,-0.000098844,-0.000217652,0.00007404,0.000322742,0.000003442,0.000210837,-0.000328115,0.000020035,-0.000174367,-0.000110274,-0.000232508
658.8572998,-0.00042671,-0.000035464,0.000043182,-0.000423793,-0.000245588,-0.00012277,-0.000284778,0.000096246,-0.000306129,0.000113427,-0.000252091,0.000319362,-0.000214648,0.000070082,-0.000068662,-0.000111144,-0.000106501,-0.000177811,-0.000089358,0.000102212,0.000038085,-0.00000309,-0.000158065,0.000210713,0.000377392,0.000187119,0.000104514,0.000129131,0.000041873,-0.000104575,-0.000068527,-0.000233425,-0.000231466,-0.000082836,-0.000295276,-0.000019559,0.00010173,0.000041599,0.000156459,0.000154908,0.000164841,-0.000117971,0.000120289,-0.000224508,-0.000105823,0.000258321,0.000049186,-0.000340304,0.000112008,0.000242455,0.000037357,-0.000361541,-0.000103295,-0.000425185,-0.00005213,0.000103593,-0.00023283,0.000177862,-0.000431069,-0.000178569,0.000127746,0.000338288,-0.00002674,-0.000008239,0.000184347,-0.000016186,0.000128267,-0.000401122,-0.000137831,-0.000170075,-0.000103588,-0.000123604,0.000041067,0.000796668,0.000075645,-0.000401744,-0.000153249,-0.000052473,-0.000067334,0.000109821,-0.000083609,-0.000169298,-0.00051389,-0.000162784,0.000252955,-0.000296132,-0.000000063,0.000178293,-0.000144932,-0.000289093,0.000116431,-0.000071929,-0.000017355,-0.000151773,-0.00002564,-0.000087212,0.00001043,0.000079309,-0.000099312,0.00003833,-0.000150219
659.4520874,-0.00017649,0.000081017,0.000242225,-0.000003606,-0.000499801,-0.000329902,0.000135644,0.000141182,-0.000198778,0.000023814,0.000006755,0.000086992,-0.000177605,0.00015187,-0.000272456,-0.000092189,-0.000335781,-0.000287823,-0.00005418,0.00036807,0.000206028,-0.000067449,-0.000172023,0.000128897,0.000108075,-0.000008052,-0.000141042,-0.000037927,0.000085034,-0.000168238,-0.000216902,-0.00025143,-0.000165136,-0.000027594,-0.000196873,0.00020768,0.00018077,-0.000206341,0.000284824,0.000172235,-0.00011904,0.000126723,0.000093121,0.000029151,-0.000201479,0.00001995,-0.000174643,-0.000353145,0.00006234,0.000202527,0.000077759,0.000039392,0.000057757,-0.000204743,0.000152921,-0.000079312,-0.000287498,0.000176998,-0.000298669,-0.000119623,0.000090183,0.000050752,-0.000289298,-0.000197858,-0.000005131,0.00014402,-0.000094579,-0.000320821,-0.00002521,-0.000344001,-0.000086843,-0.000076998,-0.000100775,0.000924845,0.000172804,-0.000415562,-0.000292883,-0.000166861,-0.000406631,-0.000002883,-0.000107445,0.000034437,-0.000488008,-0.000099815,0.000199496,-0.00003694,-0.000100533,-0.000207279,-0.000190569,-0.000181859,0.000059087,0.000040631,-0.00017103,0.000264277,-0.000178106,0.000129378,-0.00009008,-0.000018809,-0.000045707,0.000148197,-0.000307172
660.046936,-0.000289651,-0.000206399,0.0000268,-0.000149609,-0.000432884,-0.000506603,0.0000944,-0.000083349,-0.000067286,0.000035494,-0.000102306,0.000060408,-0.000122358,0.000066981,-0.00049014,0.00012213,-0.000065781,-0.000041894,-0.000002166,-0.000127484,0.000243531,0.000013206,-0.000286352,0.000071191,0.000436868,-0.000245519,-0.00003185,-0.000081893,0.000105304,-0.000128949,-0.000210232,-0.000429365,-0.000101929,-0.000156821,-0.000011151,0.000194827,-0.000083158,-0.000178237,0.000320359,-0.000010519,-0.000094516,0.000010931,-0.00006512,-0.000084121,-0.000327157,-0.000237755,-0.000113325,-0.000304709,0.000196904,-0.000055671,-0.000063558,-0.000179746,0.000087106,-0.000256053,0.000117681,0.000022703,-0.000119096,0.000072421,-0.000388666,-0.000252211,-0.0002785,-0.000006942,-0.000060095,0.000047068,-0.000161775,0.000015922,-0.000136629,-0.00014444,0.000150198,-0.000161482,0.000013961,-0.000374025,-0.000130938,0.000810228,0.000227681,-0.00026213,-0.000032784,-0.000142078,-0.000527958,-0.000093506,-0.000335174,0.000100752,-0.000201666,0.000178538,0.000397144,-0.000006122,0.000109305,-0.000103197,-0.000523022,-0.000474317,0.00004024,-0.000147803,0.000124757,0.000043438,-0.000194923,0.000069149,-0.000168576,-0.000181027,0.000142553,0.000096195,-0.000289582
660.6418457,-0.000427027,-0.000050345,-0.000107426,-0.000149914,-0.000080691,-0.000106205,-0.000343303,-0.000041732,-0.000267191,-0.000118694,-0.000080464,0.00007669,-0.000151249,0.000089844,-0.000282025,-0.000020931,0.00016274,0.000032492,-0.000051636,-0.00007362,0.000225579,0.000266484,-0.000352515,0.000025204,0.000388037,-0.000142975,-0.000199242,-0.000289045,0.000120249,0.000024467,-0.000086958,-0.000526561,-0.000319844,-0.000180981,-0.000203268,0.000056782,0.000086991,0.000041933,0.000251914,0.00013196,0.000105654,-0.000146198,0.000007232,-0.000110532,-0.000329552,-0.00007652,-0.000070003,-0.000165768,0.00010781,0.000212873,-0.000469536,-0.000245332,-0.000160294,-0.000333506,-0.000032249,0.000018556,0.000003539,-0.000111758,-0.00026345,-0.000383232,-0.000131481,0.000292045,-0.000093246,-0.000206321,0.00023063,-0.000207666,-0.000130681,-0.00015707,0.000199676,-0.000333004,-0.000016338,-0.000191479,-0.000079475,0.000731455,-0.000054494,0.000063708,-0.000033379,-0.00015026,-0.000450018,-0.000273109,-0.00025554,-0.000145864,-0.000150618,0.000056365,0.000243132,0.000090065,-0.000188324,-0.000098396,-0.000320033,-0.000239419,-0.000133529,-0.000182522,0.000107349,-0.000005904,-0.000145059,-0.000132664,-0.000107031,-0.000028937,-0.000050119,-0.000196431,-0.000087489
661.2367554,-0.000345544,0.000012995,-0.000138236,-0.000326329,0.000047403,-0.000366588,-0.00003215,-0.000093029,-0.000316802,-0.000341404,-0.000137558,0.000051101,-0.000230979,0.000210142,-0.000204569,-0.000257109,-0.000024507,0.000013597,0.000085563,0.000103381,0.000224158,0.000067211,-0.000361312,-0.000089252,0.000230672,-0.000281115,-0.000354515,-0.000270204,0.000031553,0.000219984,-0.000233957,-0.00035783,-0.000682351,-0.000066339,-0.000261341,0.000005786,-0.000258143,-0.000175744,0.000163604,0.000145895,-0.000081725,-0.000158593,-0.000236026,0.000093961,-0.000294294,0.000004823,0.000041149,0.000045298,0.00018742,0.000053171,-0.000378487,-0.000121086,-0.000248692,-0.000204889,-0.000158213,-0.000221624,0.000077276,0.000009144,-0.000379238,-0.000368866,-0.000259877,0.000346177,-0.000286832,-0.000151802,0.000360281,-0.000098913,-0.000086476,-0.000239745,0.000302187,-0.000381931,0.000103591,-0.000208604,-0.000162289,0.000595353,0.000031787,-0.00012579,-0.000390635,-0.000292844,-0.000292273,-0.000347647,-0.000183559,-0.000027489,-0.000323632,0.000113316,-0.00005247,0.000037212,-0.000352477,0.000070455,0.000065182,-0.000270664,-0.000107327,-0.000308229,-0.000181858,-0.000121527,0.000141126,-0.000024113,-0.000254767,-0.000212818,-0.000065237,-0.000254089,-0.000166511
661.831665,-0.000439353,0.000088174,-0.000142812,-0.000415336,-0.000294535,-0.000373778,-0.000173859,-0.000018908,-0.000118778,-0.00014592,-0.000116959,-0.000009596,0.000020419,0.000201766,-0.000224543,-0.000218618,0.000158793,-0.000382743,-0.000228005,-0.00006708,-0.000133769,0.000036064,-0.000027841,-0.000240717,0.000177414,-0.000148426,-0.00030515,-0.000052975,0.000302518,0.000265157,-0.000057247,-0.000295361,-0.000751348,-0.000354216,0.00000085,-0.000151529,-0.000164552,-0.000121246,0.000020257,-0.000045179,0.000092539,0.000210067,0.000155837,0.000095242,-0.000036454,-0.000098439,-0.000169186,0.000063648,0.000124284,-0.000035578,-0.000307529,-0.000073926,-0.000335891,-0.000268214,-0.000023983,-0.000177514,0.000104663,-0.000137568,-0.00001939,-0.000338716,-0.000328003,0.000125049,-0.000118755,-0.000322363,0.000090974,-0.00011162,-0.000016795,-0.000214588,0.00048043,-0.000405866,-0.00008106,-0.000032792,-0.000230507,0.000562226,-0.000136746,-0.000422635,-0.000046069,-0.000174654,-0.000242354,-0.000132195,-0.000206754,-0.000087753,-0.000276273,0.000304964,0.000076008,-0.000199595,-0.000072204,-0.000134997,-0.000375771,-0.00003645,0.000118615,-0.000250856,-0.000120399,-0.000060553,-0.000121309,0.000032098,-0.000252121,-0.000018685,0.000028878,-0.000249915,-0.000289585
662.4266968,-0.000351788,0.000065862,0.000079096,-0.000114618,-0.000363304,-0.000403216,0.000119246,0.000319629,0.000026233,-0.000169589,-0.000176348,-0.000184958,0.000038947,-0.000083146,-0.000335226,0.000000186,-0.000052287,-0.000327043,-0.000064368,0.000255009,-0.000036055,-0.000199429,-0.000322398,-0.000101156,0.000510914,-0.00019185,-0.000341111,-0.000356512,0.000004694,-0.000050695,0.000222701,-0.000087444,-0.000464917,-0.000406546,-0.000242168,-0.000251695,0.000105028,0.000078061,0.000200106,-0.000019555,-0.000160489,0.000187261,0.000091541,-0.000051876,-0.00029208,-0.000150718,0.000085577,0.000199676,0.000422947,0.000013671,-0.000198877,0.000111518,-0.000165477,-0.000226257,0.000078895,-0.000170232,-0.000099625,-0.000110092,0.000073349,-0.000406533,-0.00005028,0.000113393,-0.000163655,-0.000379271,-0.00004213,-0.000008567,0.000042998,-0.000295824,0.000218902,-0.000241862,-0.000276739,0.000090229,-0.000259059,0.000700238,0.000024348,-0.00007062,0.000127589,-0.000204419,-0.000432981,-0.000030424,-0.000125206,-0.000020007,-0.000306176,-0.000039836,0.000151843,-0.000050053,-0.000085862,-0.000149062,-0.000356944,-0.000324317,0.0000543,-0.000308838,0.000032947,-0.000175839,-0.000190524,-0.000095132,-0.000407433,0.000369609,0.000134418,-0.000019802,-0.000010151
663.0217285,-0.00019811,-0.00007758,-0.000004847,0.000006135,-0.000182499,-0.000425088,-0.000092027,0.000246929,-0.00028779,-0.000154705,0.000053631,-0.000070492,-0.000088867,0.00000898,-0.000472991,-0.000041909,-0.000219498,-0.000325235,0.000040525,-0.000189828,0.000324125,-0.000173976,-0.000226669,-0.000090936,0.000201551,-0.000226603,-0.00022614,-0.000347856,0.000054754,-0.000152883,0.000151215,-0.000475032,-0.000020722,-0.000222378,-0.00020782,0.000005049,-0.000125216,0.000163348,0.000163771,-0.000070827,-0.000099994,-0.000025342,-0.000178586,0.000103281,-0.000208496,-0.000140803,0.000020212,-0.000243584,0.000046392,0.000316863,-0.000170505,-0.000011749,0.000100388,-0.00005167,0.000144781,-0.000010896,-0.000405719,-0.000096512,-0.0002372,-0.00035031,-0.000252341,-0.000068744,-0.000244888,-0.000081916,-0.000125419,-0.000399462,0.000200263,-0.000326423,0.000182774,-0.00041418,0.000045828,0.000137255,-0.000048252,0.000867764,0.00004351,-0.000446292,0.000008834,-0.000370271,-0.000366815,-0.000131693,-0.00013643,0.000056895,-0.000360057,0.000000062,0.000269985,0.0000204,0.00003083,0.000053193,0.000150203,-0.00029557,-0.0000935,-0.000199634,0.000207264,-0.000400562,-0.000288682,0.000213373,-0.00038262,0.000155233,-0.000085948,-0.000070837,-0.000013138
663.6168213,-0.000224201,0.000026731,-0.000079018,-0.000235719,-0.000161007,-0.000479066,-0.000190185,0.000176905,-0.000395288,-0.000441118,0.000080845,-0.000415595,-0.00034724,0.000177841,-0.000335249,-0.000070424,-0.000055994,-0.000365153,0.000004402,-0.000199653,0.000320874,-0.000229485,-0.000243864,-0.000189767,0.000206821,-0.000451415,-0.00010042,-0.000360971,0.000191015,-0.000185981,0.000218902,-0.00046623,-0.000392028,0.000041509,-0.000093113,-0.00009655,-0.000332876,-0.00005617,0.000022321,0.000023439,-0.000318365,0.000156587,-0.000114623,0.000169971,-0.000203978,-0.000155028,0.000049711,-0.000085705,0.000100998,0.000540036,-0.000472674,-0.00009411,-0.000097786,0.000114455,0.000126189,0.000070386,-0.000067865,0.000141712,-0.000424814,-0.000440568,-0.000357145,0.000216522,0.000075983,-0.000410366,0.000049862,-0.000160761,0.000012954,-0.000429337,0.000142284,-0.000478335,0.000023152,0.000009496,0.000177945,0.000797642,0.000091762,-0.000603674,-0.000115523,-0.000169682,-0.000205994,0.000162782,-0.000093289,0.000006383,-0.000338391,0.000074422,-0.000069121,-0.000042994,-0.0002743,0.000129555,-0.000153915,-0.000190495,-0.000086734,-0.000520414,0.000039291,-0.000303892,-0.000070289,-0.000040843,-0.000255401,-0.000130401,-0.000106954,-0.00025667,-0.000146497
664.2119141,-0.000661058,-0.000003089,-0.000102344,-0.000523824,-0.000301574,-0.000257559,-0.000191816,-0.000053364,-0.000327774,-0.000014588,-0.000241667,-0.000157991,-0.000459988,0.000144593,0.000011171,-0.000369489,0.000257289,-0.000263774,-0.000086426,0.000079209,0.00016767,0.000162003,-0.000389052,0.00023283,0.000203484,-0.000484022,-0.000445004,-0.000491488,0.000362943,-0.000121378,0.000042501,-0.000291869,-0.000397213,-0.000383277,-0.000351034,-0.000283311,-0.000004009,-0.000324786,0.000336178,0.000172521,0.000031579,0.000210513,-0.000141185,-0.000310618,-0.000200843,0.000068293,-0.000400351,0.000111316,0.000278377,0.000255358,-0.00024447,-0.000255092,0.000019054,-0.000133256,0.00001036,0.000177151,0.000033906,0.000222567,-0.000223966,-0.000387416,-0.00038408,0.000029754,-0.000069767,-0.000011691,-0.000072185,0.000004812,-0.000217527,-0.000321967,-0.000164674,-0.000452146,0.000173085,0.000046289,-0.000293108,0.000800938,0.000349745,-0.000345096,0.000020376,-0.000182042,-0.000353901,-0.000150239,-0.000195059,-0.000062454,0.000039845,0.000017202,-0.000144064,-0.000110444,-0.000120506,0.00018438,-0.000104009,-0.000146884,-0.000351882,-0.000350945,-0.000175113,-0.000148376,-0.000103991,-0.000306532,-0.000583118,-0.000394874,0.000020951,-0.00021443,-0.000187113
664.8071289,-0.0006265,0.000072293,-0.000038444,-0.000570767,-0.000485847,-0.000730417,-0.000447338,-0.000146273,-0.000426525,-0.000077705,-0.000285938,0.000268696,-0.000404524,0.000261968,-0.000560625,-0.000193065,-0.00015265,-0.000312638,-0.000016671,0.000149088,0.000183727,0.000075555,-0.00013512,0.000218069,0.000321707,-0.000066819,-0.00031876,-0.00017374,0.000275843,-0.000081058,0.000192943,-0.000263867,-0.000196503,-0.000463433,-0.000232538,-0.000026176,-0.00019342,-0.000298048,0.000144946,0.000095439,0.000042053,0.000031161,-0.000067145,-0.000599955,-0.000007538,0.000025813,-0.000312255,-0.000003184,0.000173475,0.000138461,-0.000250105,-0.000324342,0.000000558,-0.000127991,-0.000143438,-0.00000038,-0.000179232,0.000182819,-0.000098987,-0.000312509,-0.000430721,0.000153113,-0.000120054,-0.000136823,-0.000041477,-0.00022506,0.000049309,-0.000283375,0.000245381,-0.000656747,-0.000028509,-0.000021908,-0.000084149,0.00080174,0.000012256,-0.000314187,0.000066324,-0.000309315,-0.000272369,0.000002083,-0.000348251,-0.000251446,-0.000333276,0.000011443,0.000153295,-0.000106219,0.000130236,0.000110459,0.000105716,-0.000442964,-0.000440454,-0.000422096,0.000117653,-0.000130055,-0.000371104,-0.000074842,-0.000356527,-0.000116141,-0.000004662,-0.000096748,-0.000180301
665.4022827,-0.00063017,0.000185417,-0.00006795,-0.000248724,-0.000210775,-0.000557509,-0.000213686,0.000088367,-0.000412584,0.000160564,-0.000237802,-0.000130979,-0.00019,-0.000019802,-0.000569236,0.000070214,-0.000259698,-0.000231978,-0.000021221,0.000030931,0.000297031,-0.000063651,-0.000418149,0.000141849,0.000400893,-0.000167666,-0.000274224,-0.000181628,-0.000088795,-0.000109312,0.000166752,-0.000304314,-0.000328503,-0.000181664,-0.000290669,-0.000221237,-0.000411318,-0.000235559,0.000201862,0.00002769,-0.000104173,0.000047406,0.000031071,-0.00019627,-0.000110158,-0.000324345,-0.000157081,-0.000201856,0.000273938,0.000342219,-0.000317663,-0.000188988,0.000046578,-0.000188187,-0.000079648,-0.000107207,0.000132772,0.000180349,-0.000197324,-0.000191412,-0.000415772,0.000286991,0.000007486,-0.000192167,0.0001128,0.000087583,-0.000066222,-0.0001914,0.000072489,-0.000525134,-0.000322254,-0.00034012,-0.000016848,0.00107922,0.000013565,-0.000533251,0.000240555,-0.000223014,-0.000632374,0.00003197,-0.000311511,-0.000239448,-0.000364998,-0.00021532,0.000462438,-0.000132233,-0.00017543,-0.000073546,0.000079528,-0.000439287,-0.000238023,-0.000323131,-0.00004749,-0.00025758,-0.000208314,0.000033762,-0.000598957,-0.000046277,-0.000024726,-0.00005465,-0.000321097
665.9975586,-0.000306903,0.000037873,-0.000061948,-0.000463345,-0.000213456,-0.000422279,-0.000328375,0.000256708,-0.000175192,-0.000061203,-0.00028914,-0.000121343,-0.000377762,-0.000154817,-0.000586333,-0.000075033,0.000010711,0.00002285,-0.000121488,0.000322773,0.000079296,0.000008055,-0.000671541,0.000190802,0.00023676,0.000088734,-0.000224768,-0.000108589,0.000130872,-0.000251799,0.000096832,-0.000371141,-0.000271869,-0.000169434,-0.000286093,0.000002253,-0.00010489,0.000003673,0.0002264,0.000257193,-0.000263436,0.000084705,-0.000343588,0.000126515,-0.000032222,0.000012268,0.000014569,-0.000177792,0.000334194,0.000143926,-0.00040445,-0.000040909,-0.000290345,-0.000152074,-0.000104621,-0.00018698,-0.000021374,0.000151535,-0.000221987,-0.000160696,-0.000329975,0.000023012,-0.000196026,-0.000202634,0.000082536,-0.00020726,-0.000090812,-0.000350262,0.000051792,-0.000441497,-0.000355334,-0.000159851,-0.000183593,0.000937084,0.000179677,-0.000351122,-0.000043864,-0.000137419,-0.000531165,-0.000308873,-0.000051635,0.000141465,-0.000240546,0.000082177,0.000160017,-0.000110159,0.000226313,-0.000208481,0.000021466,-0.000301356,-0.000233068,-0.000220682,0.000113796,-0.000444907,-0.000149852,-0.000296326,-0.000486961,0.000113872,-0.000165377,-0.000131121,-0.000193025
666.5928345,-0.000463635,0.000021231,0.000214623,-0.000262164,-0.000225775,-0.000334467,-0.000383399,0.000041524,-0.000482007,-0.000067289,-0.000484986,-0.000234889,-0.000306279,0.000100144,-0.00064137,0.000204273,0.000143632,-0.000239819,-0.000039379,0.000034479,0.000218717,-0.000094461,-0.000230925,0.000248488,0.000395564,-0.000295414,-0.000222914,-0.00043458,0.000198634,-0.000048876,0.000139225,-0.000230598,-0.000541779,-0.000235638,-0.000174786,0.000078702,-0.000162561,-0.000091661,-0.000082544,-0.000030752,0.000025211,0.000134775,-0.000445568,-0.00004345,-0.000020373,0.000073342,0.000002907,0.0002802,0.00016083,0.000142265,-0.000205149,-0.000198712,-0.000040837,0.000051157,-0.00020901,-0.000041729,0.000002218,0.00027706,-0.00029607,-0.000127114,-0.000272301,0.000152362,-0.000039334,0.000037109,0.000336231,-0.000483859,0.000126859,-0.000481925,0.000105806,-0.000553732,0.000040508,-0.000211304,-0.00013054,0.000896589,-0.00005377,-0.000368288,-0.000006184,-0.000271565,-0.000587104,-0.000186783,-0.000372072,0.000279987,-0.000205774,0.000278867,-0.000059905,-0.000128055,0.000032372,-0.00020919,0.000080929,-0.000264847,-0.000225501,-0.000355478,-0.000125059,0.000029454,-0.000097114,-0.000142821,-0.000782408,-0.000159715,-0.000086242,-0.00051577,-0.000228056
667.1881714,-0.00055289,0.000157641,-0.000265092,-0.000364125,-0.000261048,-0.000148385,-0.000492555,-0.000167545,-0.000519711,-0.000193085,-0.000545823,0.000094649,-0.000158431,-0.000001791,-0.000400237,0.000089837,0.000265963,-0.000157755,-0.000297703,0.000116795,-0.000020752,0.000133636,-0.000472342,0.000087203,0.000145485,-0.000480305,-0.000071427,-0.000242128,0.000055159,-0.000091131,-0.000110155,-0.000135581,-0.000348725,-0.000190212,-0.00042963,-0.000183045,-0.000095048,-0.00011551,0.000219348,0.000084911,0.000015486,-0.000045552,-0.000243257,-0.000251379,-0.000075688,0.000266695,-0.000100964,-0.000093537,-0.000060282,0.000080676,-0.000239483,-0.000242148,-0.000025187,-0.00030524,0.000081203,-0.000031501,-0.000152697,-0.000054006,-0.000300843,-0.00022178,-0.000466737,0.00024339,0.000175738,0.000032819,0.000293429,-0.000263531,-0.000093646,-0.000363445,0.000239749,-0.000588699,0.000094659,-0.000206328,-0.000297104,0.000865887,0.000108812,-0.000334803,0.000022754,-0.000297286,-0.000257296,-0.000092248,-0.00019916,0.00022351,-0.000432392,-0.000328652,0.000037248,-0.000364207,-0.000302576,-0.000432889,-0.000088201,-0.000230602,-0.000081726,-0.000634398,-0.000140577,-0.000296077,-0.000019927,-0.000302284,-0.000777394,-0.000066088,0.000008182,-0.000518334,-0.000404334
667.7835693,-0.000657285,0.000201001,-0.000184159,-0.000408826,-0.000536198,-0.000500902,-0.000404668,0.000023541,-0.000196808,-0.000302347,-0.000455216,0.0002554,-0.000126897,0.000139969,-0.00073298,-0.000061548,0.000059927,-0.000398589,-0.000181016,0.000052636,-0.000084569,0.000036421,-0.000312669,-0.000053754,0.00028744,-0.000131719,-0.000370963,-0.000149815,0.000049598,-0.000299019,0.000037627,-0.000336386,-0.000619982,-0.000494305,-0.000496624,-0.000272319,-0.000222856,-0.00030478,0.000112258,0.000260698,0.000095738,0.000077478,-0.000229892,-0.000031587,-0.000163051,0.000092327,-0.000094753,-0.000147947,0.000163353,0.000195501,-0.000101875,-0.00020861,-0.00023258,-0.000586952,-0.000073444,-0.00009468,-0.000256815,-0.000111384,-0.000279125,-0.000258984,-0.000772262,0.000079867,-0.000111707,-0.000017695,0.000050299,-0.000017759,-0.000200901,-0.000346363,0.000522498,-0.000428305,-0.000184761,-0.000222055,-0.000352001,0.000913086,-0.000051133,-0.000370722,-0.000043405,-0.000411216,-0.000204451,0.000159556,-0.000210837,-0.000235589,-0.000233557,-0.000100047,0.000052764,-0.000075561,-0.000180055,-0.000108438,-0.000290434,-0.000313508,0.000080266,-0.000640055,0.000287192,-0.000280346,-0.000038832,-0.000159678,-0.000370256,-0.000171611,-0.000087409,-0.000002307,-0.000223412
668.3789673,-0.000365651,-0.000053693,0.000110749,-0.000356274,-0.000214421,-0.000603678,-0.000293799,-0.000308877,-0.000366414,-0.000408834,-0.000428003,-0.000088971,-0.000284313,-0.00008057,-0.00078854,-0.000177382,0.000038482,-0.000305072,0.000065923,-0.000030444,-0.000036662,-0.000112571,-0.000272745,-0.000155455,0.000321653,0.000057814,-0.000340438,-0.000142416,-0.000039209,-0.000349008,0.000042841,-0.000338315,-0.000604079,-0.000102033,-0.000384114,-0.000141128,-0.00020171,-0.000401433,-0.00010541,-0.000014238,-0.000042948,0.000090007,-0.000212232,-0.000031988,-0.000421709,0.000107544,-0.000013618,-0.000142189,0.000327236,0.000283683,-0.000237608,-0.000015946,-0.000086809,-0.000133113,-0.000080691,-0.000141344,-0.000007322,0.000084549,-0.000154669,-0.000284052,-0.000661027,0.000171799,-0.000214282,0.000108008,0.000013037,-0.000084932,-0.000045415,-0.000109239,0.000259088,-0.000664107,-0.000293286,-0.000674821,-0.000197506,0.001232335,0.000080516,-0.000359366,-0.000000074,-0.000384657,-0.000544535,0.000037776,-0.00020648,-0.000059831,-0.000306773,-0.000018115,-0.000018985,-0.00019502,0.000021578,-0.000188416,-0.000265081,-0.000383367,-0.000029198,-0.000162915,0.000103267,-0.000199913,-0.000085039,-0.000142964,-0.000310979,0.000151742,-0.000070403,0.000077023,-0.000251884
668.9744263,-0.000328928,-0.000002423,0.000067403,-0.000296448,0.000046297,-0.000565929,-0.000489824,0.000093384,-0.000584021,-0.00013144,-0.000150747,-0.000079027,-0.000287299,0.000196642,-0.00043843,0.000106008,0.000007902,-0.000441325,0.000059336,0.000165385,0.000082826,-0.000011086,-0.000471825,-0.000212829,0.000276869,0.000070494,-0.000127603,-0.000190189,-0.000041996,-0.000084161,0.000101751,-0.000215748,-0.000346198,-0.000162803,-0.00017031,-0.000109765,-0.000045778,-0.000056241,0.000158565,0.000142996,-0.000051733,-0.00014533,-0.000170407,-0.000054617,-0.00028438,-0.00005065,0.000183206,-0.000080451,0.000176554,0.000107187,-0.000333443,0.000105017,-0.000106351,-0.000094584,0.00007646,0.000078292,0.000091257,-0.00003497,-0.000349123,0.000023189,-0.000326309,-0.000002676,-0.000031212,-0.000173674,0.000256679,-0.000342111,0.000084142,-0.000302993,-0.000205934,-0.000676314,-0.000284008,-0.000415876,-0.000327067,0.001156407,0.00009241,-0.000189875,0.000091741,0.00007676,-0.000465852,0.000079194,-0.000176808,0.000168213,-0.00045016,0.00005453,0.000337184,-0.000114376,-0.000029033,-0.000220018,-0.000313345,-0.000260082,0.000080169,-0.000574799,-0.000042068,-0.000295542,-0.000093204,-0.000233399,-0.000116153,0.00023416,-0.00028164,0.000030263,-0.00006638
669.5699463,-0.000487652,0.000074929,-0.0001259,-0.000235515,-0.00018953,-0.000417091,-0.00034573,0.000080006,-0.000689351,-0.000249659,-0.000269757,-0.000088311,-0.000287463,-0.000297534,-0.000483617,-0.000052228,0.000227193,-0.000339465,-0.000123283,0.000013062,0.000177306,0.000021585,-0.000298886,-0.000127488,0.000130237,-0.000292547,-0.000264126,-0.000058593,-0.000020845,-0.000267321,-0.000031249,-0.00019031,-0.000287298,-0.000337474,0.000040036,0.000084122,0.000124931,-0.000207377,0.000157361,0.00019289,-0.000108468,-0.000165148,-0.000217985,0.000128858,-0.000346108,-0.000125479,-0.00012843,-0.000038388,0.000169029,0.000195238,-0.000403902,-0.000090457,0.000041406,-0.00039302,-0.000406169,-0.000078697,0.000025557,-0.000232637,-0.000235991,-0.000107729,-0.000295787,0.000158384,-0.000022603,0.000037678,0.000140288,-0.000410194,-0.000083276,-0.000485468,-0.000003161,-0.00052131,-0.000205929,0.000015396,-0.000222627,0.001075025,-0.000182859,-0.000252112,0.000048814,-0.000048294,-0.000399168,-0.000186331,-0.000235267,-0.000230073,-0.000180535,-0.000004515,0.000145335,-0.000258549,-0.000162211,-0.000309169,0.00004827,-0.00015233,-0.000155881,-0.000697369,-0.000279056,-0.00008358,0.000035018,-0.000358661,-0.000403634,-0.000106722,-0.000032492,-0.000155231,-0.000021863
670.1654663,-0.000664052,-0.000061643,0.000021795,-0.000258458,-0.000176828,-0.000055699,-0.000125068,-0.000019815,-0.000349441,-0.000180887,-0.000446914,-0.000189763,-0.000357286,0.000065113,-0.000426158,-0.000024284,0.000121076,-0.000225017,-0.000011119,0.000046574,-0.000035544,-0.000193423,-0.000305264,-0.00004264,0.000296206,-0.000142692,-0.000284053,-0.000036397,0.000130996,-0.000199071,0.000131234,-0.000214945,-0.000565974,-0.000346922,-0.000292013,-0.000238582,0.000013595,-0.000082917,0.000069405,0.000066819,-0.000030772,-0.000058712,0.000004831,-0.000014973,-0.000180979,-0.000057553,-0.000202165,-0.000267661,0.000278116,0.000216501,-0.000093262,0.00001758,-0.00023169,-0.000272166,-0.000205529,-0.000032261,-0.00008865,0.000062637,-0.000350044,-0.000190774,-0.000451329,0.000126078,-0.000092597,-0.000056085,-0.000018561,-0.00024384,-0.000026646,-0.000395205,0.000067836,-0.000315639,-0.000178536,-0.000238208,-0.000116396,0.000995317,-0.000131907,-0.000364646,0.000016879,-0.000246964,-0.0003665,-0.000243442,-0.000321008,-0.000067498,-0.000566034,-0.000292591,-0.000040736,-0.000382015,-0.000148141,-0.000153898,0.000096178,-0.000483177,-0.000062279,-0.000500171,-0.000200892,-0.000127386,-0.000105858,-0.000154783,-0.000413428,-0.000306897,-0.000240213,-0.000048304,-0.000523235
670.7610474,-0.000630506,0.000167624,0.000282209,-0.000600774,-0.000339473,-0.000520216,0.000026793,0.000056414,-0.000431008,-0.000183352,-0.000307711,0.000119644,-0.000264036,0.000331656,-0.000513103,0.000031106,-0.000241591,-0.000495254,0.000013215,-0.000059695,-0.000103444,-0.000155316,-0.000120702,0.00007834,0.000338548,-0.000186663,-0.000433812,-0.000244038,-0.000054646,-0.000073849,0.000014813,-0.000220758,-0.000336114,-0.000616972,-0.000496978,-0.000195718,-0.000283402,-0.000174369,0.000230479,0.000077899,-0.000050324,0.00029876,-0.000076265,-0.000477309,-0.000111586,-0.000139894,-0.00000558,-0.0001752,0.000023978,0.000135043,-0.000265887,-0.000022285,-0.000146268,-0.000214697,-0.000058458,-0.000453006,-0.000161895,-0.000035373,-0.0005088,-0.000236081,-0.000538916,0.000120143,-0.000076163,-0.000143909,0.000101628,-0.000019835,-0.000342829,-0.000140846,0.000251294,-0.000284812,-0.0001888,-0.000319719,0.000053167,0.001029858,-0.000377257,-0.00069176,-0.000041783,-0.000460222,-0.000179662,-0.000028769,-0.000279905,0.000095399,-0.000479182,-0.000148813,-0.000078686,-0.000129661,0.000137501,-0.000558472,-0.000167659,-0.00047846,-0.000082379,-0.000492062,-0.000171698,0.000163164,-0.000131351,0.000261,-0.000422517,0.000097099,-0.000308371,-0.000068959,-0.00021761
671.3566895,-0.000579101,-0.000026985,0.000107986,-0.000492122,-0.00040074,-0.0003154,-0.000256758,-0.000063286,-0.0002853,-0.00037137,-0.000353416,0.000031991,-0.000239919,-0.000073804,-0.000506561,-0.000090602,-0.000142264,-0.000322793,-0.000057445,0.000174708,0.000021105,-0.000189301,-0.000334864,-0.000181931,0.000157336,-0.000020203,-0.000393539,-0.000430568,-0.000013604,-0.00056226,-0.000111934,-0.000287131,-0.000365099,-0.000266162,-0.000244819,-0.000120407,-0.000272648,-0.000127812,0.000139588,-0.000209271,-0.000026475,0.000079514,-0.000158525,-0.000280684,-0.000389372,-0.000068936,-0.000105381,-0.000134815,0.000096116,0.000076545,-0.000187048,0.000044466,-0.000228055,-0.000134326,-0.000168055,-0.000143506,-0.000152464,-0.000092437,-0.000085378,-0.000361065,-0.000469665,0.00014509,-0.000128156,-0.000227785,-0.000060726,-0.000080039,-0.000055642,-0.00020532,0.000119764,-0.000442435,-0.000335693,-0.000098928,0.000039663,0.001109228,-0.000360798,-0.000492116,0.000009862,-0.000377809,-0.000583535,0.000199196,-0.000250029,-0.000047032,-0.000587246,0.000319573,0.000161875,0.000052353,0.000267404,-0.0000299,-0.000066008,-0.00042778,-0.000140046,-0.00032818,0.000061843,0.00002557,0.00006586,0.000242554,-0.000483601,0.000276264,-0.000018906,-0.000014806,-0.000311203
671.9523315,-0.000166084,0.000006696,0.000051335,-0.00045966,-0.000461502,-0.000394963,-0.000267216,0.00011129,-0.000049733,0.000029421,-0.000231207,0.00003182,-0.000385804,-0.000008277,-0.000553328,-0.000122637,0.000053076,-0.00004865,0.00011743,0.000185125,0.00016503,-0.000041974,-0.000193446,-0.000315199,0.00025825,0.000151071,-0.00033253,-0.000506592,-0.000333634,-0.000326543,-0.000257849,-0.000246506,-0.000473615,0.000004423,-0.000050911,-0.000188084,0.000242051,-0.000028049,-0.000045594,-0.000246669,0.000022787,0.000219649,-0.000084251,0.000166385,-0.00045992,0.000114839,-0.000199176,-0.000141777,-0.00010442,-0.000071932,-0.000347525,0.000004884,-0.000045575,0.000008057,0.000092951,-0.000180404,-0.000341252,-0.000168929,-0.00023364,-0.000374208,-0.00046936,-0.000078062,-0.000312083,-0.000012578,-0.000002245,-0.000091823,0.000006773,-0.000416652,0.00000317,-0.000340453,-0.000319291,-0.000260137,-0.000175156,0.001262566,-0.000213814,-0.000261066,-0.00014275,-0.000328259,-0.000661884,-0.000040654,-0.00023312,0.000132975,-0.000522598,-0.000143667,0.000161844,-0.000044137,0.000087747,-0.000021592,-0.00008386,-0.000271981,0.000168136,-0.000311849,0.000267581,-0.000136492,0.000059181,-0.000111677,-0.000089108,0.000095619,0.000189935,0.000104005,-0.000307819
672.5480347,-0.000500069,-0.000336852,0.000123706,-0.000055241,-0.000244916,-0.000173577,-0.000200741,0.000003153,-0.000055592,-0.00011721,-0.000254372,-0.000115732,-0.000434444,-0.000077421,-0.000227708,-0.000155767,0.000205921,-0.000159965,-0.000102589,0.000285228,0.000121451,-0.000113854,-0.000121253,-0.00002105,0.000031991,-0.000056839,-0.000198934,-0.000413947,0.000167726,-0.000167542,0.000092189,-0.000452379,-0.000341715,-0.000287454,-0.000252286,-0.000056787,0.000223095,0.000016615,0.000095006,-0.000131254,0.000176896,0.000217617,-0.000114636,0.000012301,-0.000337721,0.000002999,-0.000063441,-0.00010297,-0.000088346,0.000043012,-0.000357482,-0.000060752,-0.00018425,-0.000069148,-0.000000925,-0.000128457,-0.000189201,-0.000241313,-0.000146323,-0.000273428,-0.000122957,0.00013069,-0.000067163,0.000184748,-0.000051224,0.000012647,-0.000102319,-0.000132447,-0.000222286,-0.00032475,-0.00008098,-0.000021362,-0.000131981,0.000815536,-0.000066869,-0.000188128,-0.000106693,-0.000026048,-0.000271064,-0.000148806,-0.00039342,-0.000193045,-0.000321289,-0.000234889,0.000056168,-0.000395563,-0.000020859,0.000043213,-0.000037749,-0.000287426,-0.000138658,-0.000628688,-0.000255047,-0.000039003,-0.000091234,-0.000139094,-0.000210954,-0.000103303,-0.00009785,-0.000006418,-0.000244221
673.1437988,-0.000550313,-0.000283223,-0.000054529,-0.000119682,0.000180468,-0.000154857,-0.00016227,-0.0001543,-0.000174038,-0.000170925,-0.000174076,-0.000146018,-0.00020327,0.000224566,-0.000105489,-0.000305202,0.000073694,0.000012546,-0.000175798,0.000271839,-0.000131509,-0.000027295,-0.000119564,-0.000267216,0.00006184,0.000161522,-0.000447351,-0.000220745,0.000152079,-0.000309103,-0.000230314,-0.000100868,-0.000437665,-0.000129296,-0.0002053,-0.000130287,0.000029869,-0.000326255,0.000293785,-0.000120175,-0.000148505,0.00010239,-0.000332524,-0.000172262,-0.000292644,-0.000194907,-0.000393453,-0.000113379,0.000109726,0.000015544,-0.000149341,-0.00006891,-0.000034767,-0.000097517,-0.000131872,-0.000017205,-0.000055235,-0.000056275,-0.000346333,-0.000139411,-0.000417529,0.000032425,-0.00031964,-0.00008352,0.000045982,-0.000101522,-0.000222325,-0.000163048,0.000002813,-0.000448097,0.000044068,-0.000183925,-0.000038826,0.000999318,0.000049695,-0.00029114,-0.000135507,0.000023956,-0.000158612,0.000094891,-0.000315921,-0.000279514,-0.00037135,-0.000045714,-0.000076067,-0.000468044,-0.000140601,-0.0000135,-0.000036023,-0.000336587,-0.00014616,-0.000493048,-0.000040111,-0.000219495,0.00009876,-0.000060682,-0.000188202,-0.000033762,-0.00024113,-0.000165143,-0.00032594
673.739624,-0.000406238,0.000354432,-0.00005278,-0.000105098,-0.000126606,-0.000324342,-0.000336242,-0.000094123,-0.000344347,-0.000367694,-0.000144285,-0.000107326,-0.000202842,0.000100391,-0.000418112,-0.000065842,-0.00022372,-0.000312351,-0.000044011,-0.000005038,-0.000002186,0.000036761,-0.000235977,-0.000086068,0.000272685,-0.000022169,-0.000456675,-0.000096807,0.000099003,-0.000178462,-0.000297601,-0.000142708,-0.000712617,-0.000415478,-0.000199901,-0.000034661,-0.00006511,-0.000051511,0.000215965,0.000057056,-0.000173597,0.00001755,-0.000229059,-0.00017773,-0.000113832,0.000260727,-0.000248995,-0.000144218,0.000218103,0.000204618,-0.000246201,-0.000188103,0.000072691,0.000110625,-0.000156944,-0.000252178,-0.000232211,-0.000024587,-0.000157863,0.000096376,-0.000370896,0.00010086,-0.000340294,0.000134162,-0.000053983,-0.000113337,-0.000186351,-0.000455792,0.000223005,-0.000324752,0.000095686,-0.000233862,0.000023793,0.000875249,0.000131693,-0.000103434,0.000001996,-0.00007929,-0.000222333,0.000210428,-0.000108592,-0.000357943,-0.000218252,-0.000088639,-0.000176901,-0.000437767,0.000029316,-0.000142136,-0.000179621,-0.000383744,-0.000103807,-0.000294907,0.00014551,-0.00037329,0.00006858,-0.000183738,-0.000337851,0.000003522,-0.000238803,-0.000216943,-0.000337552
674.3354492,-0.000476951,0.000066779,0.000010542,-0.00024838,-0.000209795,-0.000462155,-0.000358937,-0.000032176,-0.000132937,-0.000167959,-0.000029766,-0.000256403,-0.000300439,-0.000025017,-0.000488992,-0.000191807,0.00003958,-0.00040155,-0.000214622,0.000298524,-0.000064539,-0.000094329,-0.000356515,-0.000060357,0.000102224,0.000111205,-0.000079797,-0.000339231,-0.000136583,0.000050794,0.000029016,-0.000243355,-0.000573721,-0.000196781,-0.00023932,-0.000093929,-0.000260748,-0.000095832,0.000212106,-0.000086088,-0.000133107,-0.000210029,-0.000241827,-0.00014215,-0.000130538,0.000198029,-0.000290173,-0.000154985,-0.000047367,0.000141544,-0.000124531,-0.00031295,-0.000233726,0.00014723,-0.000065527,-0.000132365,-0.000200756,0.000205963,-0.000198935,-0.00002185,-0.00034299,0.000119818,-0.000305102,0.000051097,-0.000121414,-0.000012491,0.000071618,-0.000445614,0.000210575,-0.000117598,0.000109569,-0.000026861,-0.000245872,0.000758716,0.000060096,-0.000293652,-0.000339477,-0.000153416,-0.000561546,-0.000005852,-0.000198757,-0.000204867,-0.000466679,-0.000210403,-0.000067462,0.000006099,0.000033367,-0.00004275,-0.000097861,-0.000365683,-0.000208361,-0.000353745,-0.000042604,-0.000206074,0.000086985,-0.000084506,-0.000436294,0.00040564,0.0001299,0.000089808,-0.000306037
674.9312744,-0.000453561,-0.000196498,-0.000098674,-0.000459411,-0.000364358,-0.000670348,-0.000381218,-0.000121453,-0.000263382,-0.000153955,-0.000173872,0.000040662,-0.000393369,0.000075386,-0.000416333,-0.000153691,0.00005478,-0.000158917,-0.000063672,0.000035363,0.000112732,-0.000274991,-0.000344666,-0.00022991,0.000208163,0.000202164,-0.000051727,-0.000420207,0.000019859,-0.000291294,0.000177082,-0.000439176,-0.000344691,-0.000103202,-0.000532771,-0.000091699,-0.000136027,-0.000120823,0.000035817,-0.000040715,-0.000225671,0.000156936,-0.000318646,0.000151046,-0.000247376,-0.000206536,-0.000398585,0.000105044,0.000115602,-0.000241696,-0.000162747,-0.000193177,0.000094415,-0.000013268,-0.00004728,-0.000233319,-0.000165644,0.000066791,-0.000139519,-0.0001933,-0.000355299,-0.00015516,-0.000311121,0.000010844,0.000103154,-0.000402753,-0.000044267,-0.000613641,0.000113709,-0.000269737,-0.000038124,-0.000491911,0.000014956,0.000615405,-0.000007187,-0.000206345,-0.000299334,-0.000189895,-0.000567269,-0.00001966,-0.000255456,-0.00003006,-0.00032904,-0.000025688,-0.000184638,0.000110746,-0.000022974,0.000043108,-0.000048335,-0.000475771,-0.00016256,-0.000372375,-0.000030913,-0.000020756,-0.000071654,-0.000006144,-0.000375845,0.000166526,-0.000395528,-0.000045876,-0.000044815
675.5272217,-0.000401031,-0.000137572,-0.000020437,-0.000423277,-0.000355587,-0.000529838,-0.000289879,-0.00001214,-0.00037765,-0.000321,-0.000161527,0.000015887,-0.000452542,0.000255975,-0.000272558,-0.000211473,0.0000058,-0.00034265,-0.000154128,0.000209972,0.000174721,-0.00016177,-0.00025478,-0.0000154,0.00022661,-0.000349075,-0.000345411,-0.000389381,0.000158661,-0.000222038,0.000161528,-0.000395665,-0.000274388,-0.000364046,-0.000438652,0.000253809,0.00008435,-0.000068536,-0.000032178,0.000159184,-0.000233332,0.000180393,-0.000178069,-0.000161273,-0.000187659,0.000175837,-0.000133551,0.000085848,0.000170616,-0.00002479,-0.000324528,-0.000213579,0.000097735,-0.000277657,0.000113097,-0.000248907,-0.000150045,0.000021915,-0.000333222,-0.000276797,-0.000305932,-0.000233199,-0.000160687,-0.000047134,0.000231634,-0.000329051,0.000019941,-0.000480369,0.000150279,-0.000334676,0.000111812,0.000023312,-0.000082312,0.000681177,-0.000123554,-0.000334204,-0.000048984,-0.000350711,-0.000445693,0.000004154,-0.000284417,-0.000034024,-0.000284325,-0.000192884,0.000073875,-0.000222819,-0.000345924,-0.000190135,-0.000170131,-0.000245242,-0.000008445,-0.000531679,-0.000092199,-0.000343448,-0.000067363,-0.000415693,-0.000757756,-0.000249591,-0.000201104,-0.00027734,-0.00009962
676.1231689,-0.000578,-0.000071239,-0.000116725,-0.00023012,-0.000203985,-0.000349298,-0.000394372,0.000059454,-0.000257699,-0.000285298,-0.000161658,-0.000014948,-0.000308116,0.000283484,-0.00039421,-0.000025464,-0.000008656,-0.000254166,-0.000381588,0.000065974,0.00009368,0.000008419,-0.000518767,-0.000207277,0.000120306,0.000032829,-0.000504471,-0.00036132,0.000182747,0.000067074,-0.000059184,-0.000266056,-0.000468795,-0.000498563,-0.000443541,-0.000114372,-0.000129638,-0.000157237,0.00014772,-0.000013932,0.000057375,-0.00008407,-0.000174001,-0.000266064,-0.000214829,0.000270131,-0.000198531,-0.000084827,0.000159985,-0.000012012,-0.000521361,-0.000267517,-0.000037428,-0.00005944,-0.000037988,-0.000138419,-0.000067081,0.000263887,-0.000599694,-0.000275494,-0.000339035,0.000070152,-0.000126846,-0.000036251,-0.000150562,-0.000109888,-0.000195589,-0.000370979,0.000172492,-0.000392696,0.000130029,-0.000128919,-0.000228647,0.000712364,-0.000218732,-0.000369398,-0.000010078,-0.000187162,-0.000403376,0.000080678,-0.000398364,-0.000267136,-0.000532673,-0.000054757,-0.000050854,-0.000339524,-0.000071405,0.000015439,-0.000049665,-0.000306596,-0.000143269,-0.000369443,-0.000179131,-0.000306899,-0.000075178,-0.000336883,-0.00069879,-0.000070364,-0.000257145,-0.000213007,-0.000323971
676.7191772,-0.00068891,0.000115413,0.000033797,0.000019791,-0.000156208,-0.000649544,-0.000498672,-0.000211258,-0.000338981,-0.000146352,-0.000237981,0.000063954,-0.000512396,0.000283284,-0.000665934,-0.000067732,-0.000337879,-0.000305048,-0.000378915,-0.000113536,0.000106047,-0.000144013,-0.000368771,-0.0003519,0.00021137,-0.000191421,-0.000430859,-0.000279834,0.000052973,0.000277713,0.000118504,-0.000167624,-0.000605226,-0.000487263,-0.000247904,-0.000210664,-0.000198452,-0.000253678,0.000256562,-0.000068699,-0.000186345,-0.000131057,-0.000163441,-0.000021659,-0.000127555,0.000007068,-0.000322881,-0.000196529,0.000152846,-0.000093617,-0.000268762,-0.000221111,0.000176126,-0.000128629,-0.000202002,-0.000328433,-0.000161664,0.000185279,-0.000494124,-0.000032098,-0.000571666,0.000245841,-0.000294286,0.000097397,-0.000396515,-0.000312499,-0.000280744,-0.000322124,0.000290911,-0.000529079,-0.000040621,-0.000296815,0.000211271,0.000526875,-0.000126504,-0.000221297,0.00011213,-0.000140252,-0.000641196,0.000038487,-0.00026153,-0.000280396,-0.000211004,-0.000049408,-0.000239305,-0.000466176,0.000186259,-0.000252516,-0.000349142,-0.000525848,-0.000273456,-0.000334425,-0.000204316,-0.000239998,-0.000126675,0.000048274,-0.000913363,-0.0000686,-0.000444936,-0.000024634,-0.00025666
677.3152466,-0.000773719,0.000076719,-0.000079098,-0.000391506,-0.000257456,-0.000584137,-0.000458429,-0.000294244,-0.000391187,0.000020486,-0.000354953,-0.000075502,-0.000610844,-0.000045265,-0.000709908,-0.000113601,-0.000233422,-0.000372035,-0.000068954,0.000031045,0.000029167,-0.000243778,-0.000348949,-0.00003686,0.000165273,-0.000137049,-0.000464982,-0.00052055,-0.00004238,-0.000059364,-0.000005326,-0.000288486,-0.000571297,-0.000454611,-0.000179065,-0.000136268,-0.000323421,-0.000510718,0.000252013,-0.000297524,-0.000285151,-0.000171567,-0.000168853,-0.000234626,-0.000339815,-0.000075923,-0.000488328,-0.00042129,0.000199664,-0.000173523,-0.000391886,-0.000484604,-0.000165859,-0.000367902,-0.00032448,-0.000182205,-0.000340896,0.00009088,-0.00044781,-0.000306766,-0.000582217,-0.000065607,-0.000376052,-0.000084888,-0.000397333,-0.000345631,-0.000150889,-0.000665778,0.000285559,-0.000773099,0.000004777,-0.000288651,0.000175853,0.000687177,-0.000114248,-0.000427806,-0.000162214,-0.000331558,-0.000716591,-0.000125283,-0.000388228,-0.000038886,-0.000492504,-0.000245385,-0.000083081,-0.000414301,-0.000087686,-0.000369403,-0.000158871,-0.000580194,-0.000432961,-0.000367901,-0.000178818,-0.00016171,-0.000289193,-0.000042949,-0.001031761,-0.000073688,-0.000173502,-0.000118609,-0.000519154
677.9113159,-0.000912589,0.000005301,-0.000198639,-0.000534344,-0.000399874,-0.000643174,-0.000640665,-0.00050699,-0.000456285,-0.000145467,-0.000266502,-0.000248812,-0.000510672,-0.000128926,-0.000591373,-0.000256639,0.000020014,-0.000556231,-0.000070552,0.00008271,-0.000038442,-0.000244306,-0.000262114,-0.000195203,0.000099013,-0.000071438,-0.000416269,-0.000549454,0.000059274,-0.000288404,-0.000028821,-0.000487964,-0.000585833,-0.000613496,-0.000068532,-0.00007954,-0.000188125,-0.000391221,0.000059681,-0.00020436,-0.00049167,-0.00036162,-0.000301157,-0.000503521,-0.000332914,0.000010601,-0.000273087,-0.000647982,0.000267624,-0.000142211,-0.00056777,-0.00046964,-0.000236086,-0.000297643,-0.000326579,0.000015902,-0.000698719,0.000038892,-0.000270209,-0.000486115,-0.000610409,0.00000523,-0.000380598,-0.000440757,0.000048309,-0.000415269,-0.000159231,-0.000784764,0.000205641,-0.000674649,-0.000228855,-0.000349919,-0.000106742,0.000673985,-0.000307958,-0.000738169,-0.00039999,-0.000247716,-0.000814844,-0.000224109,-0.000063278,-0.000016239,-0.000847413,-0.000223531,0.000002884,-0.000259399,-0.000037245,-0.000070039,0.000012553,-0.000602708,-0.000473751,-0.000586556,-0.000246156,-0.000205701,-0.000321166,-0.000330773,-0.001224839,-0.00001717,-0.000312583,-0.000209166,-0.000361728
678.5074463,-0.000745243,-0.000211193,-0.000483165,-0.000494777,-0.000448735,-0.000645826,-0.000560535,-0.000937815,-0.000669261,-0.000261389,-0.000718394,-0.000374676,-0.000529805,-0.000035852,-0.000691472,-0.000639613,0.000162944,-0.00063279,-0.000171319,-0.000041167,-0.000072239,-0.000269329,-0.000526666,-0.000029878,0.000128519,-0.000371689,-0.000539565,-0.000518465,0.000125504,-0.000201594,-0.00009897,-0.000606433,-0.001072731,-0.00078589,-0.000297995,-0.000297379,-0.000297627,-0.000208528,-0.000016146,-0.000143692,-0.000420186,-0.000307836,-0.000331727,-0.000159302,-0.000659719,-0.000027341,-0.000299958,-0.000735155,-0.00001101,0.000065383,-0.000415746,-0.000260081,-0.000246961,-0.000503836,-0.000690658,-0.000099939,-0.000417263,0.000041747,-0.000497355,-0.000449402,-0.000356151,0.000169083,-0.000281088,-0.000426526,-0.000115961,-0.000503743,-0.000228461,-0.00063876,0.000109286,-0.000711608,-0.000148641,-0.000318443,-0.000081047,0.000432681,-0.000548871,-0.00055836,-0.000634274,-0.000185181,-0.000846973,-0.000168801,-0.000397415,-0.000195856,-0.000685748,-0.000515715,-0.000406385,-0.000526735,-0.00025883,-0.000204757,-0.000249675,-0.000347457,-0.000270146,-0.000999649,-0.000290104,-0.000327541,-0.000386496,-0.000437937,-0.001328303,-0.000391329,-0.000534965,-0.000489964,-0.000415794
679.1035767,-0.000940486,-0.000140685,-0.00054603,-0.000361526,-0.000344427,-0.00088893,-0.000764017,-0.001404464,-0.000727391,-0.000272928,-0.000672418,-0.000364316,-0.000946598,-0.000036843,-0.000870557,-0.000625121,-0.000422512,-0.000516077,-0.000599421,-0.000182937,-0.000420372,-0.000470436,-0.000730367,-0.000099979,0.000058609,-0.00027565,-0.000798204,-0.000764904,-0.000114329,-0.000219828,-0.000341671,-0.000760295,-0.001284873,-0.000781368,-0.00035315,-0.000450238,-0.000269836,-0.000324234,-0.000010644,0.000036505,-0.000161638,-0.000207713,-0.000497476,-0.00034573,-0.000708679,0.000008863,-0.000456951,-0.000577586,-0.00013152,0.00006518,-0.000433131,-0.000428279,-0.000302632,-0.000470046,-0.001000949,-0.000015976,-0.000409933,-0.000333985,-0.000853961,-0.000440416,-0.000729053,0.000094472,-0.000475466,-0.000452686,-0.00043307,-0.000443861,-0.000226733,-0.000602052,-0.000157906,-0.000780739,-0.000291769,-0.000462694,0.000129736,0.00062655,-0.000493148,-0.000858455,-0.000789853,-0.000578358,-0.000816589,-0.000176443,-0.000572486,-0.000536716,-0.000944928,-0.000420511,-0.000277605,-0.000722921,-0.000598221,-0.000655016,-0.000169358,-0.000599687,-0.000297717,-0.000908551,-0.00045896,-0.000471986,-0.000453332,-0.000658556,-0.001573115,-0.000543095,-0.000464131,-0.000198472,-0.000639515
679.6998291,-0.001006097,-0.000258753,-0.000433597,-0.000708829,-0.000606691,-0.001250167,-0.000751001,-0.001670715,-0.000615538,-0.000687115,-0.000565728,-0.00037299,-0.000501968,-0.00006474,-0.001005059,-0.00047487,-0.000520289,-0.000564102,-0.00038401,-0.000302562,-0.000380978,-0.00070075,-0.000793748,-0.000449422,-0.000208128,-0.000447886,-0.000771831,-0.000578298,-0.000303178,-0.000559474,-0.00009052,-0.000836852,-0.001260474,-0.001023298,-0.00041006,-0.000580339,-0.00052067,-0.000605586,-0.000126783,-0.00011862,-0.00054297,-0.000485089,-0.000581659,-0.000776229,-0.000855391,-0.000350679,-0.00050244,-0.001210321,-0.000301858,-0.000358752,-0.000640365,-0.000391133,-0.00046773,-0.000696722,-0.001256195,-0.000579537,-0.00061535,-0.000182073,-0.000843312,-0.000593053,-0.000949422,-0.000139237,-0.00047113,-0.000475243,-0.000573758,-0.000534792,-0.000346815,-0.000885737,-0.000021431,-0.000955155,-0.000533606,-0.000793441,-0.00004509,0.000374549,-0.000754976,-0.001024669,-0.000713778,-0.000723416,-0.000598601,-0.000220208,-0.000379591,-0.000675557,-0.000955565,-0.000421147,-0.000630332,-0.000546281,-0.000563511,-0.000673738,-0.000558912,-0.000981779,-0.000457613,-0.001008323,-0.000312638,-0.000744141,-0.000386373,-0.000768561,-0.002229964,-0.000589468,-0.000391756,-0.000194983,-0.000669226
680.2960815,-0.001168251,-0.000449733,-0.000287038,-0.000428502,-0.000621692,-0.001409387,-0.000833545,-0.002091437,-0.001087844,-0.000696782,-0.000931217,-0.000784708,-0.000704034,-0.000750499,-0.001227506,-0.00075371,-0.000317344,-0.001012539,-0.000522287,-0.000113255,-0.000563686,-0.00074609,-0.001100048,-0.000596655,-0.00013533,-0.000503873,-0.000902809,-0.000751314,-0.000667116,-0.00076298,-0.000201629,-0.000928165,-0.001334235,-0.001625104,-0.000775392,-0.001261718,-0.000406888,-0.000843054,-0.000222106,-0.000251051,-0.000844672,-0.000650123,-0.000967456,-0.00097647,-0.001274387,-0.000723939,-0.000488883,-0.001579358,-0.000167763,-0.000630014,-0.000747648,-0.000866319,-0.000657435,-0.000815788,-0.001621547,-0.000756028,-0.000617901,-0.000383784,-0.001115423,-0.000760673,-0.00130672,-0.000280544,-0.000798306,-0.000397051,-0.000857234,-0.000551524,-0.000514643,-0.000897623,-0.000158799,-0.001118131,-0.000835775,-0.000650525,-0.000292219,0.000299294,-0.000792308,-0.001233401,-0.000757081,-0.000627269,-0.001264245,-0.000415143,-0.000640686,-0.000465903,-0.001252773,-0.000836144,-0.000626455,-0.000771347,-0.00066729,-0.000903721,-0.000500557,-0.000683388,-0.000883807,-0.001430148,-0.000676559,-0.001149798,-0.000521818,-0.000793501,-0.002528495,-0.000513088,-0.000956739,-0.00060725,-0.000823021
680.892334,-0.00113613,-0.00055356,-0.000514756,-0.000913173,-0.000718933,-0.001738114,-0.001387078,-0.002388888,-0.00113582,-0.000995871,-0.001108942,-0.000612913,-0.001139836,-0.000879522,-0.00133946,-0.00115439,-0.000448729,-0.001247034,-0.00087277,-0.000154009,-0.00101058,-0.000859605,-0.001215699,-0.000550531,-0.000616198,-0.000759394,-0.00089007,-0.001192023,-0.000631926,-0.000972571,-0.000470459,-0.001223761,-0.001404989,-0.002110657,-0.001040412,-0.001532763,-0.000806216,-0.000847065,-0.000565617,-0.000554364,-0.000947602,-0.0006541,-0.000941133,-0.001262519,-0.001646367,-0.000592297,-0.000965059,-0.001882793,-0.00046745,-0.000712324,-0.001122077,-0.00091708,-0.000856355,-0.001088038,-0.002250479,-0.000672585,-0.001068221,-0.000549315,-0.001542422,-0.000888081,-0.00152727,-0.000732273,-0.00088657,-0.000564203,-0.001045455,-0.000689535,-0.000608958,-0.001260552,-0.000318908,-0.001164122,-0.001025441,-0.000837404,-0.000463157,0.0003704,-0.001028533,-0.001430454,-0.001476255,-0.000871396,-0.00124851,-0.000576516,-0.000582722,-0.000516324,-0.001395008,-0.00093287,-0.000715771,-0.001343281,-0.000774933,-0.001028492,-0.00069711,-0.000983546,-0.001026933,-0.001878848,-0.000805999,-0.001288402,-0.0008175,-0.001086908,-0.002811167,-0.000610569,-0.00102119,-0.000838505,-0.00074607
681.4887085,-0.001737008,-0.000625777,-0.00089142,-0.001149775,-0.000958006,-0.001961248,-0.001551784,-0.003104835,-0.001341132,-0.001060218,-0.001669517,-0.001076601,-0.001339331,-0.001228272,-0.001682366,-0.00108265,-0.000838613,-0.001261723,-0.000967879,-0.000298635,-0.001012198,-0.00096799,-0.001289494,-0.000608271,-0.000953131,-0.001001995,-0.00125685,-0.001636931,-0.0006897,-0.001157178,-0.000720612,-0.001143712,-0.001510804,-0.002454708,-0.001360887,-0.001920741,-0.000882834,-0.001069477,-0.000860698,-0.000306037,-0.001124817,-0.000592257,-0.000969374,-0.001554494,-0.001927834,-0.001074254,-0.000992556,-0.002182,-0.000430105,-0.000747446,-0.001118469,-0.000725085,-0.001189782,-0.001479558,-0.002922478,-0.000762305,-0.001165007,-0.000938193,-0.002000671,-0.001187268,-0.001835618,-0.00073357,-0.000692221,-0.000659669,-0.000897323,-0.001071791,-0.000870837,-0.001268728,-0.000826563,-0.001327537,-0.00131502,-0.001131613,-0.000888286,-0.000068285,-0.001079674,-0.001903164,-0.001992078,-0.001323482,-0.001541895,-0.00091163,-0.000938653,-0.001020312,-0.001443196,-0.000987958,-0.001198015,-0.001608936,-0.001385781,-0.001395527,-0.000720582,-0.001353446,-0.001021052,-0.002289989,-0.000824061,-0.00153518,-0.001040759,-0.001039474,-0.003408078,-0.001287466,-0.001077813,-0.000947222,-0.001140243
682.085083,-0.001959326,-0.000834318,-0.001148477,-0.001261616,-0.00115148,-0.002547242,-0.001618272,-0.003918555,-0.001619116,-0.001196831,-0.001690651,-0.001380606,-0.001908927,-0.001751012,-0.001870689,-0.001196443,-0.001092797,-0.001567072,-0.000983054,-0.00063715,-0.001538451,-0.001129667,-0.001784536,-0.000847979,-0.001502332,-0.001249253,-0.001364292,-0.002270793,-0.001012004,-0.001487931,-0.001146547,-0.001293893,-0.001800763,-0.002815663,-0.001524033,-0.002562644,-0.001131117,-0.001093808,-0.001237198,-0.000744293,-0.001486929,-0.001009583,-0.001424674,-0.001783471,-0.001920118,-0.00136893,-0.001286783,-0.003153175,-0.000752615,-0.000882511,-0.001556353,-0.001316367,-0.001449408,-0.001571575,-0.003501301,-0.001339263,-0.001410891,-0.000947856,-0.002253268,-0.001316207,-0.002502558,-0.000880094,-0.000985982,-0.000953888,-0.00173495,-0.001245521,-0.001085271,-0.001385263,-0.000850499,-0.001824884,-0.001541861,-0.001476252,-0.001027006,-0.000316342,-0.001640392,-0.002284327,-0.002575919,-0.001551902,-0.001591887,-0.000947901,-0.001094006,-0.001309937,-0.002014223,-0.001139945,-0.001361458,-0.001626093,-0.00153705,-0.001794072,-0.000931028,-0.001611285,-0.001150715,-0.002706087,-0.001212926,-0.002184251,-0.001180797,-0.001256304,-0.003788524,-0.001301587,-0.001156765,-0.001363902,-0.001203982
682.6814575,-0.002084122,-0.001163983,-0.001286487,-0.001442087,-0.001593727,-0.003072753,-0.001829109,-0.004354791,-0.001794871,-0.001492585,-0.001995177,-0.001444663,-0.001981817,-0.002446024,-0.001940233,-0.001305592,-0.001535799,-0.002022938,-0.001439719,-0.001015115,-0.001976419,-0.001436082,-0.002223029,-0.001295814,-0.001859199,-0.001283976,-0.001519864,-0.002673514,-0.001121755,-0.001891812,-0.001202298,-0.001579185,-0.002095316,-0.00311861,-0.001759822,-0.003089673,-0.001576027,-0.00139036,-0.001316389,-0.001032317,-0.001647864,-0.001261564,-0.001453804,-0.002154329,-0.00252648,-0.001540569,-0.001569916,-0.003837526,-0.001173202,-0.001476172,-0.001972784,-0.001683812,-0.001660253,-0.002244266,-0.00395987,-0.00155958,-0.001778869,-0.001377803,-0.002826692,-0.001654013,-0.002888398,-0.001272952,-0.001525486,-0.00144233,-0.002322605,-0.001270948,-0.001329146,-0.00161036,-0.001244319,-0.001899546,-0.001830603,-0.001807957,-0.001367854,-0.000426089,-0.001894208,-0.002927448,-0.002802823,-0.001794228,-0.001907459,-0.001227093,-0.00166979,-0.001543398,-0.002365261,-0.001588753,-0.001526274,-0.001902198,-0.00180774,-0.002027985,-0.001117781,-0.001620583,-0.001787982,-0.002816144,-0.001501126,-0.002526596,-0.00151012,-0.001791799,-0.004396124,-0.00156314,-0.001540647,-0.001256453,-0.001468265
683.2779541,-0.002369293,-0.001260656,-0.001611519,-0.001851336,-0.001736052,-0.003376114,-0.001959081,-0.004476494,-0.002119082,-0.001795727,-0.002075401,-0.001832812,-0.002078082,-0.003045048,-0.002239939,-0.001964944,-0.001811135,-0.002161631,-0.001397819,-0.001037002,-0.002274714,-0.001878722,-0.002349448,-0.001619203,-0.002015385,-0.001419708,-0.001753943,-0.003396749,-0.00176654,-0.002120842,-0.001536956,-0.001874637,-0.002478297,-0.003199181,-0.001853677,-0.0037803,-0.001688645,-0.001697686,-0.001796357,-0.001418575,-0.001946337,-0.001537727,-0.001859401,-0.002426831,-0.003039717,-0.001781834,-0.001582657,-0.004435248,-0.001277279,-0.001805333,-0.002162993,-0.001828361,-0.00195178,-0.002427925,-0.004639822,-0.00167508,-0.001917772,-0.001696018,-0.00328391,-0.002102321,-0.003266971,-0.001434379,-0.001515303,-0.001480746,-0.002791659,-0.001686642,-0.001435821,-0.001930513,-0.001430482,-0.002182877,-0.002384641,-0.002009614,-0.001786144,-0.001043035,-0.001877323,-0.00331701,-0.003491723,-0.002068308,-0.002493801,-0.00151387,-0.001890793,-0.001523468,-0.002426117,-0.001791208,-0.00198457,-0.001981904,-0.002494885,-0.002439311,-0.001403642,-0.002019438,-0.001938494,-0.003160442,-0.001658259,-0.003267906,-0.001852082,-0.001929572,-0.004855497,-0.001925465,-0.001907725,-0.001615314,-0.002000489
683.8744507,-0.002517065,-0.001657945,-0.001909654,-0.001847559,-0.001893297,-0.003775153,-0.002116651,-0.004766473,-0.002235629,-0.002115722,-0.002266895,-0.002095222,-0.002418988,-0.003727914,-0.002793546,-0.002033349,-0.001816996,-0.002532492,-0.001672737,-0.001534451,-0.002548764,-0.002032786,-0.0024695,-0.001716533,-0.002321129,-0.001609757,-0.001963574,-0.003989452,-0.002036538,-0.002192509,-0.001639085,-0.002157594,-0.002598466,-0.003776318,-0.002353516,-0.004488761,-0.00189378,-0.00191671,-0.001930455,-0.001687546,-0.002287299,-0.001656161,-0.002061482,-0.002602411,-0.003428803,-0.002209334,-0.001980429,-0.005112945,-0.001471752,-0.002115657,-0.002330778,-0.002047851,-0.002043228,-0.002692278,-0.005070942,-0.001927936,-0.002209366,-0.002033961,-0.003599072,-0.002156121,-0.003749506,-0.001574989,-0.002134738,-0.001783509,-0.003155331,-0.002077769,-0.001868138,-0.002477356,-0.001652557,-0.002136629,-0.002699361,-0.002232208,-0.002013093,-0.001279176,-0.002089909,-0.00376422,-0.004112955,-0.002251255,-0.002758149,-0.001882559,-0.00216421,-0.001741739,-0.002578442,-0.002212337,-0.002262175,-0.002233434,-0.002630047,-0.002489371,-0.001840031,-0.002367873,-0.00196367,-0.003613981,-0.001884748,-0.003789239,-0.001921076,-0.00238675,-0.005054517,-0.002375279,-0.002096929,-0.002065301,-0.001969721
684.4710083,-0.002404906,-0.002017113,-0.001772997,-0.002257913,-0.002173186,-0.003618649,-0.002470719,-0.005184727,-0.002777612,-0.00224584,-0.002499848,-0.00239345,-0.002798815,-0.003984493,-0.002857508,-0.002138123,-0.001980624,-0.002630908,-0.002133453,-0.001744554,-0.002776962,-0.002240639,-0.002702396,-0.002158515,-0.002856546,-0.001991857,-0.002329883,-0.004452563,-0.002160344,-0.00224742,-0.001942466,-0.002371717,-0.00272967,-0.00430038,-0.002364479,-0.005117716,-0.001972941,-0.002285054,-0.001977072,-0.002040747,-0.002682734,-0.00175822,-0.002155929,-0.002694434,-0.00400861,-0.002280521,-0.002098797,-0.005722557,-0.001779743,-0.001961391,-0.002465127,-0.002065434,-0.002090366,-0.003182499,-0.005358677,-0.002069466,-0.002270818,-0.002111537,-0.00433036,-0.002404024,-0.003794925,-0.00177329,-0.002006384,-0.002022657,-0.003528019,-0.002040277,-0.002013809,-0.002409762,-0.001958238,-0.002212452,-0.002970557,-0.002299298,-0.001938445,-0.001471601,-0.002260661,-0.004486914,-0.004229542,-0.00235863,-0.002614416,-0.001989808,-0.002508922,-0.002143319,-0.00267035,-0.002326595,-0.002664991,-0.002520935,-0.00285915,-0.00278305,-0.002072238,-0.002634421,-0.002166737,-0.003961449,-0.002278642,-0.00415019,-0.002023612,-0.002534214,-0.005226642,-0.002607678,-0.002235305,-0.002161823,-0.002217846
685.0675659,-0.002842207,-0.002091624,-0.002044766,-0.002756553,-0.002271676,-0.004033443,-0.002703844,-0.005372168,-0.002934225,-0.002681008,-0.002705904,-0.002463119,-0.002688531,-0.004265121,-0.003076017,-0.002521611,-0.002401306,-0.002945482,-0.002346869,-0.001974729,-0.003260623,-0.002331538,-0.003066544,-0.002370964,-0.0030204,-0.002473625,-0.002695121,-0.004880938,-0.002287292,-0.002753496,-0.002428036,-0.002607324,-0.003160455,-0.004451166,-0.002454202,-0.005469757,-0.002166645,-0.002388645,-0.001897687,-0.001972851,-0.002819003,-0.001962862,-0.002421342,-0.003060485,-0.003975444,-0.002523874,-0.002471788,-0.005873572,-0.002200019,-0.002092381,-0.002831012,-0.002231587,-0.002298925,-0.003878191,-0.005635539,-0.002417635,-0.002450988,-0.002265015,-0.004931058,-0.002440052,-0.004219793,-0.001873028,-0.002499373,-0.001909439,-0.004206497,-0.002216334,-0.00232327,-0.002472421,-0.002296192,-0.002852744,-0.003112241,-0.002558405,-0.002150453,-0.001888629,-0.002359836,-0.004618484,-0.004298841,-0.002435239,-0.002523085,-0.0022459,-0.002565647,-0.002418078,-0.002990902,-0.002473,-0.002713926,-0.002701816,-0.002962364,-0.003129468,-0.002178787,-0.00279199,-0.002379674,-0.004160558,-0.002633279,-0.004533224,-0.002372506,-0.002621529,-0.005259052,-0.002899613,-0.00236109,-0.002241609,-0.002318253
685.6641846,-0.003072601,-0.002147873,-0.00224348,-0.002825455,-0.002567779,-0.004355968,-0.002851064,-0.005207612,-0.002848204,-0.002500136,-0.003046189,-0.00251123,-0.002786821,-0.004775624,-0.003089837,-0.00252418,-0.002650073,-0.003188658,-0.002199321,-0.002241159,-0.003330641,-0.002405785,-0.003133242,-0.002226172,-0.003111835,-0.002223439,-0.002587575,-0.005234692,-0.00231013,-0.002844449,-0.002183556,-0.0024678,-0.003088564,-0.004529215,-0.002818726,-0.005735802,-0.002432778,-0.002561555,-0.002117916,-0.00243552,-0.003091563,-0.002029161,-0.002588685,-0.002994049,-0.004165721,-0.002759343,-0.002468797,-0.006139912,-0.00212093,-0.002517523,-0.002818675,-0.002727452,-0.002373018,-0.003998446,-0.005892402,-0.002479373,-0.002627666,-0.002259037,-0.004824215,-0.002519649,-0.004244986,-0.002011473,-0.002622551,-0.002128237,-0.004351652,-0.002559614,-0.00230554,-0.00279458,-0.002168463,-0.002783081,-0.003493563,-0.002742253,-0.002220879,-0.001980145,-0.00274184,-0.004957332,-0.004621863,-0.002666109,-0.00288148,-0.002275168,-0.002543204,-0.002594237,-0.003047526,-0.002612772,-0.002903026,-0.002976992,-0.003054003,-0.00310277,-0.002307262,-0.002834625,-0.002558361,-0.004397175,-0.002486759,-0.004675622,-0.002297137,-0.002662247,-0.005546759,-0.002957925,-0.002489983,-0.002186588,-0.00222805
686.2608643,-0.003116091,-0.002190866,-0.002150839,-0.002894429,-0.002716955,-0.004332984,-0.002880135,-0.004901594,-0.002779681,-0.002519852,-0.00292099,-0.002912926,-0.002824144,-0.004945346,-0.003080222,-0.002462957,-0.002660743,-0.003029734,-0.002200785,-0.002083587,-0.003327697,-0.002548215,-0.003193746,-0.002550062,-0.003117595,-0.002041667,-0.002595919,-0.005508461,-0.002450124,-0.00286892,-0.002393515,-0.002502919,-0.003010918,-0.004377138,-0.002567117,-0.005877741,-0.002502115,-0.002476329,-0.002314146,-0.002290328,-0.003143267,-0.002258426,-0.002737088,-0.003194773,-0.004219238,-0.002720326,-0.002570956,-0.006003051,-0.002180539,-0.002583328,-0.00289197,-0.002781911,-0.002617079,-0.004000503,-0.005588476,-0.002508049,-0.00280384,-0.00236626,-0.004959053,-0.002594835,-0.00431571,-0.00215054,-0.002658935,-0.002161677,-0.004574584,-0.002544199,-0.002312098,-0.002677514,-0.0024062,-0.002784557,-0.003612587,-0.00299491,-0.002366238,-0.002279137,-0.002615489,-0.005081106,-0.004796132,-0.002918723,-0.003035992,-0.002310139,-0.002660257,-0.00245048,-0.003143414,-0.002848724,-0.002717141,-0.002839456,-0.003228563,-0.003337732,-0.002522843,-0.002771979,-0.002507144,-0.004648251,-0.002393885,-0.004809848,-0.002336273,-0.002873302,-0.005335179,-0.003055284,-0.002513611,-0.002081077,-0.002551785
686.857605,-0.002957192,-0.00252284,-0.002245514,-0.002873622,-0.002583465,-0.00433371,-0.002787592,-0.004636757,-0.002789527,-0.002702551,-0.002521536,-0.002735155,-0.003013636,-0.004746207,-0.002867007,-0.002532494,-0.002500278,-0.002969763,-0.00241623,-0.001954214,-0.003053287,-0.002505908,-0.003022176,-0.002489119,-0.002980872,-0.001924189,-0.002476891,-0.005435618,-0.002424923,-0.002486369,-0.002349412,-0.002687208,-0.002909122,-0.004249993,-0.002547075,-0.005788247,-0.002144899,-0.002345278,-0.002396307,-0.002276481,-0.00319818,-0.002107248,-0.002512743,-0.002938437,-0.003907213,-0.002812834,-0.002517504,-0.005789886,-0.002185548,-0.002564086,-0.003073206,-0.002457726,-0.002538084,-0.004098142,-0.005748545,-0.002647941,-0.002771375,-0.002461128,-0.004900506,-0.002519144,-0.004212136,-0.002255214,-0.002532751,-0.002238535,-0.004334584,-0.002506775,-0.002394943,-0.002687724,-0.00233979,-0.002770352,-0.003740426,-0.00277918,-0.00245083,-0.00234201,-0.002389205,-0.00499972,-0.00454436,-0.002812298,-0.002901927,-0.002264574,-0.002633821,-0.002431834,-0.003134942,-0.002582204,-0.002637235,-0.002863296,-0.003163364,-0.003218923,-0.00246353,-0.002789593,-0.002747107,-0.004506791,-0.00237078,-0.004757094,-0.002331917,-0.002634545,-0.005162088,-0.003223578,-0.002210728,-0.002265161,-0.002592604
687.4543457,-0.002807641,-0.002378822,-0.001960821,-0.002397146,-0.002365983,-0.003828179,-0.00249301,-0.004282922,-0.002720303,-0.002442277,-0.002527313,-0.00233779,-0.002587711,-0.004202826,-0.002691802,-0.002398509,-0.002423503,-0.002897571,-0.002482727,-0.001856795,-0.002699321,-0.00241155,-0.002815499,-0.002055143,-0.002909241,-0.001890792,-0.002437897,-0.004923816,-0.002172651,-0.002244521,-0.00211382,-0.002524873,-0.002895445,-0.004017002,-0.002387255,-0.005328658,-0.002127179,-0.002220846,-0.00203089,-0.002113099,-0.003056979,-0.0020317,-0.002350179,-0.002586736,-0.00379615,-0.002557218,-0.002169497,-0.005296254,-0.001876966,-0.002376704,-0.00266293,-0.002318,-0.002194986,-0.003674511,-0.004928584,-0.002365253,-0.002388932,-0.002059988,-0.004576332,-0.0025894,-0.003971867,-0.002219557,-0.002295137,-0.002031185,-0.003891467,-0.002382153,-0.002363488,-0.002720048,-0.002160979,-0.002489882,-0.003344736,-0.002666659,-0.00197691,-0.002007073,-0.002496485,-0.004835394,-0.004292839,-0.002634492,-0.002604202,-0.002248865,-0.002650423,-0.002197842,-0.002778575,-0.002321394,-0.002493082,-0.002575015,-0.002981762,-0.003014575,-0.002333234,-0.002666943,-0.00243306,-0.004186312,-0.002248474,-0.004391636,-0.002033563,-0.002416036,-0.004569896,-0.003122892,-0.002060814,-0.002144553,-0.002362575
688.0511475,-0.002688817,-0.001994247,-0.001719291,-0.002140102,-0.002071744,-0.003161533,-0.002341363,-0.003508901,-0.002186877,-0.001983467,-0.002386014,-0.002098978,-0.002264474,-0.003836762,-0.002417748,-0.002102629,-0.002338589,-0.002585096,-0.001883505,-0.001599143,-0.002530982,-0.00221881,-0.002663409,-0.001943331,-0.002643992,-0.001636177,-0.002276577,-0.004295264,-0.002030908,-0.002146046,-0.002052559,-0.002134717,-0.002475959,-0.00348786,-0.002197928,-0.004636884,-0.001610231,-0.002057416,-0.00154889,-0.001633166,-0.002869237,-0.00175721,-0.002143272,-0.00240592,-0.003287964,-0.002022772,-0.001913964,-0.004757296,-0.001708323,-0.002069239,-0.002474744,-0.001995805,-0.002085002,-0.003332386,-0.004113601,-0.002031304,-0.002343168,-0.00196809,-0.004111079,-0.002198762,-0.003757062,-0.00197906,-0.002340759,-0.00191001,-0.003656695,-0.002080397,-0.001850035,-0.002223119,-0.001811385,-0.002244815,-0.002743852,-0.002339103,-0.001827264,-0.001718143,-0.001891848,-0.004304346,-0.003662373,-0.002518342,-0.002245167,-0.001911295,-0.002047357,-0.002066074,-0.002571706,-0.002300235,-0.002252497,-0.002324256,-0.002663303,-0.002644261,-0.002012483,-0.002476239,-0.002170921,-0.003610268,-0.002048398,-0.003693313,-0.001823002,-0.002169332,-0.004132393,-0.002769834,-0.002148499,-0.001637014,-0.002171514
688.6479492,-0.002344119,-0.00178785,-0.001609639,-0.001844077,-0.00202955,-0.003050329,-0.001997565,-0.003056458,-0.001920358,-0.001841072,-0.002027588,-0.001926559,-0.002164814,-0.003266762,-0.002294971,-0.001735009,-0.002081239,-0.002260489,-0.001583448,-0.001452721,-0.00240055,-0.00185224,-0.002315474,-0.001675186,-0.002089587,-0.001613951,-0.002025586,-0.003674223,-0.001730508,-0.001885579,-0.001413993,-0.001880539,-0.002305024,-0.003299814,-0.001953104,-0.004110076,-0.001585599,-0.001757202,-0.001585429,-0.001549675,-0.002387412,-0.001562742,-0.001725338,-0.002104298,-0.002714406,-0.001976334,-0.001702944,-0.003995865,-0.001456479,-0.001787918,-0.00219359,-0.00186666,-0.001569085,-0.002794937,-0.003638424,-0.001661518,-0.002012078,-0.001595885,-0.003208312,-0.001800865,-0.003111444,-0.001543545,-0.002229839,-0.001436554,-0.003081461,-0.001576927,-0.001540037,-0.001999914,-0.001468496,-0.002146436,-0.002757894,-0.002148577,-0.001472664,-0.001523531,-0.001919167,-0.003656719,-0.002984918,-0.001966942,-0.002202404,-0.001725498,-0.001768425,-0.001789679,-0.002222287,-0.001967687,-0.002128037,-0.002053805,-0.002189301,-0.002101838,-0.001767255,-0.002181422,-0.001976199,-0.003260747,-0.001688808,-0.003300059,-0.001738459,-0.001905645,-0.003719972,-0.00239146,-0.001736971,-0.001423529,-0.001829636
689.244812,-0.001849099,-0.001618841,-0.001378858,-0.001603685,-0.001626057,-0.002676343,-0.001701341,-0.002552095,-0.00181936,-0.001658586,-0.001547194,-0.001643398,-0.00164049,-0.00279761,-0.002099353,-0.001377813,-0.001651008,-0.001918023,-0.001341194,-0.001091741,-0.001923743,-0.001604543,-0.002114334,-0.001324211,-0.001540041,-0.001241342,-0.00157633,-0.003343522,-0.001538958,-0.001622445,-0.001476698,-0.001940191,-0.002182555,-0.002852552,-0.001482682,-0.003630396,-0.001494678,-0.001734935,-0.001467742,-0.001399064,-0.002265168,-0.001489272,-0.001601892,-0.00175496,-0.002564882,-0.001677991,-0.001594156,-0.003250345,-0.001211736,-0.001464149,-0.001842472,-0.001855273,-0.001576991,-0.002542809,-0.003174326,-0.001632306,-0.001708622,-0.001393711,-0.002901867,-0.001615792,-0.002744495,-0.001253337,-0.001708283,-0.001389343,-0.002633363,-0.001511341,-0.001371644,-0.001785384,-0.001304615,-0.002067219,-0.002636297,-0.001847212,-0.001369574,-0.00122753,-0.00175386,-0.003264337,-0.002715373,-0.00181635,-0.002234655,-0.001417714,-0.001779419,-0.00147231,-0.002085484,-0.001414674,-0.001749529,-0.001596327,-0.002042493,-0.001969684,-0.001311358,-0.002142554,-0.001655288,-0.002793643,-0.00166767,-0.002756112,-0.001346834,-0.001786192,-0.003139538,-0.002004668,-0.001342816,-0.001400462,-0.001620265
689.8417358,-0.00180945,-0.001307788,-0.001181412,-0.001486172,-0.001410385,-0.002235754,-0.001385636,-0.001955876,-0.001366419,-0.001287781,-0.001274547,-0.001519782,-0.001633197,-0.002123237,-0.001687904,-0.001338301,-0.001353442,-0.001954685,-0.001330293,-0.000897573,-0.001662584,-0.001454562,-0.00157361,-0.001316043,-0.001271869,-0.000975337,-0.001407387,-0.002753548,-0.001213331,-0.001297271,-0.001139091,-0.001406426,-0.001928122,-0.002179102,-0.00113302,-0.002980648,-0.001366755,-0.001561977,-0.000919813,-0.000874366,-0.002040491,-0.000982792,-0.001469313,-0.001441691,-0.002032307,-0.001261532,-0.00132461,-0.002672738,-0.00113352,-0.001054674,-0.001598201,-0.001323434,-0.001194166,-0.002159363,-0.002566796,-0.001281581,-0.001322373,-0.001454669,-0.002679731,-0.001184319,-0.002203563,-0.001076896,-0.001459714,-0.001197936,-0.002019594,-0.001258961,-0.001194728,-0.001354359,-0.001014771,-0.001477477,-0.00196384,-0.001271664,-0.001331269,-0.000954787,-0.001331842,-0.002553168,-0.002187548,-0.001640236,-0.001639918,-0.001145871,-0.001597274,-0.001177124,-0.001858881,-0.001591369,-0.001036847,-0.001517371,-0.001524176,-0.001640333,-0.001269534,-0.001782975,-0.001268866,-0.002573863,-0.001328675,-0.002424443,-0.001204134,-0.001530039,-0.002602296,-0.001682203,-0.001188446,-0.001050471,-0.001272048
690.4387207,-0.001483968,-0.000986469,-0.001049829,-0.000914553,-0.001141044,-0.001880218,-0.001341414,-0.001588729,-0.001128028,-0.000991294,-0.001098757,-0.001123336,-0.001361649,-0.001607933,-0.001323823,-0.00100699,-0.000959141,-0.001575865,-0.00116155,-0.000531676,-0.001292342,-0.00098405,-0.00132234,-0.000959851,-0.000916208,-0.000991924,-0.001057968,-0.001942481,-0.000911957,-0.000997398,-0.000789384,-0.001101569,-0.001503358,-0.001792325,-0.001061945,-0.002102599,-0.001115119,-0.001149024,-0.000775061,-0.000784437,-0.001507921,-0.000838396,-0.001231791,-0.001142096,-0.001539798,-0.000864955,-0.001011916,-0.00192988,-0.000745414,-0.000791114,-0.001397584,-0.000953228,-0.000875923,-0.001521961,-0.001900099,-0.000951515,-0.001180567,-0.00085417,-0.00203819,-0.001119791,-0.001780388,-0.000755777,-0.001196392,-0.000823319,-0.001541439,-0.001073566,-0.001023502,-0.001208108,-0.000807667,-0.001187059,-0.001283092,-0.001132757,-0.001010843,-0.000960537,-0.00097218,-0.002076598,-0.001555455,-0.001021692,-0.001340624,-0.000900882,-0.001213736,-0.000855341,-0.001375478,-0.001214561,-0.001141066,-0.001281896,-0.001385137,-0.001125838,-0.001116232,-0.001389132,-0.001264263,-0.00197878,-0.000869842,-0.001841718,-0.001096626,-0.001319813,-0.00220305,-0.001622933,-0.000965627,-0.000786516,-0.001097205
691.0357056,-0.001409931,-0.000815203,-0.000618734,-0.000966066,-0.000961737,-0.001463697,-0.001033303,-0.001235769,-0.001011561,-0.000823547,-0.000743752,-0.00066359,-0.001172862,-0.001041103,-0.001058669,-0.000879625,-0.000882971,-0.001012314,-0.000949742,-0.000561067,-0.000994527,-0.000927962,-0.001059465,-0.000678232,-0.000793804,-0.000720623,-0.000887526,-0.001406995,-0.00061726,-0.000780389,-0.000563692,-0.00122312,-0.001556026,-0.001481729,-0.000857713,-0.001588593,-0.000738888,-0.001025865,-0.000345686,-0.00065289,-0.001155196,-0.000667943,-0.000653592,-0.001041196,-0.001318864,-0.000684143,-0.001127833,-0.001399975,-0.000441906,-0.000667006,-0.001360106,-0.000841767,-0.000871609,-0.000867726,-0.001245846,-0.000646915,-0.001028301,-0.000638012,-0.001714884,-0.00110426,-0.001461503,-0.000413967,-0.000784891,-0.000321807,-0.001363725,-0.000802472,-0.000735235,-0.001192995,-0.000561081,-0.001308589,-0.001072945,-0.000883875,-0.000719734,-0.000646598,-0.000994122,-0.001812667,-0.001233818,-0.000931437,-0.000884472,-0.000614745,-0.000930562,-0.000862391,-0.001282404,-0.00067322,-0.000805476,-0.001226577,-0.001098962,-0.000875865,-0.000761906,-0.001292426,-0.000966441,-0.001434708,-0.000792198,-0.001446958,-0.000760608,-0.001035923,-0.00163448,-0.001126191,-0.000831531,-0.000682304,-0.001126368
691.6327515,-0.001141146,-0.000344174,-0.000258623,-0.000921744,-0.000791245,-0.001381939,-0.000603793,-0.000684815,-0.000876717,-0.000665433,-0.0008335,-0.000465288,-0.000947076,-0.000685843,-0.001139057,-0.00056808,-0.00060127,-0.000793637,-0.000889811,-0.000251623,-0.000556821,-0.000855602,-0.00091759,-0.000510853,-0.000384827,-0.000439908,-0.000833832,-0.001041711,-0.00029652,-0.000779849,-0.000105019,-0.000708766,-0.001366288,-0.001041294,-0.000730202,-0.001034059,-0.000632553,-0.000713445,-0.000155343,-0.000317915,-0.000952676,-0.000492278,-0.000526318,-0.00070984,-0.000934522,-0.000694339,-0.000536368,-0.001061605,-0.000142769,-0.000362088,-0.001089645,-0.000813395,-0.000593157,-0.000721624,-0.000805381,-0.000703275,-0.000917372,-0.000412881,-0.001307385,-0.000646611,-0.001109407,-0.000131543,-0.000656509,-0.00043208,-0.001017315,-0.000450556,-0.000420486,-0.001020736,-0.000194101,-0.000942487,-0.000778479,-0.000880323,-0.000306485,-0.000160184,-0.001014408,-0.001373232,-0.001163007,-0.001002448,-0.000968751,-0.000314147,-0.000654665,-0.000665536,-0.001029765,-0.000465377,-0.000504647,-0.000812519,-0.000884555,-0.000576359,-0.000541088,-0.001237647,-0.000795649,-0.001286488,-0.000628282,-0.001028058,-0.000326758,-0.000799644,-0.001513816,-0.00057137,-0.000508596,-0.000385972,-0.000934436
692.2298584,-0.001083147,-0.000225945,-0.000182042,-0.000618266,-0.000311534,-0.001096428,-0.000676451,-0.0004654,-0.000563846,-0.000523086,-0.000769625,-0.000630331,-0.00074189,-0.0004199,-0.001123887,-0.000443877,-0.000207045,-0.00071635,-0.000324028,-0.000180977,-0.000343134,-0.000686932,-0.000461723,-0.000510332,-0.000122573,-0.000406829,-0.000740347,-0.00093471,-0.000281209,-0.000585178,-0.000159492,-0.000623808,-0.001067022,-0.00071506,-0.000492473,-0.000801482,-0.000374527,-0.00042805,-0.000222759,-0.000146946,-0.000697447,-0.000765233,-0.000257547,-0.000344991,-0.000602035,-0.00070913,-0.000428668,-0.000636933,0.000078462,-0.000352494,-0.000706736,-0.00043598,-0.000332477,-0.00058421,-0.000439105,-0.000452282,-0.000705791,-0.000168261,-0.000877343,-0.000772952,-0.001121321,-0.000415991,-0.000628364,-0.000525341,-0.000792652,-0.000614687,-0.000157209,-0.000791034,-0.000128479,-0.000996132,-0.000822405,-0.000848048,-0.000046418,-0.000061299,-0.000577854,-0.001017215,-0.000699492,-0.000804869,-0.00114326,-0.000490085,-0.000487529,-0.00057153,-0.000965868,-0.000382946,-0.000577264,-0.000767941,-0.000565162,-0.000743537,-0.000673445,-0.00097745,-0.00072228,-0.001078323,-0.000467412,-0.000995488,-0.000643081,-0.000519738,-0.001188658,-0.000223872,-0.000309569,-0.000123204,-0.000544006
692.8269653,-0.000772416,-0.000391232,-0.000189058,-0.000693482,-0.000383492,-0.000808626,-0.000785969,-0.000217166,-0.000574697,-0.000516374,-0.000603761,-0.000426255,-0.000817206,-0.000420439,-0.000723264,-0.000491077,-0.000013777,-0.000542508,-0.000392074,-0.000093808,-0.000059071,-0.000343696,-0.000585032,-0.00043711,0.000297387,-0.000351087,-0.000577379,-0.000678606,-0.000207669,-0.000503655,-0.000152857,-0.000499389,-0.001001608,-0.000719874,-0.000245302,-0.000284435,-0.000484679,-0.000368026,0.000119146,-0.000185504,-0.00059741,-0.000176847,-0.000233274,-0.000343759,-0.000681058,-0.000543348,-0.000302916,-0.00047922,-0.000092375,-0.00025848,-0.000846024,-0.000273022,-0.000327657,-0.000343758,-0.000357149,-0.000182681,-0.000332373,-0.000161485,-0.001007772,-0.000508732,-0.000566004,-0.00024275,-0.000396384,-0.000348481,-0.000459893,-0.000355246,-0.000140158,-0.000966814,0.000197929,-0.000988524,-0.000691644,-0.000613931,-0.000170479,0.000068391,-0.000668001,-0.000780351,-0.000497995,-0.000435927,-0.000764111,-0.000378085,-0.000360193,-0.00029626,-0.0007506,-0.000303083,-0.000431205,-0.000647747,-0.000270677,-0.000605996,-0.00034402,-0.000766364,-0.000751477,-0.000865855,-0.000313097,-0.000604672,-0.000434195,-0.00035909,-0.001017944,-0.000167951,-0.000442429,-0.000208511,-0.000465513
693.4241333,-0.00100132,0.000087946,0.000040024,-0.000446965,-0.000202893,-0.000620472,-0.000590265,-0.000449305,-0.000965888,-0.00038232,-0.000821244,-0.000315482,-0.000812475,-0.000052273,-0.001016335,-0.000398387,0.000145034,-0.000641821,-0.000556335,0.00001833,0.000016543,-0.000010854,-0.000428258,-0.000330317,0.000467354,-0.000373638,-0.000484394,-0.000624928,-0.000139854,-0.000290421,0.000344649,-0.000623323,-0.001085994,-0.000871892,-0.000261941,-0.000561801,-0.000517158,-0.000331854,0.000337462,0.000077941,-0.000481898,-0.000249342,-0.000326863,-0.00050448,-0.000555267,-0.000196746,-0.000068383,-0.000501035,0.000111154,0.000027259,-0.000593311,-0.000166762,-0.000282725,-0.000501204,-0.000461558,-0.000151989,-0.000173198,0.000082012,-0.000701981,-0.00031392,-0.000391548,0.000183577,-0.00034929,-0.00011552,-0.000239019,-0.000207536,-0.000231666,-0.000958071,0.000313436,-0.000989317,-0.000362228,-0.000610203,0.00007325,0.000191759,-0.000656672,-0.000845087,-0.000364642,-0.000655445,-0.00056839,-0.000175711,-0.0004997,-0.000432762,-0.000642961,-0.000550313,-0.000346079,-0.000970496,-0.000257422,-0.00020381,-0.000405114,-0.000527728,-0.000571883,-0.00091785,-0.000470947,-0.000244071,-0.000356733,-0.000419975,-0.001111352,-0.000393163,-0.000429057,-0.000471213,-0.000607054
694.0213623,-0.001202106,-0.000014767,0.00007276,-0.000286651,-0.000070996,-0.000799298,-0.000445979,-0.000278686,-0.000902598,-0.000323082,-0.000563173,-0.000154832,-0.000875381,0.000220961,-0.00094053,-0.000482622,0.000005547,-0.00087316,-0.000273376,0.000052658,0.00002995,-0.000046684,-0.000612456,0.000160538,0.000289056,-0.000302937,-0.000716069,-0.000437968,0.000274733,-0.000537793,0.00026126,-0.000535945,-0.001049044,-0.000635704,-0.000277515,-0.000282854,-0.000217275,-0.000369671,0.000071499,0.000049614,-0.000115495,-0.000137114,-0.000258857,-0.000605938,-0.000473446,-0.000042101,-0.000136219,-0.000532965,0.000294494,0.000036117,-0.000578278,-0.000219003,-0.000286891,-0.000412011,-0.000456564,-0.000122051,-0.000393973,0.000233727,-0.000509518,-0.000304895,-0.001159812,0.000016326,-0.000187129,-0.000128308,-0.000419793,-0.000250133,-0.000148947,-0.000571922,0.000423257,-0.000929331,-0.000316768,-0.000457746,-0.000015787,0.000261408,-0.000466064,-0.001089956,-0.000319336,-0.000484758,-0.000554747,-0.000026907,-0.000217285,-0.00040377,-0.001004753,-0.000392844,-0.000507181,-0.00090767,-0.000332683,-0.000132287,-0.000206823,-0.000673243,-0.000663303,-0.000660072,-0.000189412,-0.000368983,-0.000413016,-0.000519049,-0.000987496,-0.000449284,-0.00032081,-0.000248845,-0.000909021
694.6185913,-0.001305616,0.000381257,-0.000009288,-0.000439201,-0.000405986,-0.000790435,-0.000671358,0.000077678,-0.000561705,-0.000416091,-0.000468735,-0.000220142,-0.000682618,0.000327988,-0.000907055,-0.00042281,-0.000291889,-0.000585322,0.00013629,0.000162558,0.000320565,-0.000239555,-0.000519514,-0.000058465,0.000475959,-0.000247565,-0.001042639,-0.000246331,0.000095038,-0.000419494,0.000406663,-0.000455485,-0.001287345,-0.000579784,-0.000304394,-0.000148544,-0.00022804,-0.000477498,0.00018339,0.000029782,-0.000030034,0.000279359,-0.000173053,-0.000342311,-0.000337762,-0.000360471,-0.000134526,-0.00032339,0.000202104,-0.000007756,-0.000827829,-0.000522842,-0.000240206,-0.000248837,-0.000200535,-0.000077412,-0.000537139,-0.000089067,-0.000181091,-0.000330446,-0.000858732,0.000114104,-0.000195383,0.000010353,-0.000202997,-0.000159201,-0.000059984,-0.000528518,0.000541551,-0.000818956,-0.000279456,-0.00054739,-0.000053033,0.000692598,-0.000763822,-0.000976383,-0.00040302,-0.000780913,-0.000762032,0.000145235,-0.000158819,-0.000330594,-0.001007264,-0.000298014,-0.000442227,-0.000630169,-0.000196632,-0.000440764,-0.00016795,-0.000517187,-0.000304411,-0.000850742,-0.000202359,-0.000226073,-0.000192463,-0.000659907,-0.001128644,-0.000024422,-0.000186494,-0.000306497,-0.000418243
695.2158813,-0.001232374,0.000296318,0.000051503,-0.000596144,-0.000442733,-0.001078094,-0.000860435,0.000121311,-0.00072934,-0.000388398,-0.000246287,-0.000022256,-0.000717594,0.000177413,-0.001117152,-0.000420573,0.000158766,-0.000524614,0.000076115,0.000054152,0.000214371,-0.000437898,-0.000718414,-0.000025249,0.000735843,-0.000152585,-0.000766654,-0.000663641,-0.000254563,-0.00051854,0.00016254,-0.000520919,-0.001149328,-0.000486554,-0.000379427,-0.00031305,-0.000118659,-0.000749834,0.000031995,0.00000855,-0.000347979,-0.000048738,-0.000389717,-0.000290325,-0.000467188,-0.000153123,-0.000373157,-0.000052909,0.00067535,-0.000146042,-0.000685121,-0.000523238,-0.000216191,-0.000434077,-0.000265441,0.000097765,-0.000336218,0.000154189,-0.000377182,-0.000577628,-0.000696307,0.00002687,-0.000185858,-0.000055741,0.000002826,-0.000157963,-0.000001635,-0.00035883,0.000319572,-0.000583101,-0.000321841,-0.000460333,0.00011399,0.000669272,-0.00034283,-0.000665924,-0.000128859,-0.000844226,-0.000940314,0.000110983,-0.00026851,-0.000376788,-0.000840103,-0.000124701,-0.00028402,-0.000488536,-0.000186749,-0.000646323,-0.000300999,-0.000496817,-0.000161912,-0.00086079,-0.000270869,-0.000373797,-0.000237736,-0.000211164,-0.001006155,-0.000205947,-0.000230969,-0.000132339,-0.000110775
695.8132324,-0.000999055,0.000038234,-0.00026144,-0.000422955,-0.00025949,-0.000761511,-0.000741327,-0.000208074,-0.000914538,-0.000212429,-0.000676342,-0.000027451,-0.000887634,0.000330114,-0.001023335,-0.000571641,0.00035327,-0.000688319,0.000099633,0.00012384,0.000213906,-0.000153094,-0.000598896,0.000159524,0.000701508,-0.000309742,-0.000356913,-0.000406717,0.000314769,-0.000331783,0.00037756,-0.000382471,-0.000933844,-0.000594371,-0.000100586,-0.000283512,-0.000104508,-0.000527478,-0.000020524,0.000031609,-0.000379002,0.000208281,-0.000082357,-0.000363458,-0.000650192,0.000165609,-0.000271491,-0.000068717,0.000568134,0.000215604,-0.000763476,-0.000359073,-0.000204252,-0.000346026,0.000107112,0.000085993,-0.000517011,0.000313104,-0.00051861,-0.000310472,-0.000492143,0.000118679,-0.000324305,0.00015357,0.000388504,-0.000425677,-0.000067241,-0.000645658,0.000408333,-0.000743117,-0.000433121,-0.00027099,0.000534794,0.000289976,0.000010829,-0.000573057,-0.000208241,-0.000241816,-0.000827294,-0.000056144,-0.000102357,-0.000269001,-0.000605455,-0.000288029,-0.000199437,-0.000353916,-0.000195992,-0.000222804,-0.000413052,-0.000410409,-0.000270148,-0.000822485,-0.000176776,-0.000208727,-0.000492541,-0.000170049,-0.000702181,-0.000409375,-0.000371564,-0.000355549,-0.000200921
696.4105835,-0.001141879,0.0000062,-0.000006451,-0.000502351,-0.000072144,-0.000626232,-0.000609441,-0.000015467,-0.001006776,-0.000362681,-0.00076413,-0.00024285,-0.000863665,0.000346184,-0.001352139,-0.000461509,0.000218884,-0.000623164,0.000010958,0.000235919,0.000158696,-0.000319563,-0.00061208,0.000003651,0.000573083,-0.000060099,-0.000361928,-0.00033626,0.000233573,-0.000423724,0.000084243,-0.000688316,-0.001221081,-0.000845911,-0.000469808,-0.000255472,0.000246766,-0.00034782,0.000125456,0.000081201,-0.00018947,0.00003329,-0.000441097,-0.000307382,-0.000813251,0.000188393,0.000205122,-0.000422526,0.000348638,0.000343346,-0.00051906,-0.000194446,-0.000395661,-0.0002425,-0.000316342,-0.000181461,-0.000253435,0.000116998,-0.000301473,-0.000453525,-0.000603815,0.0003252,0.000230266,0.000455256,0.00022611,-0.000497742,0.000052884,-0.000630046,0.000397475,-0.00086768,-0.000152195,-0.000089932,0.000089453,0.000382393,-0.000424442,-0.000688717,-0.000306887,-0.000597453,-0.000885268,-0.000141282,-0.000090316,-0.000156517,-0.000616905,-0.000671628,-0.00056706,-0.000767474,-0.000589965,-0.000113098,-0.000298642,-0.000598662,-0.000180054,-0.001022809,-0.000097966,-0.000029132,-0.000449928,-0.00039199,-0.000968077,-0.000317247,-0.000162261,-0.000277106,-0.000726881
697.0080566,-0.001256847,0.000223619,0.000280892,-0.000439674,-0.000059682,-0.000797844,-0.000759877,-0.000218974,-0.000929553,-0.000165976,-0.000839128,-0.00048109,-0.000793428,0.000295981,-0.001168113,-0.000422759,0.000081986,-0.000417985,-0.00026795,0.000397446,-0.000046886,-0.000028799,-0.000946057,0.000040284,0.000297725,0.000126651,-0.000755303,-0.00026569,-0.000012678,-0.000652863,0.000039329,-0.000348837,-0.000959472,-0.000969717,-0.000510201,0.00010444,0.00022801,-0.000571756,0.000097446,0.000109327,-0.000153126,0.000306067,-0.000376369,-0.000329659,-0.000443084,-0.000009049,-0.000211247,-0.000070677,0.000405747,0.000122785,-0.000742802,-0.000318985,-0.000233498,-0.000192594,-0.00048277,0.000043437,-0.000080207,-0.000117763,-0.000339368,-0.000683462,-0.000970581,0.000307034,-0.000000078,0.000167423,-0.000067594,-0.000289473,-0.000026287,-0.000844659,0.000368389,-0.000826857,-0.000074794,-0.000213091,0.00003982,0.000786192,-0.000709924,-0.001086554,-0.000274712,-0.000756392,-0.000881537,-0.000119563,-0.000010944,-0.000498261,-0.000835978,-0.000202936,-0.000488939,-0.00101931,-0.000589421,-0.00025438,-0.000311115,-0.000600079,-0.000111766,-0.000921523,-0.000247409,-0.00025674,-0.000350834,-0.000219835,-0.000919181,-0.000361396,-0.000152716,-0.000287755,-0.000176188
697.6054688,-0.001225706,0.000504859,0.000272494,-0.000507989,-0.000160892,-0.000830888,-0.000764664,-0.000352766,-0.00078883,0.000126807,-0.000907785,-0.000224452,-0.000577806,0.000049566,-0.00116245,-0.000370717,-0.000012115,-0.00047629,-0.000067796,0.000389833,0.000055501,-0.00030968,-0.000681886,0.000255067,0.000551806,-0.00022095,-0.000569016,-0.000128645,-0.000098564,-0.00082152,0.000178562,-0.000113633,-0.000755993,-0.000657424,-0.000560002,0.00015796,0.000115077,-0.000478076,0.000072509,0.000284856,-0.000272882,0.000019766,-0.000233346,-0.000502771,-0.00059948,0.000135961,-0.000073247,-0.000234188,0.000385234,-0.000328409,-0.000346482,-0.000258793,-0.00032827,-0.000689131,-0.000363897,-0.000218066,-0.000163474,-0.000091142,-0.00043167,-0.00020846,-0.000744795,0.000101794,-0.000117483,-0.000001062,0.000090342,-0.000313779,0.000089119,-0.00041374,0.000762869,-0.000899245,-0.000605658,-0.000046097,0.000249392,0.000803549,-0.0002235,-0.001047387,-0.000215486,-0.000801418,-0.000785733,0.000365839,-0.000173174,-0.000535379,-0.000887548,-0.000129965,-0.00038471,-0.000777882,-0.000207764,-0.000400645,-0.000448277,-0.000583762,-0.000253581,-0.000869751,-0.000143335,-0.000417145,0.000219139,-0.000453952,-0.000699502,-0.000439884,-0.000042048,0.000189138,-0.000374961
698.2030029,-0.001158073,0.000095913,0.000305771,-0.000555244,-0.00015206,-0.000683149,-0.00076123,-0.000201648,-0.000812409,-0.000260175,-0.000669279,-0.000414824,-0.000701835,-0.000159594,-0.001016298,-0.000469412,0.000137687,-0.000423699,0.000169361,0.000335997,0.000178848,-0.000517847,-0.000564549,0.000099334,0.000764375,0.000188416,-0.000339955,-0.000475362,-0.00014561,-0.000654014,-0.000082138,-0.000421812,-0.000753282,-0.000527822,-0.000441177,-0.000008734,0.000150735,-0.000324371,0.000027541,0.000012576,-0.000562048,0.000125392,-0.000134237,-0.000268897,-0.000735376,-0.00007185,0.000189761,-0.000256928,0.000437259,-0.000027983,-0.000357374,-0.000311169,-0.000308335,-0.000279244,-0.000390613,-0.000151105,-0.000585566,-0.000043072,-0.000466259,0.000012343,-0.000721378,-0.000229924,-0.000071932,0.00030807,0.000094346,-0.000220435,0.000213529,-0.000396494,0.000459464,-0.000834006,-0.000712178,-0.000372574,-0.000062341,0.000756851,0.000018783,-0.001248462,-0.000455789,-0.000800804,-0.001218048,0.000197962,-0.000179538,-0.000157653,-0.001022079,-0.000297686,-0.000485447,-0.000636402,-0.000018373,-0.000312495,-0.000188386,-0.000644462,-0.000417677,-0.000848341,-0.000260469,-0.000748339,-0.000443659,-0.000676479,-0.000893805,-0.000104038,0.00033176,-0.000102782,-0.000228518
698.8005371,-0.001061917,0.000136837,0.000154321,-0.0003844,0.000054442,-0.000498037,-0.000960803,-0.000307115,-0.000848302,-0.000625425,-0.000590888,-0.000076178,-0.001039003,0.000081474,-0.000804969,-0.000564299,0.000802812,-0.000351075,0.000236769,0.000204306,0.000156407,0.000049079,-0.00062335,-0.000262049,0.000662787,-0.00000155,-0.000309513,-0.00041919,-0.000030321,-0.000691724,0.000162855,-0.000453599,-0.000662835,-0.000463126,-0.000260235,-0.000223992,-0.000154135,-0.000349058,0.000036866,-0.000024282,-0.000225666,0.000098966,-0.00075599,-0.000286141,-0.00062401,0.000112354,0.000027524,-0.000102501,0.000302476,-0.0001309,-0.000513713,-0.000125935,-0.000428333,-0.000441986,-0.000418402,0.000020862,-0.000227058,-0.000358145,-0.000474811,-0.000081689,-0.000898116,-0.000105699,0.000023903,0.000089587,0.000425333,-0.000303798,-0.000147357,-0.000465757,0.000311757,-0.000816399,-0.000661635,-0.000424164,-0.000062631,0.000875092,-0.000153388,-0.000997518,-0.000326096,-0.000618387,-0.001161268,0.000047329,-0.000408547,-0.000332157,-0.001102462,-0.000211416,-0.000264642,-0.000530317,-0.000082823,-0.00037986,-0.000341812,-0.000626922,-0.000230106,-0.000972421,-0.000260006,-0.000317241,-0.000193303,-0.000387265,-0.000649254,-0.000127472,0.000059227,-0.000102061,-0.000388369
699.3981323,-0.000811808,0.000173963,-0.000197583,-0.00038001,0.000314315,-0.000666413,-0.000534013,-0.000443223,-0.000977576,-0.000209638,-0.000808303,-0.000116792,-0.000653179,0.000035241,-0.000752688,-0.000564403,0.000642712,-0.000392558,0.000154633,0.000394116,0.000244966,-0.000301093,-0.000476175,0.000095337,0.000467297,-0.000080953,-0.000561418,0.00000222,0.000145229,-0.000700062,0.000122408,-0.000339298,-0.001064213,-0.000508146,-0.000439541,-0.000033415,0.000207062,-0.000229084,0.000283024,0.000004605,0.000204002,0.000282617,-0.000185405,-0.000136889,-0.000386037,-0.000023503,0.000063687,-0.000049777,0.000377411,-0.000133984,-0.000239513,0.000092741,-0.000029542,-0.000173882,-0.000270262,-0.000023587,-0.00014815,-0.000238382,-0.000418498,-0.00079079,-0.000777077,0.000488752,0.000186338,0.000312508,0.000380656,-0.000353475,0.000086098,-0.000742776,0.000239313,-0.000494862,-0.000023105,-0.000397846,-0.000031981,0.000752825,-0.00000127,-0.000552796,-0.000188494,-0.000902085,-0.000803167,-0.000067173,-0.000172828,-0.000200662,-0.001213662,-0.00033196,-0.000144657,-0.000596722,-0.000320406,-0.000351038,-0.000118093,-0.000786014,-0.000315725,-0.001150336,-0.000413017,0.000113437,-0.00002047,-0.000422475,-0.000847831,-0.000389334,-0.000017062,-0.000239681,-0.000960183
699.9957886,-0.001000121,0.000138625,-0.000052108,-0.000080759,-0.000193266,-0.000606202,-0.000641813,-0.00016428,-0.000675332,0.000040756,-0.000865293,-0.000333845,-0.000510833,0.000130015,-0.000897905,-0.00034379,-0.000079299,-0.000337407,0.000027058,0.000566633,0.000295862,-0.000006967,-0.000262642,0.000060739,0.000395658,0.000391319,-0.000581189,0.000130108,-0.000311149,-0.000631374,0.000133434,-0.000368785,-0.000905419,-0.000509224,-0.000569618,-0.000235375,-0.000082305,-0.000184363,0.000293153,0.000040921,0.000333035,0.00043552,0.00001111,-0.000255946,-0.000386049,-0.000194308,0.000375413,-0.000415415,0.000197499,0.000413766,-0.000268264,0.000134398,-0.000260353,-0.000261331,-0.000599808,-0.00016848,-0.000466236,-0.000183541,-0.000527399,-0.000534817,-0.00059698,0.000340636,0.000006496,0.000357061,0.000416465,0.00000725,0.000121772,-0.000587754,0.000359373,-0.000702059,-0.000441685,-0.000155025,0.000122621,0.000872165,-0.000237369,-0.000637363,-0.00020081,-0.000748095,-0.000593005,-0.000235209,-0.000034621,-0.000187475,-0.000783863,-0.000383161,-0.000181666,-0.000773453,-0.000289842,-0.000247036,-0.000246314,-0.000596862,-0.000188213,-0.00112912,-0.000232943,-0.000239976,0.000069049,-0.000255164,-0.000662254,0.000122883,0.00034421,-0.000062179,-0.000634783
700.5934448,-0.001130968,0.000041966,0.000037005,-0.00011432,-0.000261065,-0.000506467,-0.00051981,0.000171651,-0.000464593,-0.00033828,-0.00067164,0.000130416,-0.000616075,-0.000084024,-0.000993044,-0.000290554,-0.00028445,-0.00059678,0.00040393,0.000491814,0.00013483,-0.00001358,-0.000296506,0.000046049,0.000270265,0.00031588,-0.000610424,0.000007616,0.000089664,-0.000200473,0.00015764,-0.000321535,-0.000840913,-0.000568292,-0.000685659,0.000031048,0.000130209,-0.000362033,0.000015481,0.000061097,0.000045561,0.000104671,-0.000372601,-0.000159554,-0.000523634,0.000010985,0.000382832,-0.000117868,0.000146123,0.000109717,-0.000403762,-0.000174735,-0.000589946,-0.000552201,-0.000461849,-0.000199733,-0.000206599,0.000038789,-0.000141166,0.000021755,-0.000264492,0.000150584,-0.000067123,0.000164105,-0.000000383,-0.000311609,0.000073814,-0.00063842,0.000207066,-0.000705998,-0.000434827,-0.000258741,0.000099546,0.000825665,-0.000333004,-0.000783245,-0.000188205,-0.000753723,-0.000844312,0.000173603,-0.000261254,-0.000123238,-0.000649716,-0.000146773,-0.000253172,-0.000303269,0.000261951,-0.000523107,-0.000207863,-0.000583727,-0.00032607,-0.000818932,-0.000174942,-0.00021934,0.000238562,-0.000230394,-0.000658472,0.000065719,0.000237234,-0.00019059,-0.000052422
701.1911621,-0.001099298,0.000033423,0.000139076,-0.000267482,0.000270255,-0.000604619,-0.000592049,-0.000070438,-0.000536598,-0.000488702,-0.000793432,0.000005014,-0.000649844,-0.00000462,-0.000715196,-0.000270415,-0.0001113,-0.000504174,0.000140946,0.000509348,-0.000002564,-0.00010853,-0.000460014,0.000159831,0.000520037,0.00018396,-0.000185182,-0.000117233,-0.000299599,-0.000591627,0.000111726,-0.000342891,-0.000697772,-0.000196935,-0.000636758,-0.000151807,0.00003553,-0.000018157,-0.000037079,-0.000018022,-0.000260361,0.000030062,-0.000332061,-0.000127735,-0.000270147,-0.000318451,0.000026429,-0.000124741,0.000108742,-0.000297357,-0.000095784,-0.000299569,-0.000287207,-0.000168999,-0.000253472,-0.000288143,-0.00004431,-0.00007837,-0.000644208,-0.000249495,-0.000642621,-0.000067504,-0.000167379,0.000418601,0.000231204,-0.000304379,0.000474361,-0.000372447,-0.000106918,-0.000517299,-0.000627201,-0.000604089,-0.000052293,0.000758816,-0.000183191,-0.000764522,-0.000408712,-0.00045793,-0.00079052,0.000316314,-0.000137861,-0.000211131,-0.000701405,-0.000199111,-0.000207201,-0.000245633,0.000234943,-0.000549376,-0.00015737,-0.00063571,-0.000209736,-0.000839451,-0.000103532,-0.000226535,-0.000038107,-0.000658051,-0.00070945,0.000178972,0.000384333,-0.000365544,0.00006823
701.7888794,-0.000797393,0.000298966,0.000170257,-0.000280145,-0.000006818,-0.000368577,-0.000710457,-0.000206145,-0.000733109,-0.000292077,-0.000578331,-0.00028786,-0.000677827,-0.000015173,-0.000571818,-0.000448207,0.000081327,-0.000249606,-0.000154751,0.000230722,0.000213139,-0.000292911,-0.000339902,0.00004303,0.000422855,0.000002442,-0.00026567,-0.000029702,-0.00005607,-0.000771657,-0.000006255,-0.000372929,-0.000554383,-0.00024878,-0.000347527,0.000171992,0.000005662,-0.00028548,-0.000195737,0.000203051,-0.000126553,0.000070715,-0.000564972,-0.000067319,-0.000534863,-0.000347909,-0.000188298,-0.000322724,-0.00019552,-0.000107757,-0.000273897,0.000155978,-0.000271242,-0.000199604,-0.000617228,-0.000039154,-0.000240727,-0.000154117,-0.000557842,-0.000366055,-0.000616354,0.000028685,0.000136308,0.00005025,0.000198291,-0.000212057,0.000285076,-0.000788854,-0.000058404,-0.000800903,-0.000452214,-0.000243247,0.000073159,0.000783719,0.000064724,-0.000801467,-0.000583784,-0.000725395,-0.000700664,0.000246574,-0.00020669,-0.000162059,-0.000408136,-0.00034338,-0.000403596,-0.000347061,-0.000350893,-0.000141143,-0.000091232,-0.000282216,-0.000232144,-0.000673858,-0.000338771,-0.000266687,-0.000158142,-0.000634144,-0.000587184,-0.000266087,-0.000062621,-0.000274808,-0.000252619
702.3867188,-0.000612006,-0.000031074,-0.000058162,-0.000522162,0.000110853,-0.000041846,-0.000473703,-0.000261667,-0.000910466,-0.000195512,-0.000605361,0.000233068,-0.000474242,0.000204494,-0.0007459,-0.000687974,-0.000283978,-0.00012361,-0.000113819,0.000284169,0.000029433,-0.000129262,-0.000204809,-0.000240401,0.000144849,-0.000103136,-0.000323238,-0.000024118,0.000129631,-0.000309278,-0.000172908,-0.000165241,-0.000247075,-0.000382887,-0.000570509,0.000063891,0.000057539,-0.000159186,-0.00000493,0.000374914,0.000032642,0.000042344,-0.000261921,-0.000029349,-0.000436794,0.000057738,0.000197658,-0.000168036,0.000095695,0.000143461,-0.000218387,0.000303908,-0.000025939,-0.000425951,-0.00023841,0.000226218,0.000077285,-0.000037956,-0.00061773,-0.000561974,-0.000681919,-0.000020316,0.000273521,0.000116336,0.000126534,0.000238134,-0.000253711,-0.000049021,-0.000116927,-0.000681957,-0.000316378,-0.000066212,-0.000272369,0.000306399,0.000101629,-0.000521537,-0.000304551,-0.000447725,-0.000471614,-0.000110526,-0.000283819,-0.000101041,-0.000505592,-0.000115476,-0.000249736,-0.000622464,-0.000370952,-0.00015021,0.000333806,-0.000562237,-0.000299187,-0.000825989,-0.000191031,0.000164475,0.000028533,-0.000383166,-0.000594765,-0.000050269,-0.000345185,-0.000395339,-0.000347124
702.9844971,-0.000470264,0.000012664,0.000110538,-0.000339924,-0.000144645,-0.000403837,-0.000406615,-0.000133257,-0.000866846,-0.000362275,-0.000452953,0.000223077,-0.00043918,0.00020235,-0.000468257,-0.000298822,-0.000199903,-0.00001905,0.000170162,0.000329542,-0.000089387,-0.00004093,-0.000187009,0.000121912,0.000132379,0.00013389,-0.000529237,0.000395575,-0.000033155,-0.000342967,0.000058923,-0.000092123,-0.000510384,-0.000245871,-0.000463971,0.000042834,-0.000013868,-0.000099445,0.00014113,0.000014221,0.000013609,0.000199094,-0.000169192,-0.00011721,-0.000319595,0.000022159,-0.000023075,-0.00027648,0.000270318,-0.000018783,-0.000140211,-0.000271506,0.000078178,-0.000363533,-0.000287772,-0.000000369,0.00021509,-0.000119241,-0.000296418,-0.000304268,-0.000155601,-0.000142462,-0.000400849,0.000104248,-0.000023506,-0.000309505,-0.000157738,0.000168315,0.000208561,-0.000278347,-0.000552148,-0.000349692,-0.000177026,0.000479148,0.000230901,-0.000212982,-0.000090821,-0.000293066,-0.000381336,0.000013314,-0.000247182,-0.000319622,-0.000631455,-0.000398599,-0.000147915,-0.000700515,-0.000007631,-0.000229402,0.000250788,-0.000541777,-0.000070595,-0.000543152,-0.000098511,0.000170426,0.000260212,-0.000279063,-0.000347471,0.000005107,0.000072143,-0.000243716,-0.000111083
703.5823975,-0.000521228,0.000382657,0.000235223,-0.0005958,-0.000074834,-0.000637758,-0.000289085,-0.000010981,-0.000444703,-0.000232529,-0.000447362,-0.000133353,-0.000540573,-0.000317112,-0.000506919,-0.000349098,-0.000032334,0.000030631,0.000156693,0.000366198,-0.000204893,-0.000034373,-0.000241915,-0.000024018,0.000261324,-0.000022518,-0.000414348,-0.000003137,-0.00017082,-0.000348037,0.000139366,-0.000112956,-0.00066679,-0.000055744,-0.000292271,0.000128766,-0.000074201,-0.000238555,-0.000103711,-0.000012553,0.00014383,0.000045413,-0.000516398,-0.00026212,-0.000273237,0.000023551,0.000306694,-0.000145134,0.000472079,-0.000379046,-0.000271236,-0.000101916,-0.000111221,-0.000503911,-0.000571554,-0.000185439,-0.000197452,-0.00013163,-0.000001783,-0.000252637,-0.00002106,-0.000004829,-0.000166435,0.000170923,0.000249904,-0.000048074,-0.000002129,-0.000172351,0.000003906,-0.000241917,-0.000489635,-0.000319844,-0.000208932,0.000567502,-0.000197323,-0.000504507,-0.000339695,-0.000524714,-0.000553753,-0.000091293,-0.000462682,-0.000202298,-0.000432567,-0.000216544,0.000242336,-0.000423334,0.000112376,-0.000413059,-0.00017954,-0.000564329,-0.000313218,-0.000552901,-0.000279758,-0.000051009,0.000313953,-0.000095411,-0.000339499,0.000043666,0.000267157,-0.000147428,-0.000222527
704.1802979,-0.000449889,-0.000076746,-0.000021723,-0.000323102,-0.000120927,-0.000534886,-0.000060425,0.000004654,-0.000144705,-0.000144015,-0.000176532,0.000049009,-0.000431402,-0.000023663,-0.000484683,-0.000000709,0.000097415,-0.00023111,0.000104845,0.000198486,-0.000116068,-0.000191317,-0.000234552,-0.000340477,0.000283573,0.000091898,-0.000313397,-0.00016403,-0.00021525,-0.000083171,-0.000272741,-0.000056443,-0.000436148,-0.000078157,-0.000127866,0.000342935,-0.00004029,-0.00018763,0.000032685,-0.000015393,0.00026467,-0.0000546,-0.000105594,0.00002887,-0.000542157,-0.000148989,0.000154198,0.000136294,-0.000040228,-0.000461961,-0.000370583,0.000000931,-0.000387748,-0.000194596,-0.000059942,-0.000275433,-0.000131739,-0.000175767,-0.000078294,-0.000155524,-0.000326216,0.0001474,-0.000007415,-0.000016815,0.000143522,-0.000197105,-0.000005448,-0.000260274,0.00017572,-0.000557542,-0.000115047,-0.000465672,-0.000195511,0.000258023,-0.000250139,-0.00078578,-0.000024044,-0.00059655,-0.000710647,0.000072822,-0.000472154,-0.00028325,-0.000480976,-0.000209317,0.000037996,-0.000226258,0.000160987,-0.000411014,-0.000030909,-0.000552275,-0.0000906,-0.000541881,0.000009591,-0.000117198,0.000339008,-0.000117319,-0.000148189,0.000278347,0.000103693,0.000131177,-0.000270762
704.7782593,-0.000346568,-0.000153346,-0.000140249,0.000035618,-0.000127435,-0.000278079,-0.000149059,-0.000256732,-0.000257275,-0.000268778,-0.000363578,-0.000143763,-0.000340237,0.000179885,-0.000566873,-0.000036364,0.000246948,-0.000413285,-0.000073079,0.000450272,-0.000052719,-0.000099549,-0.000236821,-0.000217624,0.000526751,0.000045602,-0.00004942,-0.000096856,0.000007606,-0.000204364,-0.000152849,-0.000018414,-0.000235554,-0.000126869,-0.000347384,0.000010969,0.000183653,-0.000238763,0.000273787,0.000025339,0.000264145,-0.000420138,-0.000346284,-0.000354195,-0.000306535,-0.00044492,-0.000073675,-0.000156522,-0.000222907,-0.000050153,-0.000335778,0.000175827,-0.000274609,0.000171381,-0.000067986,0.00003951,-0.000046441,-0.000226229,-0.000352622,-0.000123561,-0.0002768,0.00017213,0.000241353,0.00009151,0.000182471,0.000009241,0.000056726,-0.000276097,0.000370196,-0.000240637,0.00008721,-0.000407852,-0.000137816,0.000379073,-0.000111688,-0.000273177,0.000020239,-0.000298515,-0.000705532,-0.000042709,-0.000142354,-0.000171479,-0.000439692,-0.000430662,-0.000327037,-0.000265136,0.000055602,-0.000444039,-0.000104827,-0.000413244,0.000358005,-0.000156921,-0.000014623,0.000072124,0.000045354,-0.000049634,-0.000025676,0.000332137,0.000077629,0.000226975,-0.000214376
705.3762817,-0.000562755,-0.000350178,0.000116024,-0.000185699,-0.000212805,0.000009671,-0.000450644,-0.000262852,-0.00025245,-0.000264277,-0.000364823,-0.000054376,-0.000104766,-0.000224184,-0.000288885,-0.000181977,0.000063839,-0.000204464,-0.000196472,0.000419857,-0.000262209,-0.000220927,-0.000197203,0.000196604,0.000172458,-0.000279032,-0.000280188,-0.000097278,0.000038019,-0.0000566,-0.00014386,-0.000031468,-0.000535673,0.000093817,-0.000410216,-0.000297505,-0.000128842,0.000045481,0.000047045,0.000022867,0.000036338,-0.000271401,-0.000059843,-0.00015956,-0.000269074,0.00002363,-0.00004141,-0.000245494,-0.000155124,-0.000033047,-0.000020395,-0.000233928,-0.000067564,0.000019277,0.000044249,0.000129768,0.000225842,-0.000191551,-0.000771379,-0.000215828,-0.000519021,0.000130587,-0.000106986,0.000098852,0.000288307,-0.00019554,-0.000283473,-0.000339437,-0.000037564,-0.00017145,-0.000101551,-0.000181935,-0.000263989,0.000597128,-0.000149341,-0.000086264,-0.000055737,-0.000522342,-0.00035821,0.000020501,-0.000197748,-0.000144534,-0.000626664,-0.000235007,-0.000443718,-0.000345434,-0.000224424,0.000032969,0.00007834,-0.000261345,0.000144465,-0.000248713,-0.000081098,0.000057972,0.000216081,-0.000089908,-0.000517237,0.000241201,-0.000139555,-0.000063375,-0.000165906
705.9743652,-0.000140389,0.000267845,0.000041356,-0.000148768,-0.0002233,-0.000441551,-0.000291569,0.000062231,-0.000213047,-0.000368059,-0.000310214,0.000181857,-0.000093873,0.000369805,-0.000526586,-0.000230097,0.000136564,-0.000218668,-0.000298566,0.000073082,-0.000223485,0.000112473,-0.000026189,0.00034335,0.000320645,0.000185334,-0.000532202,-0.000243516,0.000042182,-0.000017479,0.000087754,-0.000106143,-0.000674633,-0.000278669,-0.000589203,-0.000016268,0.000095419,-0.000048695,0.000103954,0.000141755,0.000094647,0.000135336,-0.000291946,-0.000340674,-0.000204004,0.000003406,0.000044683,-0.000178641,0.000120081,-0.000114582,-0.000170805,-0.000416791,-0.000087035,-0.000080803,-0.000081589,-0.000189628,-0.000074008,-0.000258748,-0.000334791,-0.00033175,-0.000368184,0.000286519,-0.000206696,-0.000092548,0.000182591,-0.000237779,-0.000247617,-0.000045837,0.000416228,-0.000341246,0.000086004,-0.000229432,-0.000246308,0.000622389,-0.000179667,-0.000384155,0.000005209,-0.000622313,-0.00021919,0.000214326,-0.000098883,-0.000317871,-0.000635301,-0.000124194,0.00005224,-0.000421861,-0.000212859,0.000099403,0.000022774,-0.000348945,-0.000274235,-0.000329793,-0.000072292,0.00020868,0.000481769,-0.00017403,-0.000362463,0.000261857,-0.000223379,0.000038795,-0.000186249
706.5724487,-0.000131966,0.000033452,0.000162059,-0.000297192,-0.000081989,-0.000664408,-0.000353704,0.000094588,-0.000112111,-0.000271327,-0.000438631,0.000299714,-0.000385357,0.000055813,-0.00046869,-0.000034426,-0.000181332,0.000059698,-0.000177273,0.000472967,0.000046142,0.000131629,-0.000114263,0.000205988,0.000168176,0.000179888,-0.000570912,-0.000328423,-0.000074794,-0.000428594,0.000237258,-0.000395172,-0.000638181,-0.000432523,-0.000101135,0.000152462,-0.000121688,-0.000053717,0.000491896,-0.000058975,0.000126314,-0.000005148,-0.000506003,-0.000365398,-0.000277933,0.000092411,-0.000440798,-0.000000328,0.000133895,0.000031092,-0.000128359,-0.000077121,0.000029368,-0.000150514,-0.000005788,-0.000085368,-0.000138532,-0.000027888,-0.000207252,0.000019236,-0.000100681,-0.000020532,0.000183533,0.000193824,-0.000031706,-0.000194686,0.000144103,-0.000285725,0.000353542,-0.000417675,-0.000021583,-0.000496394,0.00002024,0.00053365,-0.000199455,-0.000423492,-0.000056183,-0.000468932,-0.000265797,0.000288398,-0.000147991,0.000038385,-0.000285256,-0.000119205,0.000017502,-0.00029554,-0.000224006,0.000082149,0.000130189,-0.0005155,-0.000578743,-0.000657825,-0.00012627,0.000021408,-0.000029318,0.000092579,-0.000567318,0.000076403,0.000310412,-0.000074544,-0.000148144
707.1705322,-0.000520613,-0.000244376,0.000105633,-0.00026428,-0.000108628,-0.000230403,-0.000605336,0.000120795,-0.00012187,-0.000085374,-0.000066281,-0.000171786,-0.000285623,-0.000310194,-0.000419034,-0.00029918,-0.000212014,-0.000391449,0.00001069,0.000184134,-0.000218001,0.000135905,-0.000369057,-0.000407434,0.000218624,-0.000119353,-0.000145226,-0.000204036,-0.000366465,-0.000437666,0.000153795,0.000019543,-0.000427673,-0.000398264,-0.000177099,0.000111273,-0.00061573,-0.000386526,0.000244939,0.000050622,-0.000104178,-0.000261899,-0.000075239,-0.000366571,-0.000414077,0.000121737,-0.000218603,-0.000089965,0.000148516,-0.000193448,-0.000278522,0.000089542,-0.000014159,-0.000163393,0.000001345,0.000015915,-0.000090759,0.000149127,-0.000385292,-0.000196322,-0.000236149,-0.000002482,-0.000005765,-0.000080428,-0.000013489,-0.000246627,0.000052412,-0.000370988,0.000136035,-0.000242773,-0.00025339,-0.000245108,0.000078313,0.000341873,-0.000280934,-0.000134405,-0.000210233,-0.000350016,-0.000973049,0.000102872,-0.000176776,-0.000033882,-0.000335768,0.000069089,0.000200705,-0.000204204,0.000084902,-0.000530653,0.000036674,-0.000448082,-0.000351155,-0.000615804,0.000005765,-0.000325804,-0.000498256,-0.000114436,-0.000401938,0.000121689,0.000023562,0.000054853,0.000057837
707.7687378,-0.000605048,-0.000188532,-0.000252054,-0.000187371,-0.000111722,-0.000177251,-0.000278837,-0.000132963,-0.000415385,-0.000078356,-0.000158984,0.000244235,-0.000553169,-0.000061029,-0.000311925,-0.000083433,0.000243186,-0.000395354,0.000281884,-0.000125122,0.00008812,0.000032172,0.00003101,-0.000277404,0.000016813,-0.00019611,-0.000198303,-0.000077536,-0.00015995,-0.000157672,0.000305657,0.000028569,-0.000612088,-0.000336962,-0.000071852,-0.000192238,-0.000142831,-0.000217605,0.000204019,0.000126952,-0.000311472,-0.000149282,-0.000019519,0.000043603,-0.000415474,-0.000366739,-0.000147027,0.000130393,0.000024305,-0.000172634,-0.000471426,0.00010656,0.000220478,0.000138927,-0.000026727,-0.000135051,-0.000027968,0.000250537,-0.000354839,-0.000225735,-0.000286442,0.000088279,0.000066311,-0.000354933,-0.000096374,0.000182679,0.000308167,-0.000592193,0.000006977,-0.000648737,-0.000084131,-0.00000866,-0.000068408,-0.000094267,-0.0004447,-0.000066964,-0.000237394,-0.000328299,-0.000808557,-0.000120209,-0.000077447,0.000096363,-0.000214517,-0.000210889,-0.000374086,-0.000233794,-0.000045924,-0.00013948,-0.000213209,-0.000615505,-0.000105579,-0.000602934,-0.00029602,-0.000102332,-0.000320575,-0.00016733,-0.000055172,0.000033526,0.000055156,-0.000406844,0.000232827
708.3669434,-0.000703137,-0.000257617,-0.000025941,-0.000495173,-0.000149144,0.000005462,-0.000019304,-0.000224276,-0.000225052,-0.000146106,-0.000113763,0.000376708,-0.000456463,0.000470593,-0.000165043,-0.000087364,0.000495223,-0.000127543,-0.000286477,0.000131917,0.00000679,-0.000362578,-0.000175914,-0.000213628,0.000385517,-0.000071187,-0.000195169,0.000029133,0.000057157,0.000166621,-0.000285664,-0.000323138,-0.000389381,-0.0004215,-0.0003623,-0.00008022,0.000109161,-0.000022826,0.000079349,0.000077075,-0.000149174,-0.000125325,-0.000090394,-0.000184197,-0.000010391,-0.000142747,-0.00008901,0.000038115,0.000260832,0.000209414,-0.000389982,-0.000059086,0.000219887,0.000094953,0.000111477,-0.000112967,-0.00021746,0.000171407,-0.000328582,-0.000355107,-0.000140059,0.00017797,-0.000093928,0.000193578,0.00021516,-0.000244332,0.000154883,-0.00036741,-0.000263737,-0.00039124,-0.000000225,0.000258721,-0.000040698,-0.000110751,0.000091892,-0.000212166,0.000099924,-0.000416432,-0.000511665,-0.000461634,0.000045531,0.000119383,-0.000249527,-0.000165893,-0.000346145,-0.000658553,-0.000746661,0.000029617,-0.000291898,-0.000459258,-0.000148511,-0.000113387,-0.000072157,0.000044608,-0.000109773,0.00000538,-0.000270365,-0.000015643,-0.000130232,-0.000260961,-0.000032539
708.96521,-0.000947219,0.000042185,0.000334825,-0.000425124,-0.000151016,-0.000724695,-0.000304684,0.000080161,-0.000288255,0.000269944,-0.000072816,-0.000106636,-0.00023647,0.000507998,-0.000646876,-0.000014226,-0.000133743,-0.000307771,-0.000211727,0.000331676,-0.000038277,-0.000544763,-0.000503276,0.000019593,0.000444437,0.000000064,-0.000476492,-0.000285057,0.000081618,-0.00017151,-0.000323527,-0.00031691,-0.000446321,-0.000236789,-0.00023019,0.000025236,0.000066584,0.000175561,0.000338571,0.000113403,-0.000356365,0.000246826,-0.000011382,0.000087089,-0.000029849,-0.000033752,-0.000386142,0.000274665,0.000172701,-0.000082021,-0.000314585,-0.000096187,-0.000140569,0.000136989,-0.000209966,0.000319052,-0.000103186,0.000049417,-0.000357173,-0.000148734,-0.000710987,0.000276529,-0.000119143,0.000133406,0.000074395,0.000060798,0.00002685,-0.000492722,-0.000034086,-0.000399641,0.00018988,-0.000000536,-0.000009471,0.000394614,-0.000080762,-0.00029456,-0.000331793,-0.000464208,-0.000328868,0.000094841,-0.000150437,0.000095591,-0.000383465,-0.000035379,-0.00019045,-0.00055593,-0.000405859,-0.000315543,-0.000099817,-0.0005852,-0.000143572,-0.000130731,0.000015547,-0.000153583,-0.000010014,0.000096851,-0.000602141,-0.000035629,-0.000121614,-0.000080849,-0.000129057
709.5634766,-0.000680102,0.000382256,0.000313665,0.000016114,-0.000190152,-0.000763455,-0.000351238,0.00015103,-0.000520857,-0.000000528,-0.000046384,0.000203031,-0.000131104,0.000320846,-0.001048556,-0.000031799,-0.00016306,-0.000437506,-0.000096707,0.000931533,0.000394424,-0.000404436,-0.000352777,-0.000095723,0.000358005,-0.000279064,-0.000452267,-0.000354981,-0.000250129,-0.000168038,0.000074081,0.000024739,-0.000497944,-0.000703065,-0.000299417,-0.000490391,-0.00006717,-0.000352913,0.000338677,0.000152448,-0.000179697,-0.000187148,0.000099624,-0.000136874,-0.000377924,0.000451444,0.000030618,0.000099147,0.000383834,-0.000005074,-0.00001839,-0.000574778,-0.000357653,-0.000063585,-0.000167654,-0.000300266,-0.000274986,0.000197333,-0.000385162,-0.000109706,-0.000470593,0.000197562,-0.000191707,-0.000051748,-0.00004108,-0.000052467,0.000118552,-0.00065237,0.000149843,-0.000514399,-0.000269447,-0.000305341,0.000338626,-0.000130733,-0.000385698,-0.000505656,-0.000375818,-0.000425725,-0.000663477,0.000119897,-0.000229214,0.000045893,-0.000442496,0.000028025,-0.000255376,-0.000079959,0.000011315,-0.000445251,-0.000189742,-0.000804658,-0.00040647,-0.000567943,-0.000069543,0.000069277,0.000206839,-0.000231286,-0.000630402,0.000104539,-0.000276724,-0.000353826,0.000091401
710.1618042,-0.000834607,-0.000059132,-0.000261097,-0.000228145,-0.000372802,-0.000783767,-0.000471881,0.000313964,-0.000333266,-0.00040606,-0.000138614,0.000357229,-0.000449881,-0.000235666,-0.001013025,0.000014803,0.000234398,-0.000009872,0.000151872,-0.000012806,0.00031032,0.000032619,0.000009766,-0.000348079,0.000322361,0.000115677,-0.000319883,-0.000432965,0.000053062,-0.00037715,0.000181254,-0.000486979,-0.000619251,-0.000475333,-0.000150052,-0.000366979,-0.000076807,-0.000314374,0.000626818,0.00022914,0.000080156,-0.000234916,0.000051259,-0.000369482,-0.000414638,0.000010382,-0.00014091,-0.000067511,0.000151743,-0.000209855,-0.000376072,-0.000055232,-0.000111115,0.000167336,-0.000095711,-0.000174585,0.000072266,0.000414066,-0.00032764,-0.000373005,-0.000503804,-0.000091375,-0.000196201,0.000103122,-0.000042158,-0.000366009,0.000171789,-0.000326772,0.000215969,-0.000635868,-0.000296019,0.000125618,0.000447454,-0.000216653,-0.000114319,-0.000141703,-0.000063758,-0.000454064,-0.00094326,0.000175431,-0.000250552,0.000143102,-0.000348587,-0.000071576,-0.000418778,-0.000084064,-0.000045268,-0.000434382,-0.00084119,-0.000422261,-0.000707844,-0.000663391,-0.000110989,-0.00004468,-0.000059681,-0.00008878,-0.000871237,0.00036062,-0.000379542,-0.000026039,-0.000202811
710.7601929,-0.001127205,0.00007012,-0.000507959,-0.00045418,0.000154696,-0.000300128,-0.000526434,0.000035014,-0.000211324,-0.000329787,-0.000230998,-0.000194312,-0.000963108,-0.000014019,-0.000863356,-0.000358548,0.00047364,-0.00012911,-0.000155297,-0.000109889,-0.000092922,-0.000313375,-0.0005856,-0.000039145,0.000061376,-0.00010218,-0.000703711,-0.000580856,0.00005618,-0.000238424,0.000207716,-0.000890676,-0.001036823,-0.000579652,0.000074217,-0.000069309,-0.000260157,-0.000462416,0.000254823,-0.00012596,-0.000395985,-0.000147964,0.000306212,-0.000123487,-0.000447472,0.00013861,-0.000411471,0.000158888,0.000067761,0.000024373,-0.000517616,0.000347555,0.000230341,-0.000100715,0.000193097,-0.000000683,-0.000190314,0.000424505,-0.000692764,-0.000815809,-0.000557166,-0.000113641,-0.000081174,0.000171489,-0.000000017,-0.000279289,0.00018829,-0.000304474,0.000342181,-0.000906007,-0.000040869,0.000043169,0.000175112,-0.000239557,0.000176079,-0.000216821,-0.00028547,-0.000577311,-0.000682869,0.000103771,-0.000375756,-0.000364691,-0.000313513,-0.000270867,-0.000384912,-0.000253692,-0.000360189,-0.000237302,-0.000493421,-0.000317985,-0.000405731,-0.000823485,-0.000067524,-0.000051633,-0.000274466,-0.000315024,-0.00074491,0.000074943,-0.000280199,-0.0001929,-0.000360404
711.3586426,-0.001128516,-0.000301407,0.000002737,-0.000304154,0.000148797,-0.000328875,-0.000229052,-0.000225168,-0.000620137,-0.000525788,-0.000279223,-0.000295689,-0.001068832,-0.000004608,-0.000473258,-0.000476069,0.000011526,-0.000228508,0.000064515,0.000250553,0.000025755,-0.000398013,-0.000444681,0.000005658,0.000178554,-0.000638388,-0.000878975,-0.000280356,0.000267926,-0.00004317,0.00013914,-0.000497331,-0.001190559,-0.000287959,-0.000050853,0.000176664,-0.000372535,-0.000425656,0.00013273,0.000469489,-0.000501837,0.00004506,0.000088412,0.000129025,-0.000460282,0.000086947,-0.000380425,-0.000193283,0.000199355,0.000063898,-0.000537903,-0.000602326,-0.000045484,-0.000314639,-0.000045303,0.000224962,-0.000253925,-0.000179224,-0.000571045,-0.000398782,-0.000481458,0.000485951,0.000256374,0.000163933,-0.000092275,-0.00027205,-0.000454886,-0.000228962,0.000260885,-0.000738796,-0.000015157,-0.000109398,0.000147193,0.000094345,-0.000168873,-0.000803471,-0.000374232,-0.000729753,-0.000203997,-0.000050784,-0.000465877,-0.000465698,-0.000810982,-0.000551641,-0.000504958,-0.000463201,-0.000288548,-0.0003418,-0.000170172,-0.000831175,-0.000139368,-0.000728543,-0.00014719,-0.000217077,-0.000386053,-0.000465007,-0.00086451,0.000017775,-0.000287848,-0.000275638,-0.000118869
711.9570923,-0.000969011,0.000193068,0.000358737,-0.000395364,-0.000092217,-0.000662666,-0.000821501,-0.000162057,-0.000727618,-0.000696692,-0.000014936,-0.00005055,-0.000532779,0.000077646,-0.0005228,-0.000356322,0.000039315,-0.00055379,-0.000270242,0.0001115,0.000197235,-0.000443089,-0.000587207,0.000177416,0.000232765,-0.000171987,-0.000198204,-0.000222671,0.000449829,-0.000199987,0.000312727,-0.000454698,-0.001325361,-0.000422873,-0.000199845,0.000090372,-0.000254874,-0.000292299,0.000198454,0.000374323,-0.000193125,0.000291518,-0.000271367,-0.000127336,-0.000521054,-0.000195585,-0.000221025,-0.000451531,0.000021411,-0.000278461,-0.000240241,-0.000398201,-0.000094911,-0.00031249,0.00004292,-0.000474395,-0.000081321,-0.00006884,-0.000131029,-0.000592491,-0.00085617,0.000768664,-0.000202538,-0.000037028,-0.000531627,-0.00014901,-0.000538898,-0.000365166,0.000314052,-0.000817346,-0.000216515,-0.0004665,0.000109373,0.000590731,0.000167091,-0.000436923,-0.00035121,-0.00055664,-0.000103817,-0.000009569,-0.000343288,-0.000244875,-0.000976225,-0.000336967,-0.000147753,-0.000320463,-0.000284213,-0.000354554,-0.00055632,-0.000779993,-0.000353098,-0.000561198,-0.000316862,-0.000230444,-0.000163849,-0.000708087,-0.000546227,0.00003882,-0.000355919,-0.00004926,-0.000291831
712.555603,-0.000818919,0.000452838,-0.000073608,-0.000384632,-0.00001213,-0.000711507,-0.000556225,-0.000168507,-0.000468259,-0.000146243,-0.000199827,-0.000018219,-0.000426666,-0.000283243,-0.001055438,-0.000046513,-0.000028376,-0.000251244,-0.000061242,0.000107824,0.000143289,-0.000229753,-0.000372699,-0.000248614,0.000664187,-0.000429909,-0.000046724,-0.000653004,0.000338294,-0.000249176,0.000092234,-0.000523928,-0.001024284,-0.000432819,-0.000484162,-0.000109378,-0.000336296,-0.000388042,-0.000101624,-0.000113717,-0.000037601,-0.000087709,-0.000137589,0.000116871,-0.00034992,0.000240267,0.000072668,-0.000558179,0.000412677,-0.000223832,-0.000100892,-0.000263588,-0.000354617,0.000069774,-0.000027572,-0.000152557,-0.000467525,0.000419065,-0.000261393,-0.000188655,-0.000659404,0.000146702,-0.000299169,0.000055383,-0.000497327,0.000069623,-0.000211681,-0.000365949,0.000218545,-0.000657234,-0.000449809,-0.000225007,0.000194556,0.000590284,-0.000007423,-0.000383255,-0.000255006,-0.000359002,-0.000794437,-0.000051949,-0.000385776,-0.000302569,-0.001047778,-0.000066201,-0.000207077,-0.000293606,0.000167209,-0.000009085,-0.000149713,-0.000752568,-0.000371481,-0.00087661,-0.000003719,0.000000379,-0.000409231,-0.000402105,-0.000613309,-0.000143276,-0.000194138,0.000197071,-0.00037544
713.1541138,-0.001108766,0.000393815,-0.000268316,-0.000429952,0.000324435,-0.000809518,-0.000438499,-0.000201003,-0.000657808,-0.000333755,-0.000648405,0.000050823,-0.000842035,0.000201328,-0.00114411,0.000023843,0.00027414,-0.000354789,-0.000116812,0.000421708,-0.000064954,-0.000343369,-0.000274598,0.00015221,0.000681443,-0.000091241,-0.000400751,-0.00076895,-0.000084607,-0.000885312,0.000136947,-0.000141747,-0.00081171,-0.000291084,-0.000247455,-0.000133152,-0.000511554,-0.00016028,-0.000029384,-0.0001494,-0.00008648,-0.000420819,-0.00036411,0.000232667,-0.000411151,-0.000148787,0.000060827,-0.000142717,0.000154907,-0.000232076,-0.000451278,-0.000513479,0.00003999,0.0000481,-0.000288234,0.000059778,-0.000365345,-0.000039123,-0.000382162,0.000146304,-0.000903369,-0.00005044,-0.000084772,-0.000058235,-0.000240934,-0.000382249,0.000182188,-0.000497564,0.000048309,-0.0003409,-0.000627331,-0.000077262,0.000210875,0.000297782,0.000040105,-0.000418402,-0.000106218,-0.000816621,-0.000973326,-0.000136376,-0.000043399,-0.000267289,-0.000934862,0.000146845,-0.000321718,-0.00027476,-0.000040183,-0.000464868,-0.000187858,-0.000288166,-0.000174231,-0.000818352,-0.000012916,0.000069545,-0.000537276,0.00003018,-0.000695497,-0.000098626,0.000135519,-0.000169192,-0.000088055
713.7527466,-0.001083137,0.000125376,0.000168473,-0.000350993,0.000072142,-0.000528054,-0.000194368,-0.000506147,-0.000704805,-0.000411762,-0.000643074,-0.000290217,-0.001056281,0.000452108,-0.001150411,-0.000394916,0.000609296,-0.000583891,0.000410275,-0.000009683,0.000120462,-0.000220526,-0.000279508,-0.000125228,0.000795674,-0.000494166,-0.000390767,-0.000415296,0.000101959,-0.000409961,-0.000476543,-0.000250556,-0.000946267,-0.000509152,-0.000139927,-0.000451173,0.000138556,-0.000426073,0.000053402,-0.000164895,-0.000202731,-0.000529601,-0.00011937,-0.000323755,-0.000915293,0.000053651,-0.000105698,-0.000065824,0.000313355,-0.000269637,-0.000656595,-0.000066819,0.000070613,-0.000300257,-0.000156985,-0.000183812,-0.000292115,0.000120391,-0.000480175,-0.000561784,-0.00048971,0.000240324,0.000262911,-0.000196426,0.000270446,-0.000317136,0.000404433,-0.000802503,0.000580061,-0.000410237,-0.000448994,-0.000135666,0.00035487,0.000218502,0.000152844,-0.000795046,-0.000637582,-0.000964339,-0.000871522,0.000294629,-0.000381459,-0.00004691,-0.000842986,0.000123776,-0.000148426,-0.000595046,0.00026328,-0.000301469,-0.000430717,-0.000017305,-0.000071809,-0.000669933,-0.000082465,0.00012574,-0.000092129,-0.000758069,-0.000746329,-0.00014126,-0.000211344,0.000061756,-0.00021061
714.3513794,-0.001058015,0.000058648,0.000379515,-0.000845742,-0.000106821,-0.000941371,-0.000828716,0.000188985,-0.000773527,-0.000148149,-0.000771631,0.000426778,-0.000828526,0.000401019,-0.000616463,-0.000583884,0.000460662,-0.000231671,0.000008414,0.000254126,0.000271501,-0.000388575,-0.00051874,0.000085938,0.000315935,-0.000280199,-0.000891484,-0.000247234,-0.000167678,-0.000278861,-0.000184675,-0.000689162,-0.000998943,-0.000585821,-0.00063114,-0.000332379,0.000217411,-0.000245935,-0.000123757,-0.000313939,-0.000322701,0.000232396,-0.00032259,-0.000217586,-0.000201046,0.000329373,-0.000178559,-0.000268622,0.000443218,-0.000046696,-0.000550734,-0.000281333,-0.00012447,-0.000223435,0.000345414,-0.000003184,-0.000493877,0.000187896,-0.000663853,-0.00126017,-0.001193566,0.000181715,-0.000058499,0.000025621,0.000329969,-0.000078301,0.000211832,-0.000797772,0.000242301,-0.000549534,-0.000300791,-0.000487723,0.000472555,0.000640141,-0.000262955,-0.000924603,-0.000512897,-0.001114633,-0.0004187,-0.000036188,-0.000354435,-0.000207194,-0.00084443,-0.000362729,-0.000372295,-0.000955336,-0.00032756,-0.000119277,-0.000514716,-0.000745547,-0.000301786,-0.000759991,0.000157341,0.00013821,-0.000314104,-0.000820941,-0.000651967,-0.000498413,-0.000208257,-0.000146977,-0.000408825
714.9500122,-0.001362409,0.000924466,0.00010233,-0.00130682,0.000002445,-0.000599135,-0.000925445,0.000271789,-0.000956076,-0.000424046,-0.000716802,0.000241498,-0.001089722,0.000263136,-0.000375181,-0.000046922,-0.000086152,-0.000383925,0.000101462,0.0003241,0.000265681,-0.000424243,-0.000803711,0.00035957,0.00039281,0.000141673,-0.001232004,-0.000032524,0.000127955,-0.000014608,0.00030557,-0.000655051,-0.001207727,-0.000696776,-0.000592053,-0.000476793,-0.000256569,0.000097931,-0.00004179,-0.000194605,0.000450846,0.000392391,-0.000259634,0.000259044,0.00021423,0.000007322,-0.000052226,0.000026048,0.000283009,0.000094652,-0.000718993,-0.000440233,-0.000062026,-0.000053385,-0.000147099,-0.000179171,-0.000323516,-0.000029376,-0.000274536,-0.000536189,-0.000951211,0.000398366,-0.000387824,0.000376815,-0.000003585,0.00011139,0.000068819,-0.000629556,0.000558421,-0.000702302,-0.000448415,-0.000271435,0.000503707,0.000820226,-0.000196903,-0.000705548,-0.000179244,-0.000369494,-0.000401306,-0.000065103,-0.00031444,-0.000050656,-0.000685407,0.000027217,-0.000640951,-0.000820331,-0.000305821,-0.000158556,-0.000299627,-0.000539431,-0.000444848,-0.000934717,-0.000067883,-0.00021318,-0.000047978,-0.000619913,-0.000491153,0.000021758,-0.00049305,-0.00011329,0.000051237
715.5487671,-0.001145819,0.000477874,0.000273426,-0.000482841,0.000014018,-0.000887674,-0.000560234,0.000051305,-0.001042229,-0.0005984,-0.000655451,0.000125229,-0.000631412,0.000204671,-0.000876394,0.000026281,-0.000210037,-0.000674518,0.000746159,0.000196378,0.000030545,-0.000201781,-0.000620992,-0.000414667,0.000668122,-0.000001358,-0.00088445,-0.000349459,-0.000073038,-0.000673508,0.000294356,-0.000580307,-0.000775261,-0.000826715,-0.000534088,-0.000247346,-0.000329172,-0.000198981,-0.00012714,0.000222595,0.000290906,0.000064971,-0.000163636,-0.000394428,-0.000487916,0.000260418,0.000048647,0.000078187,0.000225144,0.000049976,-0.000175996,-0.000326092,-0.000538402,-0.000056858,-0.000305118,-0.000330802,-0.000373304,0.000094653,-0.000200943,-0.000167443,-0.000749774,0.00050324,-0.000338696,-0.000045462,-0.00018886,-0.000119502,-0.000026169,-0.000529371,0.000227384,-0.00080052,-0.001020941,-0.000295821,-0.000069025,0.000482943,-0.000020748,-0.000818835,-0.000499477,-0.0005778,-0.001041031,0.000285634,-0.000264414,-0.000188607,-0.000720608,0.000123245,-0.00012426,-0.000396057,-0.000394559,-0.000552085,-0.00028595,-0.000524392,-0.000084365,-0.001191797,-0.000382783,0.000150173,-0.000717225,-0.000783834,-0.000578134,0.000019375,0.00010033,0.000115892,-0.000180835
716.147522,-0.001147551,-0.000025764,-0.000043028,-0.000426419,0.000078078,-0.000677277,-0.000094549,0.000330748,-0.000672033,-0.000216885,-0.00059769,0.000124133,-0.000507904,-0.000132346,-0.000704388,0.000078535,0.000232109,-0.000220225,0.000470097,0.000064079,0.000040636,-0.000310974,-0.000481901,-0.00025808,0.000688666,0.000229233,-0.000308603,-0.000355873,-0.000116874,-0.00038891,0.00027799,-0.000446451,-0.00054275,-0.000298998,-0.000333075,-0.00017112,-0.000417638,-0.00031305,-0.000067586,0.000329306,-0.000210682,0.000176057,-0.000242558,-0.000360723,-0.000661203,-0.000025207,0.000101383,-0.000006731,0.000177839,-0.000130367,-0.000571228,-0.000287006,-0.000192442,-0.00026969,-0.000386178,-0.000164836,-0.000204332,0.000134662,-0.000441818,-0.00058873,-0.00065933,-0.0001558,-0.000321323,-0.00014044,0.000074729,0.000043042,0.000425461,-0.000151198,-0.000091181,-0.000527456,-0.000814624,-0.000466775,0.000127774,0.000400981,0.000301427,-0.000916771,-0.000265909,-0.000372844,-0.001189243,0.000402548,-0.000192076,-0.000352729,-0.000633068,0.000108974,-0.000471654,-0.000664618,0.000034688,-0.00060279,-0.000452714,-0.000665066,-0.000100456,-0.000994534,-0.000283728,-0.000265376,-0.000643543,-0.000147796,-0.000597184,0.000051421,-0.000179062,-0.000294602,-0.000260944
716.7462769,-0.000490824,0.000113819,0.000003873,-0.00038538,0.000325513,-0.000729905,-0.0007424,0.000011664,-0.000756932,-0.000077866,-0.000659916,-0.000407395,-0.000940019,-0.000196477,-0.000639422,-0.000440861,0.000450201,-0.000296049,0.000194189,0.000292187,0.000099081,-0.000388799,-0.000332725,0.000139059,0.000487904,-0.000103389,-0.000318451,-0.000167405,-0.000267247,-0.000337638,-0.000003892,-0.000441775,-0.000534047,-0.000698284,-0.000323919,0.000072637,-0.000194689,-0.000253972,-0.000240665,0.000026144,-0.000361409,0.000447254,-0.000499848,0.00016243,-0.000629135,0.000190746,-0.000117185,0.000094015,0.000043897,-0.000208713,-0.000506643,0.000113503,0.000193953,-0.000112157,-0.000291582,-0.000260255,0.000109497,-0.000224771,-0.000339876,-0.000601343,-0.000401761,0.000146874,-0.0000441,0.000343954,0.000272077,-0.000209033,0.000177746,-0.000464314,-0.000077909,-0.00077742,-0.000234474,-0.000230984,-0.000171122,0.000555217,0.000288075,-0.00054849,-0.000800085,-0.000862564,-0.00061344,0.000025063,-0.000040267,-0.000460875,-0.000300034,-0.000312277,-0.000323699,-0.000646659,-0.000000902,-0.000304016,-0.000197208,-0.000531025,0.000093544,-0.001047242,-0.000117552,-0.000230182,-0.000300902,-0.000300584,-0.000871941,-0.000504964,-0.000216709,-0.000735685,-0.000086703
717.3451538,-0.000806323,-0.000166795,0.000220349,-0.000605901,0.000149021,-0.000380141,-0.000913354,-0.000539115,-0.000687887,-0.000000355,-0.000669134,0.000063153,-0.000654525,0.000046839,-0.00085856,-0.000441283,0.000764948,-0.000632653,0.000048544,0.00045153,-0.000196985,-0.00017587,-0.000606467,-0.000242714,0.00026828,-0.000296577,-0.000764005,-0.000346646,-0.000037676,-0.000514612,-0.000352344,-0.0002569,-0.000713935,-0.000591543,-0.000228781,-0.000277615,-0.000284223,-0.000499039,0.00006205,0.000113238,-0.000315646,0.000135426,-0.000460053,-0.000162211,-0.000531865,0.000101801,0.000013374,-0.000096962,0.000321064,0.000217201,-0.000204889,-0.000133103,0.00014769,0.000052255,-0.000481035,0.000064743,-0.000126898,-0.000130782,-0.000612251,-0.000278501,-0.000536847,0.000648637,-0.000203138,0.000230157,0.000147592,0.000007948,0.000107578,-0.00019443,0.000524044,-0.000330639,-0.000081771,-0.000045972,-0.000116354,0.000639259,0.000194741,-0.000268583,-0.000407052,-0.000769096,-0.000410878,-0.000465084,-0.000185434,-0.000326074,-0.000378368,-0.000463296,-0.000207794,-0.000797794,-0.000399435,-0.000132736,-0.000037718,-0.000406138,-0.000376918,-0.000857307,-0.000085406,-0.000134744,-0.00005079,-0.000263047,-0.00091664,-0.000744047,-0.000125633,-0.00041388,-0.000205497
717.9440308,-0.000533815,0.000138,0.000197166,-0.00040901,-0.000038904,-0.000656719,-0.000432805,0.000066686,-0.000727319,-0.000408996,-0.000808747,0.000315185,-0.000580709,0.000290593,-0.000936764,-0.000095215,0.000135378,-0.000254217,0.000488279,0.00071932,-0.000550425,-0.00051639,-0.000368681,0.000020821,-0.000285457,0.000146937,-0.000240839,0.0000583,0.00022547,-0.00023817,-0.000051922,-0.000415603,-0.000670769,-0.000184075,-0.000615162,-0.000193115,-0.000104971,0.000084564,0.000095989,0.000385516,0.000155271,0.000184958,-0.000133467,-0.000162232,-0.000043865,0.000041005,0.000188747,-0.000120862,0.00048425,0.000053275,-0.000010874,-0.000401622,-0.000103043,-0.000374046,-0.000279041,-0.000182994,-0.000074291,0.000073,-0.000265448,0.000206429,-0.000494577,0.000394858,-0.000188605,-0.000021361,0.000176065,0.000117441,0.000182393,-0.00027207,0.00052956,-0.000428779,-0.000124865,-0.000407303,-0.000093395,0.000917554,0.000413571,-0.000400242,0.000000644,-0.000657839,-0.000310095,-0.000047812,-0.000253829,-0.000711466,-0.000260681,-0.000165964,-0.000081395,-0.001007996,-0.000193031,-0.000002272,-0.000036789,-0.000385296,-0.000320402,-0.000889115,-0.000097919,0.000066653,0.000244767,-0.000279743,-0.000171678,-0.000104586,-0.000092371,-0.000132162,0.000347835
718.5429688,-0.000536358,-0.000024729,-0.000193132,-0.000124676,0.000059914,-0.00070499,-0.000355898,0.000688893,-0.000594207,-0.00011688,-0.000775893,-0.000211056,-0.000480126,-0.000101974,-0.0006153,-0.00013857,-0.000004114,-0.000383342,0.000412403,0.00039594,-0.000045149,-0.000120265,-0.000254062,0.000080665,0.000058427,0.000341504,-0.000064895,-0.000071982,-0.000196427,-0.000169737,0.000142997,0.000035756,-0.000416689,-0.00044214,-0.00033321,0.00023632,0.000074018,0.0000701,-0.000081104,-0.000034079,0.000226456,0.000014862,-0.000507758,-0.000155991,-0.000351002,0.000240302,0.000225185,-0.000217593,0.000354563,-0.000128978,-0.000246707,-0.000758963,-0.000476847,-0.000137584,-0.000280143,-0.000390076,-0.000433745,-0.000131443,-0.000132645,-0.000354453,-0.000396443,-0.000126739,-0.000343473,0.000074947,0.000215117,0.00023598,0.000187692,-0.00005157,-0.000132552,-0.000622647,-0.000256785,-0.000370496,0.000183698,0.000806056,0.000159401,-0.000308737,-0.000507662,-0.000663348,-0.000772766,0.000046081,-0.000385167,-0.000550984,-0.000307014,-0.000057862,0.000389612,-0.000349167,0.000311624,-0.000442486,-0.000129601,-0.000279655,-0.000085881,-0.000908184,-0.000054956,-0.000141783,0.000154826,-0.000202334,-0.000440794,-0.000110142,-0.000052931,-0.000008224,0.000267229
719.1419067,-0.000596813,-0.000314978,-0.000260052,-0.000126557,-0.00025779,-0.0004851,-0.000368845,0.000137406,-0.000499983,-0.000198412,-0.000397085,-0.000004273,-0.000513248,-0.000119761,-0.00106401,0.000004234,0.000113677,-0.000325242,0.000374936,0.000427277,-0.000035708,-0.000422731,-0.00046873,0.000135411,0.000406764,0.00035859,-0.000312684,0.000108751,-0.000320255,-0.000555622,-0.000348246,-0.000263655,-0.000457979,-0.000186096,-0.000143945,-0.000277677,0.000055058,-0.000110637,-0.000220221,0.000184642,-0.000051167,0.000198602,-0.00023318,-0.000142224,-0.000561072,0.000067487,0.000118801,-0.000473011,-0.000062733,-0.00039975,-0.00044885,-0.00010607,-0.000551172,-0.000140453,-0.000715186,0.000088386,-0.000133293,-0.000182958,-0.000308761,-0.000064042,-0.000551593,-0.000306531,-0.000379522,0.000121959,0.000080857,0.000063013,0.000147562,-0.000271842,-0.000092953,-0.00049919,-0.000288829,-0.000291768,-0.000148637,0.000549825,-0.000011245,-0.00029356,-0.000547537,-0.000554119,-0.000662108,-0.000220685,-0.000429714,-0.000417247,-0.000749087,0.000090422,0.000038158,-0.000141913,0.000136943,-0.000412823,-0.000216734,-0.000068244,-0.00029975,-0.000545369,-0.000176168,-0.000473778,0.000045908,-0.000347134,-0.000600346,0.000045301,-0.000364688,-0.000230321,0.000190913
719.7409058,-0.00067234,-0.000086187,0.000187012,0.000171409,-0.00006805,-0.000197298,-0.00040133,0.000023938,-0.000847549,-0.000438076,-0.000073099,-0.00028436,-0.000598511,0.000048174,-0.000593331,-0.000285844,0.000349227,-0.00026647,0.000223363,0.000198616,0.000215387,-0.000588896,-0.00012114,-0.000097026,0.000330219,-0.000303901,-0.000162075,0.000029387,-0.000317884,-0.000108022,-0.000097759,-0.000310863,-0.000433334,-0.000320402,-0.000286786,-0.000134043,0.000221978,-0.000388983,-0.000004105,0.00026961,0.000156595,0.000013612,-0.00006233,-0.000156996,-0.000209296,0.000085752,0.000413107,0.000021142,-0.000052452,-0.000385606,0.000098309,-0.000051797,-0.000159969,-0.000425623,-0.000326231,-0.000071902,0.000031548,-0.000336402,-0.000250573,-0.000238131,-0.000325459,-0.000025018,0.000028665,0.000028924,0.000341459,-0.000212293,0.000402555,-0.000150946,-0.000113333,-0.000127619,-0.000152106,0.000074938,-0.000226394,0.000607524,0.000409338,-0.00025879,-0.000437433,-0.000846362,-0.000381361,-0.000187347,-0.000395856,-0.000364552,-0.00050007,-0.00027972,0.0001434,-0.000610801,-0.000128821,-0.000068473,-0.000155885,-0.000190915,0.000314503,-0.000782291,-0.000372959,-0.000267346,0.000240378,-0.000482564,-0.000546317,-0.000296367,-0.000238925,-0.000217083,0.000183365
720.3399658,-0.000533852,-0.00043296,0.000042057,0.000013345,-0.000000486,-0.000519823,-0.0004753,-0.000088249,-0.000632036,-0.000115107,-0.000524793,-0.000079744,-0.000289137,-0.00012823,-0.000546623,-0.000637872,0.000247655,0.000128195,0.000300404,-0.00010306,-0.000355104,-0.000427007,-0.000145367,0.000197789,-0.000081636,0.000079041,-0.000144084,0.000119975,-0.000070043,-0.000365653,0.000096215,-0.000131251,-0.000459719,-0.000261355,-0.00029511,0.000163024,0.000107487,-0.000522697,0.000023887,0.000006416,0.000042391,0.000139442,-0.000164543,-0.00018622,-0.000194625,-0.000131267,0.000198231,-0.000339718,0.000124114,0.000459455,-0.00019492,-0.000451601,-0.000103992,-0.000297516,-0.000195328,-0.000444973,0.000022539,-0.000317578,-0.000158122,-0.000374662,-0.000352076,-0.000006276,-0.000008971,0.000325119,0.000505809,0.000036895,0.000317901,-0.000196658,-0.0000459,-0.000451024,0.000024629,0.000082256,0.00013307,0.000444722,0.000587368,-0.000019219,-0.000489033,-0.000338138,-0.000030591,-0.000420386,-0.000125218,-0.00039675,-0.000461933,-0.000340418,-0.000059929,-0.000584577,-0.000282466,-0.000314904,0.000114934,-0.000451932,0.000376678,-0.0004883,-0.000229986,0.000149818,0.000154805,-0.000320029,-0.00064101,-0.000171324,-0.000139033,-0.000232266,-0.000154207
720.9390259,-0.000415878,0.000465071,0.000012472,-0.000273887,-0.000164596,-0.00044339,-0.000068643,0.000023208,-0.000617535,-0.000210215,-0.000449389,-0.000094239,0.000045173,-0.000002732,-0.000446191,-0.000262444,-0.00027681,0.000233556,0.000229106,0.000254799,-0.000410909,-0.000211713,-0.000168254,0.000359026,0.000038704,0.000293743,-0.000537981,0.000212761,-0.000030898,-0.000072251,0.000066604,-0.000399985,-0.000484414,-0.000381992,-0.000469241,0.000036455,0.000104185,-0.000387068,-0.000159259,0.000113376,0.000020679,0.000026928,-0.000170357,-0.000076144,-0.000350863,0.000041945,0.000192057,0.000142376,0.000001684,0.000118084,-0.000309588,-0.000362585,-0.000173014,-0.000157586,-0.000199891,0.000124599,-0.000008191,0.000260037,-0.000253676,-0.000110669,-0.000681026,-0.000331857,-0.000085155,0.000027523,-0.000173846,0.000002708,0.000173203,-0.0000021,0.000177241,-0.000340424,-0.000122038,-0.000248463,0.000074839,0.000574994,0.000154084,-0.000405164,-0.000408195,-0.000546699,0.00000123,0.000167992,0.000037606,-0.00016929,-0.000434271,-0.000189092,0.000085996,-0.00033558,-0.000143594,-0.000035424,-0.000009865,-0.000136006,-0.000290572,-0.00042935,-0.000221862,-0.000408076,0.000164875,-0.00030844,-0.000553181,-0.000161641,0.000228952,-0.000179243,-0.000235397
721.538208,-0.000293283,0.000326331,0.000279353,0.000049866,-0.000177306,-0.000012865,-0.000033306,0.00036176,-0.000428116,-0.000141442,-0.000119232,-0.000119997,-0.000282859,-0.000016512,-0.000367474,0.000271495,-0.000242277,0.000195647,0.000457116,0.000406594,-0.000272202,-0.000034766,-0.000011946,0.000071299,-0.000129475,0.000260404,0.00006758,0.000275027,-0.000307774,-0.000109251,-0.000116549,0.000140691,-0.000113926,-0.000036885,-0.000111446,-0.000032139,-0.000233623,-0.00007635,-0.000351828,0.000155323,-0.000163972,-0.000477415,-0.000227509,0.000225289,-0.0003819,-0.000112777,0.000137471,0.000360408,-0.000149674,-0.000013716,-0.000136275,-0.00006309,-0.000192573,0.000003681,-0.000088833,-0.000351355,-0.000323962,0.000297916,0.000061593,-0.000217398,-0.000552753,0.000074021,-0.000134231,0.000036394,0.000259216,-0.000121165,0.000176834,0.000048693,-0.000242227,-0.000185315,-0.000034249,-0.000378332,-0.000017348,0.000481342,0.000072647,-0.000076637,-0.000336248,-0.000417147,-0.000579838,0.000133273,-0.000033492,-0.000091586,-0.000101435,-0.000036588,0.000067514,0.000276458,0.000385543,0.00001325,-0.000162379,-0.000184175,-0.000160892,-0.000504867,-0.000169489,-0.000192996,-0.000039773,-0.000452679,-0.000211596,-0.000115518,0.000346522,0.000127684,0.000041197
722.1373291,0.000195467,-0.000216667,-0.000054856,-0.000244301,0.000270862,-0.00010974,-0.00018489,0.000117288,0.000102809,0.000124056,0.000075535,0.000286425,-0.000270875,-0.000359512,-0.000540168,-0.000155911,0.000133011,-0.000155367,0.000146802,0.000238489,0.000004136,-0.000229588,0.000071157,-0.000013637,0.000003989,0.000345617,0.000371336,0.000156882,-0.000506459,-0.000415883,-0.000044644,0.00005785,-0.000004158,-0.000038322,0.000038467,0.000076816,0.000346479,0.000146595,-0.000123865,0.000012467,-0.000238782,-0.000180486,0.000022216,0.000332329,-0.000347469,0.000034437,0.000258383,0.000022371,-0.000142044,-0.000413831,-0.000066054,0.000244774,-0.000297286,-0.00023304,-0.00018332,-0.000432459,0.000005761,-0.000232537,0.000039694,0.000036519,-0.000572652,-0.000220306,-0.000290643,-0.000047631,0.000137433,0.000200613,0.00009109,0.000105208,-0.000028999,-0.000123331,-0.00065751,-0.000284467,-0.000026534,0.000395955,0.000087166,0.000073303,-0.000211823,-0.0001791,-0.000598889,-0.00023631,-0.000047033,-0.000007296,-0.000131675,-0.000019102,0.000034419,-0.000028295,0.000167406,-0.000252944,-0.000088128,0.000063805,0.000294413,-0.000451948,0.000065112,-0.000007424,-0.000321322,-0.000214808,-0.000274681,-0.000033733,-0.000009931,0.000031143,0.000124431
722.7365723,-0.000096816,0.000113017,-0.000324723,-0.000182384,0.000073316,-0.000210265,-0.000009464,0.000048692,-0.000152059,-0.000200664,0.000002459,0.000262119,-0.000507079,-0.000234402,-0.000272064,-0.000149566,0.000379589,-0.000087868,-0.000353995,-0.000022524,-0.000020395,-0.000293208,0.000139267,-0.000189278,0.000186968,-0.000039108,0.000247669,0.000209059,0.000129564,0.000321239,0.000102257,-0.00003423,0.000023339,-0.00007207,0.000071408,-0.000035916,0.00026138,0.000072065,-0.000158862,-0.000090878,-0.00003489,-0.000122311,-0.000308673,0.000192971,-0.000115126,-0.000335447,0.000121434,-0.000335605,-0.000101065,0.000029381,0.000152919,0.000311805,0.000139033,-0.000157716,-0.000005729,-0.000128957,-0.000057947,-0.000515375,0.00004761,0.000110753,0.00002993,0.000034568,0.000054511,-0.000216841,0.000452967,-0.000030737,0.000098197,0.000132741,-0.000077432,0.000083705,-0.000216188,0.000074722,-0.000270226,0.000282581,0.000253438,0.000174936,-0.000246237,-0.000107371,-0.000264221,-0.000200011,-0.000050253,-0.000072436,-0.000060039,-0.00010031,-0.000276542,0.000071019,0.000009869,-0.000110231,0.00011976,0.000103141,0.000345614,-0.000551129,0.000025942,0.000297802,-0.00029694,-0.000051996,0.000048473,-0.000397991,-0.000087122,0.000117834,-0.000082517
723.3358154,-0.000151392,-0.000188668,-0.000096024,0.000033745,0.00014379,0.000012481,-0.000095935,-0.000034865,-0.000458342,-0.000272119,0.000072114,0.00048611,-0.000352977,0.000147842,-0.000014109,-0.000071054,-0.000005559,0.000122004,0.000283503,0.000003004,-0.000064268,-0.000226332,-0.000172969,0.000012463,-0.000160594,0.000138633,0.000039806,-0.000062512,0.000069773,0.000182115,0.000020337,0.000041332,-0.000013109,0.000086123,0.000002058,0.000186878,0.000270203,-0.000136603,0.000047214,0.000135493,0.000479493,-0.000114008,-0.000213117,-0.000068968,-0.000116814,0.000192535,0.000378028,-0.00024514,0.000090885,0.000185046,-0.000080478,-0.000316154,-0.000088685,-0.000087791,-0.000118563,-0.000100684,0.000038425,-0.000034728,0.000082514,0.000022977,0.000094871,0.000018915,-0.000054489,-0.000173956,0.000172126,0.00018663,-0.000166764,0.00021055,0.000159589,0.000168395,-0.000110005,-0.00002159,-0.00000465,0.000312256,0.000116263,-0.000208483,-0.000312975,-0.000292351,-0.000039423,-0.000088363,-0.00011157,-0.000101746,-0.000053714,-0.00041278,-0.000050918,-0.000258396,-0.000157335,0.000170322,0.000003178,-0.000247326,0.000233554,-0.000349281,0.000130342,0.000087629,0.000058943,-0.000023767,0.000060422,-0.000436545,-0.000152736,-0.000114408,-0.000248373
723.9351196,-0.000441673,-0.000027876,0.000113258,-0.000099267,-0.000272935,-0.000157694,-0.000087117,-0.000021648,-0.000292787,-0.000154823,0.000132072,0.000237525,0.000111849,0.000026159,0.000118815,0.00018327,-0.000030348,-0.000046511,0.000434561,0.000175437,-0.000077056,-0.000018153,-0.000045695,0.000054206,0.000000083,0.000349937,-0.000090263,-0.000138778,-0.000092493,-0.000300068,-0.000068746,-0.000143391,-0.000027605,0.000150138,-0.000208311,0.000140817,-0.000245677,-0.000160972,-0.000027279,0.000273282,0.000297291,0.000110541,-0.00009868,0.00013703,-0.000001318,0.000239841,0.000265699,0.000188344,0.000199645,-0.000123267,-0.000122465,-0.000732161,0.000254102,-0.00010434,-0.000032517,-0.000143931,-0.000062293,-0.000174501,-0.000006047,0.000375935,0.000084804,0.000190557,0.000086577,-0.000123546,-0.0002388,0.000091916,-0.000082416,-0.000086937,0.000430974,0.000002592,-0.000208698,0.000299305,0.000151416,0.000211069,-0.000014171,-0.000158229,-0.00010328,-0.000042965,-0.000193482,0.000064201,0.000090727,-0.000357803,0.000060057,-0.000251811,-0.000005899,-0.000078996,-0.000191582,-0.00002101,0.00002731,-0.000306037,-0.000058831,-0.000151379,-0.000106824,0.000045924,0.000225625,-0.000192031,0.000001587,0.00001046,0.000301495,-0.000113989,0.000149726
724.5344849,0.000240225,-0.000224437,0.000018346,0.000299813,-0.000327352,-0.000021339,-0.000017485,0.000204498,0.000097865,-0.000322893,0.000148932,0.000278345,-0.000138537,-0.000143608,0.000064018,0.000456899,0.000286458,-0.000222566,0.000062617,0.000515757,-0.00002222,0.00004665,0.000070666,0.000064975,-0.000175125,0.000362972,-0.000144307,-0.000106605,-0.00040182,-0.000138591,-0.00022106,-0.000033842,0.00015229,-0.000121,-0.00027727,0.000103223,-0.00004091,-0.000231963,-0.000200874,0.000202227,0.000130864,0.000236787,0.000058512,-0.000067952,-0.00023664,-0.000070901,0.000218327,-0.000060303,0.000080972,0.000011213,0.000237898,-0.00027031,0.000039661,0.000149242,-0.000205803,0.000006246,0.000031087,0.000027484,0.000020704,0.000199722,0.000102241,-0.000107466,0.00000436,0.000160297,-0.000026761,-0.000079894,0.000102559,-0.000069007,-0.000036342,0.000224585,-0.000183194,0.000160454,0.00016051,0.000205602,-0.000174648,-0.000180849,0.000036108,0.000042471,-0.000669014,0.000022147,-0.00006325,-0.000002734,-0.000107696,0.000146642,0.000206353,0.000351556,0.000192274,0.000094415,0.000037803,-0.00037135,-0.000095545,-0.000288315,-0.000026179,0.000374923,0.000197397,0.000268432,0.000228417,0.000314936,0.000168202,-0.000125916,-0.000129094
725.1338501,0.000759483,-0.000174746,-0.000283852,0.000400468,-0.00011767,0.000173279,-0.000211815,0.000246715,0.000245783,-0.000227675,-0.000043921,0.000128446,0.000115217,-0.000063868,0.000080317,0.000341404,0.000345104,0.000149013,-0.000165569,0.000191915,-0.000147162,-0.000194648,0.000138407,0.000197979,0.000141548,0.000208856,0.00028935,-0.000316614,-0.000303477,0.00000087,-0.000332869,-0.000095515,0.000437727,0.000198335,0.000081823,-0.000020636,0.000031292,0.000184846,-0.000232881,0.000010385,-0.000237407,0.000307692,-0.000272742,0.000140557,-0.000166948,-0.00002442,0.000344377,0.000191326,-0.000167402,0.000253583,-0.000276544,0.000113501,-0.00001136,0.000305362,-0.000136127,0.000355089,-0.000089151,-0.00011365,0.0001878,-0.00004277,0.000010247,-0.000087793,-0.00015419,-0.000229178,-0.000061132,0.000000694,-0.000029794,-0.000143862,-0.000182283,0.000044943,-0.000251313,-0.000001784,-0.000139174,0.000341826,0.000059802,0.000363734,0.000019918,-0.00023589,-0.00016147,0.00003049,-0.000107788,0.000029928,0.00006738,-0.000192733,0.000221608,0.000333333,0.000447469,0.000074458,-0.000007941,0.000171579,-0.000095344,0.000012624,0.00023933,0.000046688,-0.000112786,0.000073607,0.000167994,0.00030696,0.000151518,0.000149393,-0.000161364
725.7332764,0.000303352,-0.000221746,-0.000195341,0.000333781,0.000163834,0.000104953,-0.000139089,-0.000025073,-0.000162503,-0.000014743,0.00013052,0.000063485,0.000293212,0.000012281,-0.000008932,0.000334637,-0.000015955,0.000047259,-0.000012204,0.000266885,-0.000261155,0.000108953,0.000323603,0.000011326,0.000098327,0.000211177,0.000149177,0.000160753,-0.000246298,0.000143971,-0.000004364,-0.000380179,0.000114689,-0.000037361,-0.000024809,-0.000067589,-0.00009013,-0.000191679,-0.000168507,-0.000304293,0.000168441,-0.000057255,0.000107744,0.000254725,0.000020683,-0.000058092,-0.000152236,0.0004093,-0.000443387,0.000105613,-0.00032479,0.000204723,0.000305964,0.0005999,-0.000016263,0.000014454,0.000098339,-0.000055243,0.000105338,-0.0002101,0.000173015,0.000047068,0.000315644,-0.000036275,0.000433944,-0.000067065,0.000112012,-0.000105756,-0.000034414,-0.000141183,0.000069751,0.000449709,-0.000195551,0.00049875,0.000299678,0.000443309,0.000178276,-0.000306264,-0.000152471,-0.000238386,-0.000204908,0.00022899,0.000164623,-0.000317418,-0.000366586,0.000358308,-0.000041804,-0.000047319,-0.000205019,0.000108432,-0.00012733,-0.000154569,0.000133974,0.000262532,-0.000028743,-0.000131568,0.000074555,0.000147947,0.000015889,0.000135969,-0.000059847
726.3327026,-0.000144887,-0.000292482,-0.000032741,0.000280329,0.000191461,0.000210979,-0.000079033,-0.000468242,0.000106485,0.000226975,0.000292914,0.00033239,0.000115307,0.000384199,0.000238484,0.00006429,0.000030117,-0.000316132,0.000298109,0.000286608,0.000123952,-0.000392837,0.000182468,-0.000059083,-0.000033776,0.000142705,-0.000057668,0.000213512,-0.000075081,0.000610307,-0.000115724,-0.000028149,0.000218283,-0.0001056,-0.000075293,0.00009256,0.000052348,0.000165842,0.000254551,0.000013558,0.000317611,-0.000170884,0.000186731,0.000157058,0.000159681,-0.000045802,-0.000026685,-0.00032366,-0.000341866,0.000267434,-0.000164209,-0.000112185,0.000110524,0.000128493,0.000194617,-0.000253843,-0.00003008,-0.000177459,-0.00001689,0.00004485,-0.000092791,0.000106225,0.00015605,0.000073643,0.000558073,-0.000161511,0.000088156,0.000109196,0.000263334,0.00012146,0.000454426,-0.000108485,0.000114523,0.000010033,0.000474818,0.000087936,0.000081701,-0.000173626,0.000037897,0.000107475,0.000092213,0.000153886,-0.000208261,-0.000501559,-0.000331865,-0.000082904,0.000128088,0.000151981,0.000072864,0.000051666,-0.000204955,-0.00009525,-0.000003785,0.000568331,0.000017554,0.000245661,0.000208881,0.000104773,0.000053968,0.000020547,-0.000190896
726.932251,0.000124374,-0.000039642,-0.000247109,0.000047862,0.000134426,-0.000046155,-0.000006821,-0.000126515,0.000146944,0.000185885,0.000424435,0.000260731,0.00036775,0.000186779,0.000287255,0.000218035,-0.000285422,-0.000105297,0.000277885,0.000071043,0.000041245,-0.000075768,0.000071454,0.000113247,-0.00018692,0.000217027,-0.00063765,-0.000114256,0.000096752,0.00036253,0.000053866,0.000380914,0.000119189,0.000125819,-0.000268191,0.000095853,0.000238918,-0.000146956,0.000222827,0.000347226,0.000353471,0.000062578,0.00045666,0.000236361,0.000284099,-0.000166221,0.000208836,0.000182944,-0.000381163,0.000222077,0.00006249,0.000148234,0.000071743,0.000126508,-0.000064629,-0.000082616,0.00019067,0.000149833,0.000223988,0.000298348,0.000095822,0.000065358,0.000145505,-0.000113366,-0.000137756,0.000139273,0.00025384,0.000082989,0.000204843,0.000326313,0.000150276,-0.000560641,0.000000841,0.00012659,0.000480873,0.000232193,0.000012006,0.000219647,0.000266814,0.000420224,-0.000269047,-0.000002929,0.000080332,-0.000327207,-0.000050983,0.000345796,0.000170754,0.000007966,0.000396168,-0.00006835,-0.000064419,0.000387061,0.000062972,0.000245446,0.000123066,0.000108674,-0.000075014,-0.000100883,0.000327884,-0.000012594,-0.000072359
727.5317993,0.000197717,-0.000099932,-0.00028115,-0.000142536,0.000037868,-0.000127049,0.000008119,-0.000133358,-0.000220535,0.000031455,0.000156928,-0.000024405,0.000600967,-0.000169045,-0.000156992,0.000267419,-0.000286558,-0.000174955,0.000177786,-0.000232432,-0.000249754,-0.000035974,0.00003183,-0.000247689,-0.000229838,-0.000073158,-0.000124777,-0.000328767,-0.000059177,-0.000092354,0.000045606,0.00016938,0.000517249,0.000042443,0.000007748,-0.00007121,0.000110974,0.000072379,0.000124234,0.000138834,0.000260366,-0.000450458,0.000393996,-0.000167913,0.000078274,-0.000075254,0.000280503,-0.000231388,-0.000045653,0.000000974,-0.000194757,-0.000126525,0.000114151,0.000121061,-0.000104125,-0.000670645,0.000267341,0.000199199,0.000113325,0.000212253,0.000309849,-0.000123233,0.000014046,-0.000171841,0.000207787,0.00014714,0.000189338,-0.000147807,-0.000107986,0.000029359,0.000031055,-0.000394434,-0.000300683,-0.000051308,-0.000029341,0.000381402,0.000395552,-0.000167776,-0.000643137,0.000323213,-0.00034472,0.000128849,0.000458665,0.000122222,0.000537326,0.000453523,0.000238562,0.000236771,0.000039305,0.000264741,0.000126566,0.000037142,0.000150138,0.000152756,0.000125956,0.000147824,-0.000481088,0.000034256,-0.000123914,0.000226457,0.000012119
728.1313477,0.000051158,-0.000164273,-0.000235717,0.000014698,0.000012087,-0.000142004,0.000082629,0.00043668,-0.000236021,0.000006559,0.000072428,0.000121686,0.000165046,-0.000185117,0.000193112,0.000067188,-0.00019763,0.000185146,-0.000099107,-0.000266581,-0.000123821,0.000246414,0.000227619,-0.00029696,-0.000213334,0.000069186,0.000116436,-0.000302839,-0.000044447,-0.000041462,-0.000392943,0.000053201,0.000514084,0.000021356,-0.000037925,0.000197514,-0.000036957,-0.000028217,0.000104591,-0.000211298,0.00014178,-0.00012867,0.000215242,-0.000319032,0.000099127,-0.00008536,-0.000239793,-0.00008704,-0.000328928,0.000100587,-0.000117242,0.000110517,0.00032933,0.000257567,0.000007722,-0.000108711,0.000371639,-0.00026396,0.000053437,-0.000117488,0.000414655,0.000086903,-0.000431147,0.000087717,0.000306309,-0.000600399,0.000371109,-0.000251033,-0.000024239,-0.000134718,-0.000429653,-0.000130902,-0.000003111,0.000090754,0.000388591,0.000455018,0.000439598,0.000162853,-0.000574153,0.000161096,-0.000070936,0.000204668,0.000280997,0.000083503,0.000456723,0.000028533,0.00021489,0.000093235,-0.000300344,0.000057873,-0.000034763,0.000197848,0.000131327,0.000058577,-0.000088821,0.000114333,-0.000237551,0.000051233,-0.000270516,0.000162753,0.000193137
728.7310181,-0.000025827,-0.000466724,-0.000005345,-0.000250218,0.000107898,0.000408408,-0.000030598,0.000166059,-0.000139839,0.000268804,0.000444556,0.000124761,-0.000397675,-0.000106737,0.000298815,0.000108049,0.000077157,0.000321697,-0.000336426,0.000381702,-0.000198439,0.000294536,0.00003473,-0.000168312,-0.000015494,-0.000077778,-0.0000618,-0.000252229,0.000154223,0.000141594,-0.000072972,-0.000121499,0.000270081,0.000176487,-0.000319263,0.000062939,0.000193304,-0.000074102,-0.000410531,-0.000109939,0.000230376,0.000079709,-0.000040966,0.000115898,-0.000119218,0.000191868,-0.000197465,-0.00001938,-0.00027522,0.000334043,-0.000002791,-0.000091613,0.000507289,-0.000111135,-0.00001692,0.000346282,0.000491826,-0.00004995,-0.000328599,-0.000028057,0.000405967,-0.000184022,0.000186407,-0.000218366,0.000671159,-0.000349132,0.000072374,-0.000215546,0.000019859,0.000063645,0.000034819,0.000004308,0.000052116,-0.000130794,0.000180142,0.000339723,0.000045044,-0.000129165,-0.00026536,-0.000028519,-0.000503509,-0.000102623,-0.00023814,0.000192758,-0.000181817,0.00024467,0.000107369,0.000095217,-0.000110577,-0.000132347,0.00019585,0.000098018,0.00000364,0.000408137,-0.000057214,-0.000157885,-0.000008599,0.000104563,-0.000332733,-0.00011282,-0.00005922
729.3306885,-0.000108331,-0.000305671,0.000205617,-0.000225387,0.000329222,0.000219719,0.000119025,-0.000091816,-0.000208018,0.000313178,0.000201729,0.00024924,-0.000131216,0.000153937,0.000021624,-0.000204676,0.000069005,0.000029674,-0.000334866,0.000156421,-0.000092588,-0.000062709,-0.000326132,0.000143767,-0.000078753,-0.000106179,-0.000272285,-0.000085572,0.000208565,0.000258146,-0.000119969,0.000006418,-0.000088101,-0.000264185,-0.00057257,-0.000224917,-0.000383129,-0.000066041,-0.000089234,-0.000173712,-0.000410974,0.000137535,0.000043212,-0.000168793,0.000395255,0.00029338,-0.000076914,-0.000209083,0.000229704,0.000393658,0.000013944,-0.000150203,0.000179037,0.000011472,-0.00002342,0.000000064,0.000084071,0.000245029,0.000294884,-0.0000831,0.000322003,0.000404433,-0.000111938,-0.000242738,0.000196815,-0.000100006,0.000112578,-0.000101106,0.000092645,-0.000066244,-0.000014821,-0.000204287,-0.000111653,-0.000059643,-0.000114069,-0.000338288,-0.000347968,-0.000119337,-0.000272001,-0.000167872,-0.000236243,-0.000187046,0.000165307,-0.000067533,-0.000067096,-0.000005762,0.000099318,0.000206804,-0.000040119,-0.000433606,0.000052118,0.000075616,0.000028865,0.000420057,-0.000020992,-0.000086045,0.000003184,0.000108379,-0.000402478,-0.000129608,-0.000299234
729.9304199,-0.000201064,0.00037181,0.000276115,-0.000000156,-0.000106178,-0.000279409,0.000049163,0.000229197,0.000067842,0.000265899,0.000342758,0.000091372,-0.000185237,-0.000031307,-0.00001072,0.000081529,-0.000729278,-0.000072096,0.000244408,-0.000278269,-0.000011588,0.0001034,0.000053679,0.000262158,0.000028421,-0.000251295,-0.000336704,-0.00002358,0.000057298,0.000679186,-0.000044261,0.000065416,-0.000716411,0.000047029,-0.000219177,-0.000091698,-0.000102227,0.000200741,0.000156257,0.000025966,-0.000141437,0.000194008,0.00019836,-0.000046823,0.00035457,0.000081657,0.000319226,-0.000078978,-0.000077932,-0.000283002,-0.000034552,-0.000327092,0.00020505,-0.000033831,0.000146864,0.000096503,0.000045234,0.000060741,0.000223763,-0.000092762,-0.000250761,0.000407012,0.000267981,0.000046793,0.000215718,-0.000126538,0.000087536,0.00022562,0.000416522,-0.000052272,-0.000032087,-0.000503914,-0.000010239,0.000390032,0.000374695,-0.00047135,-0.000074526,-0.000184101,-0.000294838,-0.000216607,0.000006732,-0.000194822,-0.000098536,-0.000171679,-0.000025896,0.000039035,-0.00025827,0.00032803,-0.0000427,-0.000367807,0.00001675,0.000112543,-0.000305142,0.000080474,0.000052171,-0.000150614,-0.000247442,0.000290074,0.000049367,-0.000251237,-0.000304266
730.5301514,-0.000335456,0.000266885,-0.000125956,-0.000017902,-0.000206685,-0.000284581,0.000192084,-0.000107489,0.000035756,0.000000938,-0.000253926,-0.000437187,-0.0004452,-0.000185607,-0.000025934,0.000288686,-0.000424163,-0.000054777,0.000150769,-0.000071072,0.000033571,0.000034,0.000073122,-0.000586456,-0.000050526,-0.000487513,-0.000219243,-0.000387843,-0.000047117,0.000132441,-0.000085687,-0.000371695,-0.000141847,-0.000023734,-0.000222766,-0.000097494,0.000140239,0.000223371,0.000114872,0.00025352,0.000069776,-0.000326061,-0.000019418,-0.000247166,-0.000144396,-0.00018719,0.000160008,0.000320149,0.000015401,-0.000532808,0.000003903,-0.00027732,0.000204459,-0.000112719,-0.00003657,-0.000629766,0.000024679,0.000345149,0.00020925,0.000118467,-0.00039245,0.000243256,0.00009139,-0.000004583,-0.000099398,0.000044071,-0.000337259,-0.000053953,0.000160203,0.00013696,0.000046931,-0.000029927,0.000071598,0.000558405,0.000358106,-0.000218915,-0.00001023,-0.00011924,-0.000385297,-0.000471182,-0.000281292,0.000085847,-0.000365893,-0.000219437,0.000174402,0.00054884,-0.000053895,0.000216558,-0.000017564,-0.000319389,-0.000101634,0.000145467,-0.00020185,0.000032503,0.000023423,-0.000027501,-0.000394323,0.000282211,0.000431258,0.000190198,0.000143538
731.1299438,-0.000197103,-0.000127607,-0.000070609,0.000124615,-0.000036716,-0.000663838,0.000025513,0.0001896,-0.000036978,-0.000135319,0.00008025,0.000069618,-0.00012629,-0.000089449,-0.000692604,0.000263234,0.00014438,0.000191866,0.00000746,-0.00031943,-0.00014191,-0.000245691,-0.000219424,-0.000307449,-0.000038172,-0.000103905,-0.000385719,-0.000128074,0.000290656,0.000074929,0.000030714,0.000152389,0.000267635,-0.000046143,0.000358154,-0.000227223,0.000072679,0.000476028,0.000143735,-0.000027325,-0.000193331,-0.000163646,-0.000203034,-0.000361635,-0.000188687,-0.000177808,-0.000040263,0.000320592,-0.000249343,0.000207006,-0.000222304,0.00038162,-0.000081224,-0.000037788,-0.000205962,-0.000220008,0.000050503,0.000155734,-0.000166333,-0.000072111,-0.000383331,0.000368988,-0.000169231,-0.000261522,-0.000171811,-0.000364453,-0.000474403,-0.000130529,-0.000057832,-0.000034578,0.000080803,-0.000171204,-0.000076361,-0.000057929,0.000244924,-0.000243677,0.000290687,-0.000168608,-0.000661243,-0.00058486,-0.00029673,-0.000181867,-0.00001312,-0.00027507,0.000047332,0.000084518,0.000102951,-0.000026531,-0.000259149,0.000209972,0.00016538,-0.000241766,-0.000107318,0.000305098,0.000309154,0.000111941,-0.00004136,-0.000045987,-0.000074947,-0.000228872,0.000441087
731.7297974,-0.000293578,-0.000118424,-0.000153223,0.000070404,0.000137227,-0.000064846,-0.000116166,0.000006181,-0.000433515,-0.000101773,-0.000171629,0.000012827,0.000095282,-0.000164428,-0.000169703,-0.000239992,0.000222106,-0.000067282,0.000023001,-0.000162287,0.000044076,-0.000321937,-0.000226037,-0.000071051,0.000154589,-0.000251637,-0.000146784,-0.000306187,0.000132371,-0.000034184,0.00010735,-0.000313948,-0.000392152,-0.000065605,-0.000183038,0.000008151,0.000061523,-0.000024207,-0.000016659,-0.000242745,0.000076511,-0.00003703,0.00009362,0.000272873,-0.000134233,-0.000067507,-0.000106843,0.000087994,0.000021141,0.000156249,-0.000321854,0.000010358,0.000316247,-0.000123997,-0.000070853,0.00021199,-0.000178014,-0.00005794,0.000015851,-0.000117693,-0.00028051,0.000101272,0.000133536,-0.000035425,0.000215056,-0.000126943,-0.000232969,-0.00013759,-0.000131174,-0.000148342,0.000081938,-0.000160943,0.000017576,-0.000031286,0.000424496,-0.000406983,0.000143366,-0.000620198,-0.000296842,-0.000092219,-0.000133204,-0.00008806,0.000016021,-0.000146273,-0.000256675,0.000178573,-0.000259879,0.000466484,0.000078557,0.000256456,0.000031233,-0.000463311,-0.000036294,0.000092951,0.000216128,0.000431786,0.000365028,-0.000188948,-0.000062406,-0.000288764,-0.000110942
732.3296509,-0.000275507,0.000152402,-0.000220521,-0.000231726,0.000423907,0.000010552,-0.000057785,0.000028143,-0.000698488,-0.000111321,0.000050631,0.000205931,0.000198048,0.000272938,-0.000000256,-0.000216961,0.000086366,-0.000014633,0.000144627,-0.000138485,0.000224101,-0.000433559,-0.000314488,0.000207365,0.000121591,-0.000399823,-0.000000749,-0.000801965,0.000235791,0.000053709,-0.000032596,-0.000387568,-0.000476315,-0.000188918,-0.000632108,0.000329773,-0.000452913,-0.000306807,0.000170119,-0.000280421,-0.000099093,-0.000291494,0.000433019,0.000372468,0.00015246,0.00043518,0.000017047,-0.000252287,-0.000060759,0.000307373,-0.000075238,-0.000303787,-0.000064338,0.000008761,-0.00006871,0.000063447,-0.00032516,-0.000258499,0.000076028,0.000038827,-0.000290156,0.000438833,-0.000027206,0.000081042,0.000098444,0.000284649,-0.000210018,-0.000237421,0.00047557,-0.000436989,0.000234518,0.000274707,-0.000190798,0.000571728,0.000390842,-0.000243312,-0.000177991,-0.000462391,-0.000096611,-0.000205279,0.000236342,-0.000192714,0.000177098,-0.000073152,-0.000189517,-0.00017919,-0.000459513,0.000105876,-0.000069984,-0.000234068,0.00035855,-0.000186763,0.000385822,-0.000108465,-0.000485208,0.000181746,-0.00005234,-0.000267095,-0.000176349,-0.000248345,0.00000864
732.9296265,-0.00006821,-0.000025045,0.000035389,-0.000050633,-0.000055681,0.000259385,0.000037828,0.000005705,-0.000044086,-0.000173586,0.000076786,-0.000299721,0.000043822,-0.000173741,-0.00004995,-0.000006066,-0.00005517,0.000322163,0.00014001,-0.00002012,0.000143684,0.000068767,0.000018505,0.000126561,0.000059434,0.000020942,-0.000100952,-0.000458583,-0.000321766,0.000332885,0.000371827,0.000190393,-0.000486135,0.000089654,0.000169408,0.000130632,-0.000621145,-0.000202181,0.00003713,0.000237838,0.000152069,-0.000138064,0.000233986,0.000156186,0.000195707,0.000114674,0.000123234,-0.000264362,-0.000223398,0.000123143,-0.000085269,-0.000124858,-0.000047327,-0.000262938,-0.000061163,-0.000080938,0.000130194,0.00014172,-0.000221839,0.000096339,-0.000259297,0.000238659,-0.000012417,0.000098897,-0.000118101,0.000019244,-0.000347255,-0.000000543,0.00051866,-0.000025539,-0.000035634,0.000194989,0.000305745,0.000824124,0.000822541,-0.000147532,-0.000231063,-0.000572638,0.000175036,-0.000289212,-0.000161671,-0.000339238,-0.000022085,-0.000111982,0.000340942,-0.000184594,0.000099636,0.000192669,-0.000185766,-0.000088433,-0.00000097,-0.000080614,-0.000182425,0.000078611,-0.000196712,-0.000134324,-0.000117666,-0.000259572,0.000048538,0.000056607,-0.000465336
733.529541,-0.000145097,-0.000141901,-0.000118241,-0.000125181,-0.000265198,-0.000249624,0.000243812,0.000162002,0.000070848,0.000001622,0.000072286,-0.000082277,0.000031624,-0.000209761,-0.000154893,0.000283149,0.00024465,0.000213849,-0.000141936,0.000285622,-0.000233955,-0.000015561,0.000190711,0.000184957,-0.000131899,0.000127439,0.000243039,-0.000108302,-0.000179017,0.000164238,0.000067892,0.000318285,-0.000071026,0.000136534,-0.000041539,0.00011264,-0.000256329,-0.00015353,-0.00000055,0.000325604,0.00004215,-0.000158158,-0.000281532,0.000116023,-0.000191616,0.000149276,0.000244971,0.000056519,-0.000066261,0.000058944,0.000191513,-0.000163986,-0.000201068,-0.000104447,0.000126032,0.00010943,-0.000091661,0.000147968,0.00009755,0.000048778,-0.000284713,-0.000095142,0.000082173,-0.00001314,0.000250949,-0.000049259,0.000195018,0.000094643,-0.000100084,-0.000485977,0.000222411,-0.000033259,0.000342212,0.000655061,0.000735998,-0.000319285,-0.000541405,-0.000417139,-0.000287631,0.000103541,-0.000032162,0.00016184,-0.000435751,0.000102938,0.000334368,-0.00013729,0.0002407,-0.000144192,0.000368701,-0.000036318,0.000172371,-0.000132257,-0.000520941,-0.000071422,-0.000032531,0.000058899,-0.000346623,-0.000096436,0.000283016,0.000087037,-0.000100499
734.1295776,-0.000458191,-0.000180666,-0.000009388,-0.000244838,-0.00008772,-0.000175558,-0.000358204,0.000144175,-0.000098143,-0.000174382,-0.000006856,0.000007479,0.000128042,-0.000166031,-0.000081538,0.000178962,0.000354545,0.000267732,-0.000249783,0.000171018,0.000071772,-0.000246428,-0.000166689,-0.000232657,0.000337096,-0.000040238,-0.000137059,-0.000121487,-0.000089879,-0.000173312,-0.000283229,-0.000020781,-0.000142315,0.000190903,0.000288089,0.000251427,0.000141491,-0.000172953,0.000127338,-0.000218298,0.000028554,-0.000225644,-0.000100665,0.000104109,0.000020047,0.000054038,0.000028765,0.000149416,-0.000128352,0.000134965,0.000229293,0.000057047,-0.00002641,-0.000052952,0.00005746,-0.000100408,-0.000196712,-0.000071997,-0.000056613,-0.000193145,-0.00011929,-0.00020266,0.000220164,-0.000368,0.000167724,0.000130414,0.000212902,-0.000161309,0.00019442,-0.000229821,0.000015948,0.000084056,0.000206411,0.0007646,0.000757848,-0.000017335,-0.000543072,-0.000368771,-0.000376004,-0.000168301,0.000040325,-0.00013237,-0.000497925,0.000243465,0.000331186,-0.000299175,0.00032707,-0.00019527,0.000499783,-0.000198665,-0.000151189,-0.000012821,0.000267686,0.00018999,0.000046837,-0.000141136,-0.000065059,-0.000105563,-0.000204097,0.000076145,0.000175546
734.7296143,-0.000107599,-0.000301066,-0.000280367,-0.000425813,0.000109837,0.000181065,0.000000568,-0.000146326,-0.000164163,0.00015001,0.000046648,-0.000186903,-0.00038672,-0.000111017,-0.000168747,-0.000051234,0.000474369,-0.00003387,-0.000353154,-0.000170448,0.000039429,-0.000017634,-0.000236133,0.000082373,0.000409741,-0.000347145,0.000096421,-0.000033649,0.000096687,0.000410726,0.000027185,-0.000394234,-0.000163899,-0.000184066,-0.000084148,0.000202819,-0.000065161,-0.000064156,-0.000042279,-0.000234493,0.000507556,0.000115879,0.000125197,0.000194991,0.000103583,-0.000008143,0.00021233,0.000186247,-0.000108068,0.000312569,0.000282124,0.000074666,0.000046621,0.000005139,0.000138814,-0.00005541,-0.000201232,-0.000102985,-0.00045052,-0.000096647,0.000111814,0.000121156,0.000484525,-0.000072965,0.000469728,-0.000084155,-0.000248861,-0.000259953,-0.000112421,-0.000112495,0.000050885,0.000306485,-0.000169994,0.000502902,0.000659814,-0.000464749,-0.000362651,-0.000199851,-0.000448873,-0.000330726,0.000120944,-0.000426928,-0.000532137,-0.000065467,0.00003063,-0.000038373,-0.000130032,-0.000097189,-0.000170053,-0.00039543,-0.000067792,-0.000337889,-0.00013202,0.000149718,-0.000127751,0.000106199,-0.000452151,-0.000152064,-0.00002589,-0.000291926,0.000226429
735.3297119,-0.000226789,-0.00011824,-0.000213494,0.000015476,0.000154736,-0.000218537,0.000165627,-0.000131904,-0.000056407,0.0000647,-0.000085169,-0.000084549,-0.000440917,0.000096321,0.000157126,-0.000078897,-0.000145933,-0.000140763,-0.000333447,0.00001393,-0.000143387,-0.000088321,-0.000072405,0.000423089,0.000058776,-0.000417428,-0.000148687,0.000001039,0.000024286,0.000291861,-0.000081987,-0.000024264,-0.000474318,0.000255987,-0.000485948,0.000098635,0.00003805,0.000318283,0.000066978,-0.00026011,0.000030575,0.000102343,0.000244377,-0.000113293,-0.000015076,0.000262816,0.000038406,-0.000070869,0.000026328,0.000271505,-0.000127704,-0.000030627,-0.000083524,-0.000013544,0.000087094,0.000074118,0.000169384,-0.00023505,-0.000499318,-0.000030328,0.000283841,0.000334384,0.000415172,-0.000061159,-0.000010179,0.000172945,-0.000154302,0.000070774,0.000525188,0.000125597,0.000275074,0.000140814,-0.000181294,0.00065215,0.000937402,-0.000260215,-0.000494555,-0.000917159,-0.000276867,-0.000134806,0.00012764,-0.000235032,-0.000208003,0.00005552,0.000051577,-0.000272099,-0.000242681,0.000042277,-0.000143228,-0.000117015,-0.000215732,0.000042329,-0.000137068,0.000220181,-0.000069632,-0.000053654,-0.000367047,-0.000055465,-0.000125954,-0.000368656,-0.000165182
735.9298706,-0.000397286,0.000264783,0.000175486,-0.00012196,-0.000397595,-0.000347773,-0.000058769,0.000075265,-0.000121992,-0.000045559,-0.000029641,0.000064071,-0.00018731,0.000291346,-0.000069293,0.000307149,-0.000279442,-0.000365142,0.000218497,0.000041531,-0.000051637,-0.00028173,-0.000027301,-0.000369868,0.000035743,-0.000147138,-0.000020187,0.000010452,0.000042909,0.000172015,0.000029635,0.000046897,-0.000289554,0.000069333,-0.00030362,-0.000101516,0.000086356,0.000004222,0.000053183,-0.000212709,0.000180606,-0.000193888,0.00059791,-0.000146525,0.000057642,0.000194239,-0.000091664,-0.000058406,0.000235821,0.000412288,-0.000263006,0.000186318,-0.000235811,-0.000034224,-0.000064909,0.00006492,0.000257989,0.00017709,-0.000025094,0.000146569,-0.000114888,0.000166378,0.000131609,-0.000119059,-0.000106739,0.000171759,-0.000080946,-0.000010932,0.000548254,0.000402458,0.000185257,-0.000156366,0.000177801,0.000956969,0.000931025,-0.000360933,-0.000928033,-0.000632628,-0.000102916,0.000300247,0.000021647,-0.000160557,-0.000005987,-0.000040741,0.000168969,-0.000284837,0.000025243,-0.000289866,-0.000252496,-0.000299591,-0.00034908,-0.000230917,-0.000337947,-0.000006671,-0.000006669,-0.000266985,0.000041455,0.000058869,0.000107284,-0.000061276,0.000116232
736.5300293,-0.000365166,0.000282658,-0.000160011,-0.000030698,-0.000071228,-0.000098137,-0.000186875,0.000331978,-0.000181956,-0.000289005,-0.000354999,0.000121206,0.00020128,0.000053565,-0.00020677,0.000151777,0.000075689,-0.000022003,0.000135273,0.00012173,0.000251282,-0.000171232,0.000093273,-0.000145632,-0.000201569,-0.000205992,0.000113284,-0.000344069,-0.000079558,0.000182221,0.000086455,0.000054524,-0.000349455,-0.000061357,0.000161517,0.000337876,0.000012608,-0.000106593,-0.000134424,0.000114794,0.000196671,-0.000108437,0.000252152,0.000112879,0.000032564,0.000175897,0.000156039,-0.000081145,-0.000113372,0.000013584,0.000078109,-0.000064942,-0.000046068,0.000157983,-0.000221372,-0.000175973,-0.000223383,0.000282476,0.000122954,0.000041973,-0.000314804,0.000117509,-0.000291486,-0.000187121,-0.000099717,0.000055385,-0.000153631,-0.000121877,0.000278691,-0.00024663,-0.000148775,0.000026949,0.000111068,0.001095009,0.001175874,-0.000288423,-0.000545418,-0.000658181,-0.000236377,0.000096275,-0.000048783,-0.000138647,-0.000158999,-0.000017658,0.000365564,-0.000127679,0.000029846,-0.00025428,-0.00016909,-0.000052859,0.000185445,-0.000042287,-0.000204154,-0.000143059,-0.000161423,-0.000050316,0.000052403,0.000164557,0.00025232,0.000158564,0.000233053
737.130249,-0.000157106,-0.000105179,-0.000443654,0.00001484,0.000076104,-0.000020909,-0.000211271,0.000491379,-0.000244517,-0.000184326,-0.000332608,-0.000084666,-0.000097822,0.000142521,-0.000076371,-0.000061728,0.000458713,-0.000161545,-0.000012637,0.000211985,0.00024609,-0.000174181,0.00014818,-0.000092806,0.000219824,0.000089184,0.00007838,-0.000207065,0.000063209,0.000353746,-0.000167592,0.000181814,-0.000164527,0.000003373,0.000632495,-0.000089044,-0.000311188,0.000076277,-0.000090909,0.000015214,0.000106609,0.000105558,-0.000086307,0.000074778,0.000233238,-0.00012621,0.000054202,-0.000052314,-0.000002954,0.000204687,0.000081343,-0.000140319,-0.000086051,0.000027995,-0.00043186,-0.000157283,0.000001233,0.000201772,0.000021414,-0.000100528,-0.000014944,-0.00007957,-0.000199251,-0.00038726,0.00000608,0.000115181,-0.000034005,0.00004829,-0.000134272,-0.000139277,-0.000168977,0.000067383,0.00009105,0.000971317,0.001024433,-0.000322789,-0.000522151,-0.000390331,-0.000839919,-0.000159298,-0.000085118,-0.00030369,0.000001075,0.000097695,0.000233824,-0.000027735,0.000159655,0.000028287,-0.000037553,0.000296421,0.000082569,0.00008255,0.000041579,-0.000087871,0.00002026,0.000132558,-0.000020116,0.000160272,-0.00014707,-0.000083873,0.000356088
737.7304688,0.00017756,0.000154701,-0.000276741,-0.000106143,0.000084484,0.000180163,-0.000095983,-0.000093159,-0.000117835,-0.000279599,-0.000116788,-0.000190892,-0.000228543,-0.000045106,0.000040073,0.000099886,0.000448844,-0.000219278,0.000011134,-0.000023279,0.000069302,-0.000130046,-0.000146707,0.000120832,-0.000046544,0.000055596,0.000066213,0.000035785,-0.000036135,0.000070779,-0.00025908,-0.000094841,0.0001021,0.000004619,0.000075373,0.00005093,-0.000219211,0.000399162,-0.000029189,0.000088241,-0.000025656,0.000298374,0.00027891,0.000126674,0.000352059,0.000054664,-0.000004615,-0.000084758,0.000039652,0.000275137,-0.000048027,0.000012259,0.000227191,-0.000055908,0.000083986,0.000285882,0.000102215,0.000233219,-0.000187098,0.000066651,0.000057615,-0.000121335,0.000114261,-0.000176876,0.000284828,-0.000013488,-0.00003403,0.000038201,-0.000058659,-0.000023922,-0.000091416,0.000287683,0.000398641,0.000786204,0.001189486,-0.000510604,-0.000711359,-0.000733967,-0.000298956,-0.000255151,-0.000390373,-0.000133504,0.000151731,0.000076476,-0.000153538,-0.00020713,-0.00010599,0.00031447,0.000044135,0.000201704,0.000063821,-0.000204371,-0.000370008,0.000019255,0.000092586,0.000017738,0.000096331,-0.000058141,0.000114519,-0.00016164,0.000251966
738.3308105,0.000026443,0.0001637,-0.00023655,-0.000171593,0.00002973,0.000112785,0.00005975,-0.000006254,-0.000185157,-0.000074667,0.000100113,-0.000046457,-0.000012475,0.000031201,-0.000006709,-0.000114901,0.000263973,0.000377028,-0.00019726,-0.000136139,0.000070977,-0.00006934,0.00002466,0.000167872,-0.000182373,-0.000049621,-0.000064848,0.000077289,0.000097352,0.000208955,-0.000140982,-0.000137585,0.000046771,-0.000232173,-0.000210065,0.00006723,0.000087608,0.000152629,-0.000091517,0.000009411,0.000221367,0.000163412,0.000096638,0.000091187,0.000415659,-0.000078728,0.000074954,-0.000043201,-0.000007555,-0.00011839,0.00015307,0.000017761,0.000178872,-0.00010396,0.000295194,-0.000112811,0.00006653,0.000216595,-0.000139182,0.000205681,-0.000251603,0.000079715,0.000011837,0.000081567,0.000180513,-0.000102154,-0.000055194,0.000248434,0.000067901,0.000263355,-0.000058181,-0.000092615,0.000004912,0.000705411,0.001297463,-0.000000186,-0.000410005,-0.000724609,0.000026629,-0.00003784,-0.00024485,-0.00008238,0.000065424,-0.000129821,-0.000080975,-0.000195784,-0.00024597,0.000175344,0.000177841,-0.000168042,-0.000035179,0.000153103,-0.00023298,-0.000046649,0.000180675,0.000169983,0.00001723,0.000134926,-0.000144641,-0.000247158,-0.000042487
738.9311523,0.000017392,0.000453017,0.000047786,-0.000025081,0.000025344,-0.000252342,-0.000135876,-0.000088837,-0.000109863,0.000031596,0.000045359,-0.000043468,0.000041889,0.000104584,-0.000066031,0.000314397,-0.000338123,0.000004589,0.000124914,-0.000066725,0.000183604,-0.000131158,-0.000044689,-0.000029156,0.000208429,-0.000062195,-0.000044129,0.00003756,0.000119075,0.000088344,-0.000070146,-0.000133462,-0.00015527,-0.000162714,-0.000240161,0.000110665,-0.000127962,0.00018442,-0.000162911,0.000048729,0.000066525,-0.000088937,0.000171074,-0.000118956,0.000006702,-0.00024728,0.000193761,-0.000099431,-0.00001475,-0.000199406,0.000154627,0.000081474,0.00014051,-0.000065037,0.000086408,-0.000018449,-0.000030361,0.000127473,0.000176599,0.000094751,-0.000149489,-0.0001137,-0.000066336,-0.000079246,-0.000023077,-0.000107318,-0.000003504,0.00038846,0.000114414,0.000249821,-0.000063535,-0.00002869,0.000078476,0.000868169,0.001058756,0.000032333,-0.000370311,-0.000444122,-0.000080723,0.000047616,-0.000013798,-0.00032383,-0.000081614,-0.00011355,0.00015032,0.000026361,-0.000192042,-0.000138563,0.000015062,0.000004967,-0.000147189,0.000016714,0.000008652,0.00011763,-0.000067335,-0.000204143,-0.000105981,0.0002292,0.000109302,-0.000290293,-0.000169412
739.5314941,-0.000272258,0.000176971,0.000139146,-0.00000857,0.000086233,-0.000189107,-0.000111597,0.00004129,-0.000123512,-0.000177044,-0.000152404,-0.000234819,0.000292674,0.000101423,-0.000261135,0.00040041,-0.000179568,-0.000038943,0.000200386,0.00007388,0.000023175,0.000042522,0.000007724,0.000066841,0.000087565,0.000065552,0.000254903,-0.000119779,-0.000142135,-0.00013805,-0.000158483,0.000162348,-0.000048314,0.000061562,-0.000022987,-0.000019425,-0.000154648,0.000043222,-0.000136461,-0.000327816,-0.000106907,-0.000109975,-0.000050126,-0.000228082,-0.000104572,-0.000029574,0.000155812,0.000012466,-0.000017922,-0.000127042,-0.000008235,-0.000159838,-0.000073046,0.00009535,0.000100546,-0.000101046,-0.000339891,-0.000144148,0.000133825,-0.000137082,-0.000271999,0.000242062,-0.00016157,-0.000020051,0.000110751,-0.00019938,0.000122021,0.000066424,-0.000030095,-0.000260598,-0.000002555,0.000115069,0.000136257,0.000931274,0.00100648,-0.000121557,-0.000546366,-0.000501808,-0.000266693,-0.000281318,-0.000080953,-0.000222189,-0.000195793,0.000039649,0.000056118,0.000052644,0.000012348,-0.000238932,0.00001225,-0.000078878,-0.00018378,-0.00001749,0.000057018,0.000233032,-0.000066439,0.000080988,-0.000097515,0.000229055,0.000179948,0.00021613,0.000134375
740.131958,-0.00007031,0.00000962,0.000015894,-0.000231028,0.000091816,-0.000018707,-0.000066761,0.00031764,0.000005734,-0.000080453,-0.000102225,-0.000035174,0.000029074,-0.000279298,-0.000140178,0.000169832,0.000000496,0.000068741,-0.000138425,-0.000042337,0.000275792,0.000052794,-0.000025424,0.000038677,-0.000080815,-0.000038933,0.000377088,-0.000093609,-0.000141554,-0.000283903,-0.000197274,-0.000031146,0.000056426,0.000232353,-0.000120749,-0.000054739,0.000054773,0.000155841,0.000098973,-0.000207863,0.000074331,-0.000161155,-0.000222768,-0.000135807,0.000085197,-0.000053706,-0.000182603,0.000083188,-0.000000871,0.000063957,-0.000246808,-0.000009362,-0.000215968,-0.000106478,-0.000122123,-0.000013503,-0.000201514,-0.000169469,-0.00001202,-0.000075994,-0.000108118,-0.000228733,0.000122762,-0.000062551,0.000009907,-0.000235881,0.000097419,0.000031744,-0.000339914,-0.000002865,-0.00000075,0.000242058,0.000068282,0.000667828,0.001138047,0.000111798,-0.000426434,-0.000390107,-0.000253668,-0.00006154,-0.000246015,-0.00017274,-0.000139333,-0.000166446,-0.000007347,-0.000058511,0.000105133,0.000050377,0.000150137,-0.000043033,-0.000120586,0.000057485,0.000070636,0.000053016,-0.000072945,0.000060657,-0.000052333,0.000056474,-0.00002328,-0.000152977,0.00021974
740.7324219,0.000176241,-0.000205678,0.000018891,-0.000219533,-0.000062627,0.000222091,0.00003061,0.000116849,-0.000034125,0.000136653,-0.000049443,-0.00010237,0.000040926,-0.000060215,0.000094622,0.000254698,0.000031196,0.000103304,-0.000037826,-0.000035833,0.000295216,-0.000142298,0.00017164,-0.000047109,0.000042579,-0.000130262,0.000013096,0.000173418,0.000103952,-0.000043572,-0.000202338,-0.000083737,0.0000202,-0.000009267,-0.000049671,-0.000190989,-0.000221209,0.000160957,0.000089902,-0.0000261,0.000088142,0.000034413,-0.00028554,-0.000005057,0.000208438,-0.000044839,-0.000065039,0.000075002,0.00007681,0.000252146,-0.000126527,0.000090314,0.00004821,-0.000004633,-0.000108376,-0.000092671,-0.000123198,0.000101216,0.000144072,0.000094114,0.0002651,0.000060801,0.000280295,-0.000054449,0.000280816,-0.000125128,0.00017206,-0.000014303,-0.00023299,0.000125961,0.000048025,0.000049298,0.000061328,0.000643308,0.001068227,-0.000024416,-0.000310269,-0.000415827,0.000061664,-0.000224871,-0.000113401,-0.000044406,0.000012661,-0.000031642,-0.000123641,0.000126364,-0.000033835,0.000194963,0.000282249,0.000169475,0.000076031,0.000101985,0.000225046,0.000150723,0.000044661,0.000023362,-0.000130242,0.000011528,-0.000045242,-0.000199146,0.000052163
741.3329468,0.000248576,-0.000065347,-0.000051067,0.000027752,-0.000049163,0.000099523,0.000014214,-0.000158381,-0.000224473,-0.000055184,0.00009073,0.000107296,0.00013435,0.000024526,0.000046048,0.000009037,-0.00004815,0.000094827,-0.000008991,0.000089818,0.000169657,0.0000064,0.000169731,0.000088169,-0.000208926,0.000211055,-0.000006286,0.000095623,0.000395562,0.000152882,-0.000118863,-0.000132491,0.000057014,0.000164682,0.000009675,-0.0000719,-0.000088065,0.00020387,0.000249419,0.000045738,0.000166149,0.000069613,-0.000084415,0.000027694,0.000054583,0.000008687,-0.000077764,-0.00007162,0.000096894,0.000197543,0.000057237,0.000236845,0.000047948,0.000084044,-0.000043336,0.000218544,0.000151038,0.000126911,0.000155678,0.000009799,0.000270577,0.000364974,0.000148839,-0.000041613,0.000088817,0.000053282,-0.000138369,0.000261811,0.000065066,0.000113453,0.000097653,-0.000022824,0.000124186,0.000606015,0.00111535,-0.000117995,-0.000225032,-0.000255016,-0.00001313,-0.000407132,-0.000079575,-0.000080715,0.000129069,0.000014707,-0.000124629,0.000142934,-0.000113103,0.000102848,0.000159898,0.000190135,0.000013524,0.000296803,-0.000081669,-0.000019267,0.00008095,-0.000050607,-0.000116771,0.000081581,0.000011768,-0.000141447,-0.00007738
741.9334717,0.000032393,0.000238867,0.000110625,-0.000027614,-0.000133896,-0.000020149,0.000010673,0.000030026,-0.000031542,-0.000023347,-0.000030046,0.000102236,0.000020472,-0.000016265,-0.000122527,0.000005474,-0.000151343,-0.000155303,0.000195765,-0.0000598,0.000121379,0.000092058,-0.000071858,0.00020172,-0.000144552,0.000225069,0.000176188,-0.000119678,0.000144216,0.000048442,-0.000108088,-0.000041945,-0.00001416,0.000036535,-0.000110549,0.000156322,0.00004459,0.000021257,0.000003772,0.00023289,0.000361514,-0.000043631,-0.000170595,0.000094438,0.000024467,0.000128157,0.000040855,-0.000107199,0.000116695,-0.000139249,0.000118211,-0.000106778,-0.000021768,0.000092699,-0.000092196,-0.000084821,-0.000124208,0.000015344,0.000180979,0.00019083,0.000141506,-0.000097318,0.000057571,-0.000146571,0.00000477,0.000066599,-0.000100286,0.000237598,0.000178255,0.000104323,0.000023051,0.000064065,-0.000033388,0.000541393,0.001098231,0.000024346,-0.000108755,-0.000553694,-0.000171352,-0.000243851,-0.000268173,-0.000288614,-0.000215173,-0.000101269,-0.000012559,0.000039171,0.000003752,0.000039527,0.00018458,-0.000074314,0.000106519,0.000086884,-0.000016985,0.000085516,0.000114907,-0.00005774,-0.000052254,0.000009097,0.000032646,0.00003553,0.000022768
742.5340576,0.000123627,0.000101615,-0.000038858,0.00006635,-0.000065034,0.00002509,0.00008195,-0.000089872,0.000048754,0.00004738,-0.000099834,-0.000054618,-0.000205112,-0.000083802,0.000067268,0.00017635,-0.00004459,0.000040803,0.000299994,0.000009402,0.00028532,0.000195835,-0.000101368,-0.000115933,0.000009413,-0.0001142,0.0001228,-0.000022843,-0.000186291,0.000023157,-0.000017925,0.000136608,0.000110574,-0.000026788,0.000143798,0.000314537,-0.000034699,0.000019116,-0.00019726,0.000047827,0.000106063,-0.000033819,-0.000195562,0.000151101,-0.000295194,0.000170831,0.00008302,0.000071103,0.000125445,0.00008285,-0.000011388,-0.000070542,-0.000195208,-0.000095181,-0.0000059,-0.000076757,-0.000079572,-0.000247255,0.0002279,0.000024328,0.000054268,0.000015152,0.000076761,-0.000248212,0.000002221,-0.000053225,-0.000114302,0.000140958,0.000107082,0.000043189,0.000050521,0.00004472,-0.00006556,0.000276893,0.001005024,0.000233102,-0.000390545,-0.00042223,-0.000364644,-0.00022112,-0.000236864,-0.000191372,-0.00016608,-0.000056228,0.000240332,0.0002773,0.000091293,0.000083245,0.000250319,-0.000036382,-0.000071621,0.000124391,0.000049511,-0.0002191,0.000160757,-0.000007311,0.000018142,-0.000217708,0.000179687,0.000171953,0.000056871
743.1347046,0.000029908,-0.00017901,0.000005959,-0.000044491,0.000081955,0.000102359,-0.000089329,0.000262538,-0.000104229,0.000171505,0.000190568,-0.000077805,-0.000189791,-0.000044133,-0.00008502,0.000000273,-0.000001643,0.000052348,-0.000031959,0.000168458,0.000134682,0.000230797,-0.000106677,-0.000045902,0.000078306,-0.000055307,0.000084001,-0.000135447,-0.000021351,-0.000042953,-0.000089525,0.000221299,0.000183308,-0.000010055,0.000229573,0.000132239,-0.000157942,0.000082748,-0.000202665,-0.000055418,0.000016459,0.000104361,-0.000162298,-0.000098541,-0.000077133,0.000143414,-0.000042097,0.000057395,0.000073563,0.000224604,-0.000203113,0.00007378,0.00031928,0.000095997,-0.000217374,-0.000054352,-0.000002964,-0.000063351,0.000062378,0.00001608,-0.000040129,-0.000150975,0.000161059,-0.000107879,0.000075472,-0.000163275,0.000036681,0.000047153,-0.000021502,0.000166452,-0.000125712,0.000089609,0.000028513,0.000216768,0.000978758,0.000093966,-0.000485838,-0.000330407,-0.000222659,-0.000133109,-0.000191179,0.000285487,-0.000065146,-0.000041346,0.000207389,0.000316649,0.00011056,0.00011484,0.000163268,0.000014145,0.00004616,-0.00007893,0.000054243,-0.000136707,0.000060067,0.000013648,-0.00000443,-0.000040478,0.000149663,0.000083118,-0.000083663
743.7353516,-0.000037759,-0.000084492,0.000106471,-0.000033092,0.000008809,0.000137419,-0.000091916,-0.000033741,-0.000047027,0.000042782,0.000036022,-0.000266524,0.000062379,-0.000281604,0.000146753,-0.000016613,0.000170717,-0.000218055,0.000026791,-0.000026219,0.000068448,0.000164272,-0.000014484,0.000329444,0.000152894,-0.000134525,0.000040368,-0.000242128,0.000075927,0.000001037,-0.000062159,-0.000068654,-0.000020855,-0.000007611,-0.000193751,-0.00010129,0.000001465,0.000112697,0.00011895,0.000051705,0.000102298,0.000058324,-0.000081105,0.000132725,0.000211205,0.000056059,0.000026503,0.000131012,0.00008339,0.000136342,0.000036151,-0.000045891,0.000157774,-0.000046161,-0.000192196,-0.00021601,-0.000042161,0.000003674,-0.000116594,-0.000191029,-0.0000711,0.000017696,0.000144634,0.0001938,0.000239343,0.000027718,-0.000051347,-0.00029619,-0.000092234,-0.000043612,0.000022405,0.000148992,0.000003464,0.000447648,0.000827876,0.000022052,-0.000511626,-0.000565597,-0.000204643,-0.000186354,0.000059122,-0.000171092,-0.000182091,-0.000117998,-0.000082444,-0.000006972,0.000075492,-0.000008214,-0.000013726,0.000192589,0.000285878,-0.0001193,0.000089812,-0.000038211,0.000138655,0.000068749,0.000030444,-0.000157582,0.000186427,-0.000165901,-0.000056997
744.3360596,0.000081772,0.000052041,0.000153181,0.000021469,-0.000040246,0.000045168,-0.000072196,0.000043657,-0.00024621,-0.000053702,-0.000182909,-0.000045051,0.000075802,0.000099087,-0.000070085,-0.000133433,-0.000011399,-0.000131359,0.000206118,-0.00004617,0.000050138,0.000058177,-0.000047583,0.000197782,-0.000063501,-0.000010845,0.000055041,-0.000049195,0.000082964,-0.000023767,-0.00001901,0.000079994,-0.000073461,0.000121071,-0.000116471,-0.000028174,-0.000071546,-0.000117266,0.000093666,0.000168007,0.000063823,-0.000019349,0.000252206,0.00002546,0.000169682,-0.000064707,0.000077984,-0.000083822,0.000121309,0.000194129,0.000074143,-0.000151914,0.000157961,-0.000147592,-0.000074132,-0.000112876,-0.000115764,-0.00024414,-0.00000936,-0.000008123,0.000045497,0.000147418,-0.000018026,0.000184546,0.000155896,0.000026954,0.00010761,0.000021583,-0.000047929,0.000004577,-0.000085481,0.000193651,0.000155753,0.000276302,0.000664882,-0.000154439,-0.000412905,-0.000535104,-0.000178576,-0.000136685,-0.000172585,-0.000218523,-0.000017428,0.000047082,0.000016271,-0.000105495,-0.000060673,0.000128121,0.000150484,0.000134695,-0.000012517,-0.00015037,0.000114978,-0.000134543,0.000120677,0.000015338,-0.000148554,-0.000071436,0.000207845,-0.000048798,0.000055798
744.9368286,0.000177538,0.00006438,0.000078521,0.000001628,0.000010092,-0.000200701,0.000053401,0.000138027,-0.000015825,0.000051863,-0.000204755,0.00000819,0.00020976,0.000120632,0.000115124,0.000183567,-0.000033755,0.000001191,0.000264148,0.000068554,-0.000088837,0.000028576,0.000055119,0.000171951,-0.000004034,0.000101774,-0.000090533,0.000097604,0.00013281,0.000020784,0.000093658,-0.000028003,-0.000080272,0.000066919,-0.000200174,0.000058736,-0.000003287,0.00003515,-0.000033819,0.000096471,-0.000028588,-0.000093025,-0.000053286,0.00018852,0.000067686,-0.000010948,0.000121636,0.000009855,0.00017951,0.000094406,-0.000028797,-0.00011432,0.000179546,-0.00000273,-0.000164761,-0.000016416,-0.000076125,-0.000172743,-0.000004668,0.000086004,0.000050197,-0.000141017,0.000122129,-0.000097427,-0.000061833,0.000162362,0.000085881,-0.000126197,0.000157703,0.000060258,0.000110806,0.000128979,-0.000064171,0.000320481,0.000575447,-0.000188275,-0.000441035,-0.000240962,-0.000132001,0.000148238,-0.000280662,-0.000085723,-0.000072693,0.00023048,0.000095381,0.000176639,-0.00001942,0.00005229,0.00021877,0.000070506,0.000012761,0.000044576,0.000106176,0.000001146,0.000020832,0.000050156,0.000092669,0.000078635,0.000164625,-0.00006562,0.000042493
745.5376587,0.000169244,0.000106494,-0.000077952,0.000094468,-0.000060732,-0.000051915,0.00000554,0.000177416,0.000007076,0.000046522,0.000005996,-0.000137424,0.000243141,-0.000088851,-0.000029223,0.000151053,-0.000144993,0.000079164,0.000204869,0.000068898,-0.000143033,0.000116649,0.00013881,-0.000132017,0.000078493,0.00011496,-0.000068226,-0.000130961,0.000065944,-0.000081152,0.000049646,0.000069883,0.00006103,0.000186953,0.000007968,0.000189347,-0.000198553,-0.000095431,0.000082887,-0.000057008,0.000044155,-0.000106219,0.000033216,0.000061725,-0.000070564,-0.000006149,-0.000027498,0.00018612,-0.000078611,-0.000080696,-0.000036498,0.000148315,0.000076464,0.000076067,0.000061887,0.000001145,-0.000091419,0.000071463,0.000047025,0.00009109,0.000152229,-0.000159233,-0.000086322,-0.000006586,-0.000099516,-0.000003805,0.000086784,-0.000135422,0.000046115,-0.00007673,0.000012963,0.00008459,0.000069755,0.000271642,0.00064474,-0.000016896,-0.000364321,-0.000273184,-0.000248993,0.000030622,-0.000167176,-0.000103289,0.000021983,0.000018596,0.000001409,0.000053619,0.000204406,0.000115008,0.00003041,0.000138422,-0.000027695,0.000099286,0.000081128,-0.000005227,0.000339591,-0.000031017,0.000183412,0.000188665,0.000203629,0.000195142,0.000142978
746.1384888,-0.000048138,-0.000005171,-0.000199711,-0.000086443,0.000013259,-0.000009635,0.00010636,0.000192672,0.00004079,0.000222411,0.000073634,-0.000007725,0.000148481,-0.000149075,-0.000182113,0.000002853,-0.000036416,0.000043077,0.000187151,0.000140446,0.000046584,0.000046151,0.000071313,0.000107456,0.000106777,0.000068166,-0.000009384,0.000025444,0.000010909,0.00011612,-0.000068435,0.000232129,0.00012261,0.000120686,0.000170934,0.000197747,-0.000062562,0.00008696,-0.000097507,0.000093679,-0.000029801,-0.000038195,-0.000080941,0.000075851,0.00015466,-0.000059649,0.000071134,0.000066499,-0.000079576,0.00015229,-0.000069551,0.000139477,0.000023587,-0.000019642,0.000091165,-0.000115534,-0.000051921,0.000102396,0.0002131,0.000041651,0.000162008,-0.000205686,-0.000140549,0.000064055,0.000049176,-0.000117928,0.00016511,0.000040885,-0.000024313,-0.000018648,-0.000110376,0.000168672,-0.00002274,0.00026157,0.000638284,0.000006168,-0.000324251,-0.000163433,-0.000266119,-0.000020158,-0.000180568,0.000062088,0.000120126,-0.00009344,-0.000079468,-0.000075789,0.000203359,0.000173383,0.000041917,0.000069938,0.000038485,0.000184967,0.000081011,0.000055097,0.00021994,-0.000070177,0.000188487,0.000085974,-0.00000096,-0.000049895,-0.000070802
746.7393799,0.000058888,0.000199064,0.00001324,-0.000116539,0.00014503,0.000137889,0.000151363,0.000152945,-0.000086108,-0.000051593,-0.000006417,-0.000098791,0.000001609,0.000030323,0.000007806,-0.000029317,0.000134486,0.000023295,0.000227821,-0.000065525,0.00013251,-0.00003626,0.000024793,0.000281312,0.000014277,-0.000052878,0.000108626,-0.000032789,0.000094546,0.00021177,-0.000017969,0.000232029,-0.000065415,0.000119185,-0.000112729,0.000128848,0.000039651,0.000079273,-0.000318991,-0.00020242,0.000039783,0.000139028,-0.000081549,0.000018177,0.000043353,-0.000014205,-0.000051096,0.000035176,0.000192525,0.000144293,-0.00002218,0.000032639,0.000140067,-0.000123218,-0.000249089,0.000053375,0.00010214,-0.000106326,-0.000012587,0.000008278,0.000091489,-0.000037486,0.000103081,0.000089045,0.000268732,0.000272526,-0.000003253,0.000022263,-0.000056392,0.000142417,-0.000063168,0.000294212,-0.000124235,0.000184237,0.000856062,-0.00009032,-0.000485687,-0.000357405,-0.000289564,-0.000208231,-0.00028498,0.000065733,0.000295621,-0.000041205,-0.000041389,-0.000089772,0.00000976,0.000362202,0.000085765,0.000092318,-0.000082186,0.000095807,-0.000071653,-0.000136899,0.000223605,0.000086311,-0.000000862,-0.000066,0.000151446,-0.000104217,0.000138567
747.340271,-0.000023473,0.00009927,-0.000123042,-0.00005894,0.000005129,-0.000070102,-0.000017719,0.00007549,-0.000064034,0.000087815,0.000150437,0.000010078,-0.000013463,0.000021781,0.00017574,-0.000031257,-0.000126334,-0.000116906,0.000208353,0.000040159,-0.000043365,-0.000104049,0.00023459,0.000269998,0.00004691,-0.000026513,-0.000020765,-0.000039805,0.000149809,0.00011864,-0.000109331,0.000038335,-0.000037264,-0.000002133,-0.000110651,0.000009005,0.000060449,0.000071874,-0.000052057,0.000043962,0.000120547,0.000107464,0.000124933,-0.00006199,0.000030366,-0.000179454,0.000122918,-0.00002787,0.000083724,-0.000080404,-0.0000875,-0.000131828,0.000004007,-0.000202505,-0.000220206,-0.000050659,0.000045549,-0.000178504,0.000079252,-0.000014595,-0.000084346,-0.000043744,0.000198697,0.000052646,0.000016577,0.000278561,-0.000197111,0.00005905,-0.000066024,0.000152622,0.000188681,-0.000122422,0.00005259,0.000583665,0.000941366,0.000180969,-0.00034956,-0.000372899,-0.000054316,-0.000102916,0.000068155,-0.000228812,0.000039793,-0.00020677,-0.000017003,-0.000170792,0.000024835,0.00004441,0.000006396,-0.000008654,-0.000070575,0.000184573,-0.000012021,-0.000213637,0.000058589,-0.000021834,0.000040581,-0.000135321,0.000059843,-0.000157714,-0.000099361
747.9412842,-0.000094719,0.000076591,0.00013004,-0.00016244,-0.0000681,-0.000149873,0.000053252,0.00019164,-0.000044525,0.00007598,0.000027165,0.000101182,0.000104986,-0.000083211,-0.000072978,0.000077248,-0.000138741,-0.000207982,0.000043882,0.000028454,-0.000134611,-0.000173862,0.00022977,-0.000024259,0.000120756,0.000008607,0.000153737,-0.000111598,0.000146805,-0.000085949,-0.000013999,-0.000101556,0.000309489,-0.000062432,-0.000110294,0.000058693,0.000014797,0.000085317,-0.000125263,0.000080067,0.000051773,0.000060838,0.000017011,-0.000009318,0.000064068,-0.000021951,0.00024397,-0.000118904,-0.000011737,-0.000157116,-0.000074361,0.00002713,-0.000079528,-0.00018434,-0.000172004,0.000025762,-0.000015693,-0.00011025,0.00017343,-0.000019181,-0.000019265,0.000077851,0.000075596,0.000071441,0.000243268,0.000045014,-0.000162817,-0.000016545,0.000002942,0.000104671,-0.000026798,-0.000015589,-0.000057249,0.000627528,0.000781911,0.000195941,-0.000323445,-0.000408925,-0.000139078,-0.00004159,0.000052268,-0.000199929,-0.000159244,-0.000198191,-0.00006478,-0.000109597,0.000165991,-0.000006916,-0.000106471,0.000105678,0.000096814,0.000057663,-0.000010594,-0.000055463,0.000151264,-0.000079803,0.00005227,0.000048201,0.000040038,-0.000133915,-0.000238752
748.5422974,-0.000186785,-0.000003657,0.000004922,0.000021496,-0.000037614,0.000120648,0.000115803,0.000307199,0.000058745,0.000036558,-0.000081136,-0.000052556,0.000163292,0.000003408,-0.000168568,0.000050809,0.000038542,0.000009351,0.000044124,-0.00011657,-0.000076619,-0.000058016,0.000022562,0.000108109,0.000144807,0.000219153,0.000089873,0.000014327,-0.000036202,-0.000040322,-0.000140678,-0.000009158,0.000138455,-0.000035897,0.00000509,-0.000243526,-0.000175362,0.000095276,-0.000162869,-0.000060153,0.000042257,0.000006149,-0.00009589,-0.000106871,-0.000020869,-0.000181771,0.000043247,0.00005254,0.000015235,-0.00017375,0.000189635,0.000260107,-0.000090972,0.000068216,-0.000238568,-0.000069141,0.000042168,-0.000179661,0.00014684,-0.000083093,0.000083529,0.000084964,-0.000052224,-0.000093641,0.000145095,0.000044422,-0.000171016,0.000144662,-0.000086188,0.000272023,0.000051279,0.00000145,-0.000037111,0.00039402,0.000792083,0.000012343,-0.000463416,-0.000291137,-0.000358756,0.000015681,-0.000094546,-0.000104319,0.000008058,0.000013782,0.000170832,0.000117874,0.000053367,0.000075121,-0.000055781,0.000166046,0.000000262,0.000085986,-0.000156191,0.000059214,0.000217512,-0.000074502,0.000122124,-0.000149573,-0.000068548,0.000055219,-0.000057227
749.1433105,0.000290363,-0.00019769,-0.000088629,0.000071264,-0.000069397,0.000033927,-0.000027217,0.000100336,-0.000037844,-0.000053914,0.000090213,-0.000123009,-0.000050039,-0.000041701,-0.000101176,0.000010063,0.000065244,0.000165173,0.000016388,-0.000224317,0.000017962,-0.000070477,0.00012133,0.000114832,-0.000023303,0.000015482,0.000037928,0.000178058,0.000018795,-0.000049233,-0.000189761,0.000067934,0.00011873,0.000000031,0.000004657,-0.000020525,-0.000060252,0.000106437,-0.000131699,-0.000009359,-0.000073335,0.000011861,-0.000106997,0.000031988,-0.000168504,-0.000007489,-0.000021286,0.000056697,0.000063928,0.000062886,0.000115287,0.000000281,0.000119473,0.000156343,-0.000083548,0.000039549,0.000005705,-0.000067229,0.000129827,0.000084487,-0.0000145,-0.000113634,-0.000031557,-0.000097531,0.000170655,0.000091008,-0.000065549,0.000040571,-0.000172355,0.000279696,-0.000020817,-0.000065764,-0.000026424,0.000298727,0.000958888,-0.000009915,-0.00032379,-0.00019704,-0.00014815,-0.000087703,-0.000017729,0.0000032,0.000122152,-0.000004031,0.000211469,0.000078963,0.000036543,-0.000049295,-0.000157914,0.000065986,0.000061623,-0.000008272,-0.000081176,0.000011968,0.000039336,0.000042997,0.000015209,-0.000066772,-0.000059385,0.000086172,0.000117261
749.7444458,0.000233009,-0.000058151,-0.000042013,-0.000092658,-0.000135379,0.000191882,0.000131775,-0.000070113,0.000028052,0.00010806,0.000193818,-0.000124045,0.000086288,-0.000121284,0.000032734,-0.00008279,0.000239482,0.000234241,0.00000941,0.000035518,-0.000195494,-0.000012281,0.000230104,0.000044092,-0.000142774,0.00002574,0.000028931,0.000036274,-0.000063242,0.0000126,-0.00011045,0.000169854,0.000230375,0.000020091,-0.000042852,-0.000048557,0.00006006,0.000113069,-0.000183931,0.000002094,-0.000048467,0.000026351,-0.000056902,0.000182022,-0.000052867,0.00000258,0.000084678,0.000052749,0.000029681,0.00019817,0.000007774,0.000037523,0.000070808,0.000027354,-0.000232624,0.000154298,0.00011884,-0.000141329,0.000158526,0.000079549,0.000248326,0.000001138,0.000145678,-0.00003399,0.000221348,0.000108992,0.000022872,-0.00005994,-0.00006847,0.000000095,0.000018524,0.000250962,-0.000112257,0.00044343,0.001161178,-0.000037762,-0.000343163,-0.000280145,0.000003066,-0.000097463,-0.000090419,-0.000016176,0.000253865,-0.000076303,-0.00005132,-0.000098011,0.000123001,-0.000049334,0.000089539,0.000323118,-0.00001966,0.000070174,-0.000008715,0.000096958,0.000058912,0.000117318,0.000117043,-0.000163177,0.000029072,-0.000172894,0.000193058
750.3455811,0.000233122,-0.00000519,0.000188203,-0.000155926,-0.000018287,-0.000018829,-0.000043745,0.000029362,-0.000000858,0.000086713,0.000096628,-0.000153161,0.000070305,-0.00006356,0.000139087,0.000068279,-0.000065079,0.00001346,0.000288097,-0.000020697,-0.000065262,-0.000015543,0.000266412,0.000069143,-0.000159128,0.000068444,-0.000007605,0.000152203,-0.00011461,0.000054137,-0.000133085,0.00026808,0.000051287,-0.000091209,-0.000031231,0.000081177,0.000044003,0.000181637,-0.000145219,-0.00017027,-0.000036045,0.000159931,-0.000102577,-0.000007691,0.000295749,-0.000027394,-0.000054669,-0.000090539,0.000031323,0.000127991,-0.000019568,-0.000023405,0.000105132,-0.000113028,-0.000057427,0.000149051,0.000104495,-0.000170076,0.000062882,0.000184603,0.00006479,0.000149666,0.000274516,0.00001366,-0.000018827,0.000034721,-0.000137237,0.000097896,0.000014396,0.000162812,0.00018238,-0.000083659,-0.000159108,0.000601453,0.00111572,-0.000124954,-0.000619861,-0.000202542,-0.000194143,-0.000079345,0.000044759,-0.000213699,0.000027436,0.000044817,0.000121674,-0.000006951,-0.000020369,0.0000905,0.000147678,0.000267983,0.00011859,0.000073601,-0.00005752,0.000025412,0.000128,0.00011344,0.00011749,0.000016422,0.000169402,-0.000150226,0.000150359
